CO(GT),C6H6(GT),NOx(GT),NO2(GT),T,RH,AH,Cluster
2.6,11.9,166.0,113.0,13.6,48.9,0.7578,0
2.0,9.4,103.0,92.0,13.3,47.7,0.7255,0
2.2,9.0,131.0,114.0,11.9,54.0,0.7502,0
2.2,9.2,172.0,122.0,11.0,60.0,0.7867,0
1.6,6.5,131.0,116.0,11.2,59.6,0.7888,0
1.2,4.7,89.0,96.0,11.2,59.2,0.7848,0
1.2,3.6,62.0,77.0,11.3,56.8,0.7603,0
1.0,3.3,62.0,76.0,10.7,60.0,0.7702,0
0.9,2.3,45.0,60.0,10.7,59.7,0.7648,0
0.6,1.7,33.0,47.0,10.3,60.2,0.7517,0
0.6499999999999999,1.3,21.0,34.0,10.1,60.5,0.7465,0
0.7,1.1,16.0,28.0,11.0,56.2,0.7366,0
0.7,1.6,34.0,48.0,10.5,58.1,0.7353,0
1.1,3.2,98.0,82.0,10.2,59.6,0.7417,0
2.0,8.0,174.0,112.0,10.8,57.4,0.7408,0
2.2,9.5,129.0,101.0,10.5,60.6,0.7691,0
1.7,6.3,112.0,98.0,10.8,58.4,0.7552,0
1.5,5.0,95.0,92.0,10.5,57.9,0.7352,0
1.6,5.2,104.0,95.0,9.5,66.8,0.7951,0
1.9,7.3,146.0,112.0,8.3,76.4,0.8393,0
2.9,11.5,207.0,128.0,8.0,81.1,0.8736,1
2.2,8.8,184.0,126.0,8.3,79.8,0.8778,0
2.2,8.3,193.0,131.0,9.7,71.2,0.8569,0
2.9,11.2,243.0,135.0,9.8,67.6,0.8185,1
4.8,20.8,281.0,151.0,10.3,64.2,0.8065,1
6.9,27.4,383.0,172.0,9.7,69.3,0.8319,1
6.1,24.0,351.0,165.0,9.6,67.8,0.8133,1
3.9,12.8,240.0,136.0,9.1,64.0,0.7419,1
1.5,4.7,94.0,85.0,8.2,63.4,0.6905,0
1.0,2.6,47.0,53.0,8.2,60.8,0.6657,0
1.7,5.9,122.0,97.0,8.3,58.5,0.6438,0
1.9,6.4,133.0,110.0,7.7,59.7,0.6308,0
1.4,4.1,82.0,91.0,7.1,61.8,0.6276,0
0.8,1.9,51.5,61.5,7.0,62.3,0.6261,0
0.7,1.1,21.0,32.0,6.1,65.9,0.6248,0
0.6,1.0,30.0,44.0,6.3,65.0,0.6233,0
0.8,1.8,56.0,71.0,6.8,62.9,0.6234,0
1.4,4.4,109.0,104.0,6.4,65.1,0.6316,0
4.4,17.9,307.0,141.0,7.3,63.1,0.6499,1
3.75,22.1,247.0,131.5,9.2,56.2,0.6561,1
3.1,14.0,187.0,122.0,13.2,41.7,0.632,0
2.7,11.6,216.0,143.0,14.3,38.4,0.6243,0
2.1,10.2,143.0,113.0,15.0,36.5,0.6195,0
2.5,11.0,160.0,116.0,16.1,34.5,0.6262,0
2.7,12.8,163.0,123.0,16.3,35.7,0.656,0
2.9,14.2,190.0,126.0,15.8,37.0,0.661,0
2.8,12.7,178.0,120.0,15.9,37.2,0.6657,0
2.4,11.7,150.0,119.0,16.9,34.3,0.6549,0
3.9,19.3,206.0,149.0,15.1,39.6,0.6766,1
3.7,18.2,202.0,145.0,14.4,43.4,0.7084,1
6.6,32.6,340.0,170.0,12.9,50.5,0.7478,1
4.4,20.1,274.0,149.0,12.1,53.3,0.7536,1
3.5,14.3,253.0,139.0,11.0,59.1,0.774,1
5.4,21.8,300.0,134.0,9.7,64.6,0.7771,1
2.7,9.6,193.0,113.0,9.5,64.1,0.7597,0
1.9,7.4,139.0,97.0,9.1,63.9,0.7423,0
1.6,5.4,83.0,82.0,8.8,63.9,0.7256,0
1.7,5.4,96.0,82.5,7.8,67.5,0.7173,0
1.35,6.2,109.0,83.0,7.0,71.1,0.7158,0
1.0,2.6,62.0,65.0,8.3,63.6,0.6982,0
1.2,2.9,53.0,60.0,7.2,67.5,0.6887,0
1.5,5.1,139.0,77.0,6.3,71.9,0.6932,0
2.7,11.8,256.0,96.0,6.5,71.6,0.6945,0
3.7,15.1,295.0,119.0,9.6,59.7,0.7124,1
3.2,12.9,250.0,126.0,12.4,51.2,0.7335,1
4.1,16.1,296.0,158.0,15.6,42.2,0.7451,1
3.6,14.0,239.0,161.0,18.4,33.8,0.709,1
2.8,12.3,153.0,124.0,19.4,31.3,0.695,0
2.0,8.6,118.0,102.0,18.0,34.8,0.7127,0
2.0,9.2,119.0,116.0,18.4,33.6,0.7042,0
2.5,10.2,138.0,124.0,17.6,35.1,0.7012,0
2.3,10.6,148.0,125.0,16.7,37.8,0.7117,0
3.2,15.5,227.0,148.0,16.1,41.0,0.7451,1
4.2,19.6,277.0,165.0,15.8,42.4,0.7569,1
4.2,19.2,279.0,161.0,15.7,44.1,0.7786,1
4.2,18.3,283.0,159.0,15.3,46.8,0.8091,1
3.1,13.1,214.0,143.0,14.6,48.6,0.806,1
2.6,10.9,172.0,130.0,14.7,49.3,0.8193,0
2.9,11.0,190.0,129.0,13.9,53.6,0.8498,0
2.8,11.9,174.0,119.0,14.6,51.5,0.8536,0
2.5,8.6,128.0,104.0,12.5,58.9,0.8537,0
2.4,9.7,99.0,93.0,11.6,63.4,0.8674,0
1.7999999999999998,5.2,70.0,82.0,12.1,61.1,0.8603,0
1.2,3.7,53.0,70.0,11.5,63.1,0.8533,0
1.0,2.5,44.0,63.0,11.6,62.2,0.8473,0
0.9,2.4,74.0,67.0,10.4,67.6,0.853,0
1.4,4.2,101.0,84.0,11.6,62.7,0.853,0
1.6,6.4,118.0,83.0,12.4,60.0,0.8627,0
2.2,8.6,144.0,98.0,14.5,53.1,0.8728,0
2.8,10.9,176.0,114.0,16.9,46.1,0.8789,0
2.8,10.7,161.0,119.0,19.3,38.3,0.8474,0
2.0,7.5,113.0,104.0,21.2,31.4,0.7812,0
1.8,7.5,103.0,102.0,21.4,30.2,0.7616,0
1.9,8.2,112.0,107.0,21.9,29.0,0.7525,0
3.0,11.9,170.0,129.0,22.2,28.4,0.7516,0
2.9,12.0,180.0,128.0,21.3,30.8,0.7696,0
2.5,12.2,160.0,121.0,19.7,36.7,0.8307,0
4.6,20.6,261.0,157.0,18.4,41.7,0.8732,1
5.9,23.1,325.0,173.0,17.6,46.1,0.921,1
3.4,14.7,217.0,146.0,16.7,49.6,0.932,1
2.1,9.0,146.0,121.0,16.3,51.0,0.9341,0
2.2,8.8,152.0,119.0,14.7,55.9,0.9314,0
1.8,7.4,104.0,99.0,14.8,54.7,0.9164,0
1.8,6.9,106.0,93.0,14.0,57.0,0.9094,0
1.8,7.0,108.0,88.0,13.4,61.3,0.9361,0
1.1,4.4,87.0,79.5,12.6,63.5,0.923,0
1.05,4.0,66.0,71.0,12.3,65.4,0.9351,0
1.0,3.9,88.0,74.0,11.9,67.4,0.9375,0
1.4,6.4,138.0,80.0,11.4,70.5,0.9475,0
2.2,9.7,228.0,89.0,11.3,70.2,0.9401,0
5.5,25.9,360.0,114.0,12.4,63.9,0.917,1
8.1,36.7,478.0,149.0,14.8,54.3,0.9076,1
5.8,26.6,394.0,157.0,17.4,45.6,0.8993,1
4.2,20.1,319.0,155.0,19.8,38.5,0.8801,1
3.1,14.1,201.0,134.0,22.0,34.1,0.8904,0
2.9,14.9,171.0,119.0,23.3,32.2,0.9096,0
2.9,15.4,159.0,111.0,23.9,30.0,0.8757,0
2.5,12.1,153.0,104.0,24.4,28.9,0.8736,0
2.3,11.5,143.0,99.0,24.4,29.4,0.8848,0
2.8,14.8,156.0,110.0,23.8,31.3,0.9137,0
6.1,32.1,314.0,162.0,22.5,35.4,0.9547,1
8.0,39.2,404.0,187.0,20.4,42.5,1.0086,1
6.5,31.0,320.0,165.0,18.3,52.6,1.0945,1
4.2,19.9,256.0,145.0,16.7,57.4,1.0786,1
3.2,15.3,193.0,125.0,15.7,60.2,1.0654,1
1.4,6.9,89.0,101.0,15.3,61.4,1.058,0
2.1,11.1,127.0,103.0,14.1,65.7,1.0494,0
1.2,5.4,79.0,88.0,14.8,60.6,1.0148,0
0.8,2.8,43.0,61.0,14.8,59.2,0.9879,0
0.7,2.3,51.0,60.0,13.6,62.1,0.9636,0
0.6499999999999999,2.6,59.0,59.0,12.3,66.2,0.945,0
0.6,2.0,38.0,52.0,12.8,63.2,0.9283,0
0.9,3.5,82.0,64.0,11.2,68.5,0.9081,0
1.3,5.1,99.0,70.0,11.0,66.5,0.8705,0
3.4,16.2,263.0,97.0,11.7,63.7,0.8719,1
3.7,19.7,229.0,95.0,13.6,56.3,0.8743,1
5.3,25.1,396.0,150.0,17.8,42.9,0.8672,1
4.1,20.0,314.0,162.0,21.4,33.3,0.8417,1
3.3,18.3,217.0,154.0,24.4,27.4,0.8231,1
4.0,22.3,252.0,161.0,25.3,26.1,0.8264,1
3.8,20.4,263.0,161.0,25.8,23.2,0.7589,1
2.8,14.6,180.0,128.0,27.0,20.2,0.7094,0
2.9,16.6,184.0,129.0,28.2,18.6,0.7014,0
2.9,15.8,190.0,133.0,28.0,19.1,0.7098,0
3.4,17.8,184.0,139.0,23.9,25.7,0.7519,1
3.9,19.1,181.0,137.0,21.3,34.8,0.873,1
3.2,15.8,166.0,143.0,20.4,36.7,0.8704,1
5.1,24.9,317.0,177.0,19.0,41.3,0.9007,1
2.6,13.5,184.0,138.0,17.9,45.9,0.9342,0
1.7,9.1,130.0,117.0,16.7,48.9,0.9226,0
1.7,8.6,132.0,107.0,15.5,52.9,0.9271,0
1.2,5.4,95.0,90.0,15.5,51.9,0.9059,0
0.9,4.1,70.0,79.0,14.1,55.6,0.891,0
0.7,2.6,62.0,69.5,13.1,57.9,0.8666,0
0.6,1.9,54.0,60.0,12.7,57.9,0.8447,0
0.5,1.6,28.0,40.0,11.8,58.0,0.8026,0
0.5,1.9,46.0,53.0,11.9,57.4,0.7978,0
1.6,7.5,160.0,84.0,9.9,65.2,0.7956,0
4.1,21.4,320.0,108.0,11.1,60.2,0.7958,1
6.6,36.4,377.0,127.0,14.1,50.0,0.802,1
4.3,21.3,280.0,134.0,17.7,40.1,0.8048,1
2.9,15.4,221.0,135.0,21.1,33.4,0.8265,1
2.5,12.5,210.0,142.0,24.3,28.3,0.8471,0
2.8,15.1,204.0,153.0,25.6,25.6,0.8254,1
2.6,13.7,161.0,123.0,25.9,25.9,0.8503,0
2.0,10.4,135.0,104.0,26.8,18.7,0.65,0
2.9,15.2,186.0,129.0,29.3,15.8,0.6309,0
2.5,12.3,147.0,114.0,28.5,14.9,0.5708,0
5.0,27.0,299.0,158.0,25.9,16.0,0.5237,1
7.6,38.4,411.0,194.0,23.1,26.5,0.7403,1
6.7,35.1,347.0,182.0,20.5,38.2,0.9133,1
5.7,27.2,336.0,180.0,19.1,42.6,0.9294,1
2.8,15.0,202.0,136.0,17.2,44.1,0.8558,1
2.6,15.7,178.0,127.0,16.0,50.9,0.9206,0
2.3,13.0,154.0,116.0,14.8,53.9,0.9024,0
1.4,8.1,92.0,107.0,14.3,55.4,0.8975,0
1.0,5.5,61.0,88.0,14.8,52.1,0.8686,0
0.7,3.6,60.5,83.0,13.9,53.9,0.8501,0
0.6499999999999999,2.9,60.0,78.0,11.6,61.9,0.8442,0
0.6,2.5,37.0,57.0,12.0,58.9,0.8233,0
0.7,3.0,68.0,71.0,10.9,62.1,0.8113,0
1.5,7.7,139.0,85.0,10.6,63.3,0.8067,0
4.7,23.3,339.0,124.0,11.5,60.0,0.8117,1
6.6,35.8,421.0,151.0,14.3,50.6,0.8186,1
4.5,21.3,349.0,150.0,17.8,40.5,0.821,1
2.8,14.3,224.0,152.0,20.8,34.4,0.8365,1
2.2,12.5,171.0,139.0,23.8,28.2,0.8219,0
2.2,12.2,149.0,133.0,24.2,28.7,0.8515,0
2.3,13.1,137.0,126.0,25.2,24.9,0.7829,0
2.2,14.4,149.0,128.0,27.0,17.8,0.6275,0
2.8,16.8,172.0,169.0,27.1,23.1,0.818,1
2.7,14.5,166.0,149.0,25.8,23.9,0.7832,0
3.7,21.5,214.0,156.0,23.0,26.8,0.7446,1
5.1,26.4,280.0,168.0,20.7,31.1,0.7523,1
5.1,26.0,276.0,176.0,18.6,36.2,0.7676,1
3.2,14.1,178.0,135.0,16.0,48.4,0.8768,1
2.1,10.3,129.0,121.0,14.5,57.8,0.9456,0
1.7,8.3,95.0,99.0,13.1,64.2,0.9606,0
2.0,8.9,126.0,106.0,12.0,69.7,0.9735,0
1.6,6.6,103.0,96.0,11.9,71.1,0.9915,0
0.9,3.6,48.0,63.0,12.5,69.3,1.0029,0
0.7,2.5,34.0,47.5,12.5,67.5,0.9768,0
0.6,1.8,20.0,32.0,12.3,67.7,0.9665,0
0.5,1.3,18.0,28.0,12.5,66.8,0.962,0
0.7,2.3,56.0,61.0,12.3,66.3,0.9487,0
1.5,6.7,115.0,99.0,12.4,64.9,0.9332,0
4.8,22.8,320.0,157.0,13.0,61.6,0.9209,1
6.2,31.3,357.0,166.0,13.6,58.8,0.912,1
4.0,19.2,253.0,149.0,13.9,57.1,0.9032,1
3.3,16.4,218.0,135.0,14.5,54.4,0.8917,1
2.8,14.0,192.0,127.0,15.5,50.1,0.8744,0
3.0,15.3,176.0,122.0,16.1,47.6,0.8655,0
3.3,16.7,198.0,135.0,16.3,47.1,0.864,1
3.5,19.0,212.0,139.0,16.4,47.5,0.8791,1
4.0,19.4,249.0,147.0,16.1,50.2,0.9094,1
4.6,20.9,270.0,158.0,16.0,50.7,0.9142,1
4.1,20.2,231.0,146.0,15.8,50.3,0.8989,1
4.5,21.7,251.0,144.0,15.5,50.6,0.884,1
3.9,19.8,210.0,138.0,15.4,51.4,0.8956,1
4.0,16.7,249.0,143.0,15.2,53.1,0.9117,1
2.2,9.1,143.0,116.0,14.7,57.6,0.9573,0
2.1,8.3,127.0,109.0,14.2,58.3,0.938,0
1.7,5.8,104.0,92.0,13.8,57.9,0.9085,0
1.6,5.2,86.0,83.0,13.9,55.9,0.8842,0
1.3,4.1,74.0,81.0,13.9,55.6,0.8765,0
1.3,3.4,59.0,68.0,13.8,55.1,0.8666,0
1.05,2.9,44.0,55.0,13.8,54.6,0.8574,0
0.8,3.1,42.0,53.0,13.6,55.1,0.856,0
0.8,2.5,63.0,67.0,13.6,59.0,0.9129,0
1.1,4.3,115.0,91.0,13.5,58.4,0.896,0
2.1,8.9,170.0,113.0,13.8,58.0,0.9083,0
2.4,10.5,147.0,102.0,14.6,53.1,0.8765,0
2.6,12.5,166.0,107.0,15.0,52.3,0.8881,0
2.8,12.3,195.0,113.0,15.4,52.1,0.9046,0
2.6,11.7,182.0,108.0,16.3,50.0,0.9158,0
2.6,11.7,168.0,105.0,17.1,47.9,0.9281,0
2.1,9.3,125.0,93.0,19.0,42.9,0.937,0
1.7,7.6,95.0,87.0,19.5,42.3,0.9476,0
1.6,6.7,79.0,76.0,19.5,42.3,0.9493,0
2.1,9.7,119.0,94.0,19.1,43.8,0.9556,0
2.3,12.4,142.0,110.0,18.5,46.3,0.9744,0
3.5,16.6,215.0,136.0,17.4,51.6,1.0159,1
3.9,16.4,229.0,139.0,17.1,51.3,0.9914,1
3.3,13.7,206.0,125.0,16.4,53.8,0.9964,1
2.3,9.9,147.0,111.0,16.2,55.4,1.0132,0
2.1,8.9,122.0,97.0,15.9,57.7,1.0356,0
2.8,10.6,175.0,107.0,15.7,58.6,1.0396,0
2.1,7.4,133.0,90.0,15.1,60.9,1.0398,0
1.6,6.2,89.0,84.0,15.6,56.6,0.9951,0
1.6,6.5,87.0,85.5,15.2,57.9,0.9941,0
1.35,5.8,85.0,87.0,15.4,57.8,1.0021,0
1.1,4.0,55.0,66.0,14.9,60.6,1.0196,0
0.7,2.1,24.0,36.0,14.5,63.0,1.0316,0
0.8,3.6,72.0,62.0,14.2,66.2,1.063,0
1.2,4.4,122.0,91.0,14.5,65.3,1.0704,0
1.4,5.4,111.0,89.0,15.3,62.1,1.073,0
1.7,7.1,123.0,93.0,16.3,59.0,1.0868,0
1.8,7.3,106.0,81.0,18.9,49.6,1.07,0
1.8,7.6,103.0,82.0,19.4,46.1,1.0249,0
1.9,6.8,102.0,80.0,20.8,41.6,1.0091,0
1.3,4.6,48.0,48.0,21.4,40.3,1.0126,0
1.6,8.4,63.0,61.0,21.2,39.3,0.9791,0
1.9,6.9,98.0,89.0,20.3,38.0,0.8942,0
2.3,9.0,132.0,105.0,19.4,41.3,0.9206,0
3.8,15.1,173.0,116.0,18.5,43.8,0.9252,1
3.5,12.6,185.0,119.0,17.8,48.1,0.9689,0
4.3,15.1,266.0,144.0,17.9,46.9,0.952,1
2.8,9.9,188.0,123.0,17.4,49.1,0.9688,0
1.9,8.0,122.0,105.0,17.0,51.7,0.9914,0
1.9,7.9,112.0,93.0,16.4,55.1,1.0198,0
1.7,6.1,93.0,86.0,16.1,60.0,1.0919,0
1.5,5.1,74.0,76.0,15.8,60.5,1.0805,0
0.6,1.7,23.0,33.0,16.3,57.0,1.0491,0
0.4,0.7,20.0,30.0,16.9,53.9,1.0309,0
0.35,0.8,17.0,27.0,16.1,55.9,1.0153,0
0.3,0.7,15.0,23.0,16.5,53.9,1.0049,0
0.6,2.0,41.0,46.0,16.4,54.0,0.9979,0
1.2,5.1,86.0,76.0,15.7,57.6,1.0195,0
3.6,17.7,226.0,116.0,15.8,53.7,0.9571,1
3.7,18.4,214.0,115.0,17.4,42.1,0.8281,1
1.8,6.9,115.0,83.0,17.9,38.4,0.7793,0
1.6,7.3,124.0,87.0,18.5,36.7,0.7764,0
1.9,9.6,122.0,90.0,21.0,29.6,0.7263,0
2.0,10.4,107.0,87.0,21.3,28.1,0.7067,0
2.2,11.2,133.0,99.0,21.3,26.1,0.6539,0
2.1,10.7,130.0,99.0,21.3,26.8,0.6681,0
2.3,11.6,150.0,101.0,21.3,24.2,0.606,0
2.6,12.4,138.0,103.0,20.2,28.5,0.6682,0
3.8,18.3,213.0,129.0,17.0,43.1,0.8264,1
4.4,21.0,232.0,143.0,15.6,47.4,0.8347,1
4.5,21.0,238.0,146.0,15.3,47.4,0.8178,1
3.3,14.5,180.0,124.0,14.5,49.7,0.8177,1
2.0,8.4,128.0,113.0,13.9,52.0,0.8231,0
1.1,4.3,65.0,80.0,14.5,49.4,0.8106,0
0.9,3.8,53.0,72.0,13.8,51.4,0.8071,0
0.8,2.7,47.0,64.0,14.0,51.3,0.8163,0
0.7,2.5,51.0,70.0,13.0,56.8,0.8444,0
0.5,1.2,35.5,50.5,11.0,70.0,0.9215,0
0.4,0.8,20.0,31.0,10.1,76.8,0.9483,0
0.3,0.6,13.0,22.0,8.8,80.5,0.9147,0
0.5,1.8,33.0,47.0,9.6,75.4,0.9004,0
1.1,4.6,103.0,88.0,9.8,75.0,0.9093,0
3.0,14.2,224.0,130.0,10.0,74.2,0.9117,1
3.8,21.0,244.0,132.0,11.2,69.7,0.9232,1
3.4,16.2,237.0,132.0,12.0,62.9,0.8803,1
3.0,15.5,220.0,131.0,12.8,55.8,0.821,1
2.7,13.4,207.0,129.0,13.1,54.8,0.8234,0
3.5,16.9,208.0,132.0,13.8,53.4,0.8351,1
2.8,12.4,160.0,110.0,16.0,42.4,0.7674,0
1.9,10.1,131.0,99.0,14.1,49.8,0.7971,0
2.0,8.7,128.0,100.0,12.0,61.1,0.8537,0
3.0,13.8,176.0,122.0,13.6,54.6,0.8465,0
1.9,9.3,107.0,97.0,13.7,49.5,0.7695,0
2.7,13.0,131.0,112.0,11.7,57.1,0.7822,0
3.3,14.3,166.0,128.0,11.5,58.2,0.7867,1
1.7,7.6,89.0,101.0,12.6,54.2,0.7881,0
1.3,5.3,81.0,96.0,12.0,54.9,0.7664,0
1.3,5.4,78.0,86.0,11.0,61.4,0.8057,0
1.2,4.9,70.0,85.0,11.1,62.2,0.8199,0
1.1,4.6,76.0,79.0,10.8,62.5,0.8082,0
0.9,2.7,43.0,61.0,11.3,60.0,0.8025,0
0.6,1.6,43.5,63.5,10.6,61.6,0.7856,0
0.6,1.7,44.0,66.0,10.2,62.7,0.7813,0
0.6,1.2,34.0,54.0,10.9,58.6,0.7628,0
0.8,1.7,43.0,57.0,10.8,57.2,0.7382,0
1.2,4.8,79.0,75.0,10.4,59.2,0.7455,0
3.1,13.8,174.0,97.0,11.0,57.3,0.7501,0
4.4,23.7,235.0,110.0,11.2,56.9,0.7565,1
3.4,14.2,218.0,113.0,12.1,54.9,0.7734,1
1.7,8.0,136.0,88.0,15.1,44.3,0.7535,0
1.5,6.7,117.0,85.0,15.6,40.6,0.7146,0
1.7,8.7,119.0,96.0,16.9,34.6,0.6597,0
2.2,10.8,126.0,106.0,16.6,35.6,0.6697,0
2.45,6.7,100.0,91.0,11.3,63.9,0.8554,0
2.7,11.4,197.0,126.0,9.6,81.1,0.972,0
2.8,13.4,195.0,130.0,11.7,69.1,0.9497,1
2.7,12.0,156.0,111.0,10.7,68.5,0.8794,0
4.5,20.2,247.0,134.0,10.7,67.3,0.8643,1
3.5,14.4,190.0,136.0,10.8,65.7,0.8486,1
2.6,9.4,169.0,125.0,10.3,66.3,0.8336,0
1.7,5.9,118.0,108.0,10.1,66.9,0.8248,0
1.3,4.5,81.0,87.0,10.4,61.1,0.7717,0
1.3,4.5,80.0,89.0,10.3,59.9,0.7516,0
1.0,2.5,42.0,58.0,11.0,58.4,0.7686,0
0.7,1.8,38.0,54.0,9.1,68.1,0.789,0
0.7,1.4,28.0,41.0,9.5,68.2,0.8091,0
0.5,0.9,18.0,28.0,9.3,72.3,0.8496,0
0.5,0.6,12.0,20.0,9.9,66.8,0.8152,0
0.6,1.4,43.0,51.0,7.6,83.2,0.8695,0
1.1,3.8,84.0,82.0,8.1,79.0,0.8544,0
2.7,11.6,184.0,112.0,8.7,74.6,0.8429,0
3.5,17.8,202.0,119.0,8.6,75.1,0.8415,1
2.3,8.8,133.0,99.0,9.7,69.7,0.8389,0
1.6,6.8,130.0,98.0,11.0,64.4,0.8447,0
1.3,5.9,106.0,88.0,13.6,53.0,0.8209,0
2.0,8.9,132.0,96.0,14.2,48.4,0.778,0
1.9,8.2,106.0,81.0,14.2,46.3,0.7438,0
1.9,8.6,125.0,92.0,16.0,41.3,0.7462,0
2.2,10.1,138.0,105.0,17.7,35.4,0.7094,0
2.0,9.4,120.0,88.0,17.1,37.4,0.7225,0
2.9,14.6,158.0,103.0,14.9,40.5,0.6835,0
5.2,24.6,253.0,141.0,13.4,47.8,0.7293,1
4.6,21.6,231.0,133.0,12.6,52.5,0.7642,1
2.5,10.3,150.0,119.0,12.2,53.2,0.7555,0
1.5,5.7,99.0,106.0,10.6,56.1,0.714,0
1.2,4.5,75.0,92.0,9.9,59.5,0.7276,0
1.7,5.5,93.0,97.0,9.6,61.1,0.7323,0
1.4,4.8,79.0,91.0,9.7,61.6,0.7425,0
1.2,3.6,67.0,83.0,9.4,62.6,0.7398,0
0.6,1.7,56.0,71.0,8.2,68.5,0.7455,0
0.7,2.2,45.0,59.0,8.0,69.4,0.7459,0
0.8,3.0,72.0,73.0,7.7,72.4,0.7655,0
0.9,4.0,103.0,78.0,8.0,71.8,0.7711,0
1.6,6.7,132.0,90.0,8.5,66.3,0.7375,0
3.4,16.7,239.0,110.0,9.8,59.6,0.7214,1
3.8,19.3,275.0,114.0,11.2,57.0,0.7544,1
3.1,14.8,232.0,119.0,14.8,44.1,0.7407,1
2.7,13.4,180.0,121.0,16.8,35.3,0.6729,0
2.0,11.0,112.0,97.0,19.2,27.1,0.5976,0
2.3,12.5,116.0,99.0,19.1,26.2,0.5741,0
1.9,8.4,103.0,85.0,16.3,30.8,0.5683,0
1.3,5.3,89.0,75.0,14.2,36.8,0.5922,0
1.9,8.8,112.0,87.0,13.4,41.0,0.6292,0
2.3,11.2,127.0,102.0,14.2,43.3,0.6982,0
2.4,11.6,125.0,105.0,12.1,45.6,0.6403,0
2.7,12.4,120.0,98.0,10.4,48.0,0.6046,0
2.6,10.6,120.0,93.0,10.0,51.1,0.628,0
1.5,6.0,99.0,91.0,9.8,50.8,0.6172,0
1.2,4.6,79.0,85.0,9.7,50.4,0.6063,0
1.1,4.1,66.0,74.0,9.9,50.2,0.6103,0
1.5,5.2,94.0,87.0,9.4,53.4,0.63,0
1.0,3.2,70.0,79.0,8.6,57.8,0.6488,0
1.2,4.5,75.0,78.0,8.1,62.1,0.6746,0
1.1,3.8,66.0,70.5,7.9,63.5,0.6777,0
0.95,3.8,57.0,63.0,7.4,64.8,0.6683,0
0.8,1.9,32.0,48.0,8.2,58.9,0.6444,0
0.9,2.4,54.0,59.0,6.3,66.6,0.641,0
1.1,3.3,68.0,65.0,7.2,62.9,0.6396,0
1.5,6.7,98.0,71.0,7.2,63.9,0.65,0
1.8,8.5,128.0,84.0,11.1,50.5,0.6654,0
2.1,9.7,129.0,93.0,15.5,36.1,0.6313,0
2.1,9.4,130.0,99.0,17.8,29.2,0.592,0
1.9,9.0,111.0,93.0,17.6,30.1,0.6013,0
2.1,10.0,106.0,96.0,19.1,26.8,0.5861,0
2.5,12.6,137.0,114.0,17.7,28.6,0.5735,0
1.9,7.6,113.0,101.0,17.8,28.4,0.5737,0
2.2,11.8,122.0,108.0,18.7,26.0,0.5555,0
2.3,11.2,137.0,117.0,17.1,31.3,0.6038,0
2.7,12.4,165.0,125.0,15.8,36.1,0.644,0
3.0,12.9,196.0,133.0,14.7,40.1,0.6657,0
2.8,12.2,174.0,119.0,13.6,44.9,0.6991,0
2.2,8.8,140.0,107.0,12.5,48.1,0.6946,0
1.6,6.8,102.0,96.0,11.8,50.8,0.7042,0
2.1,8.6,130.0,105.0,10.9,56.1,0.7326,0
2.3,8.9,121.0,102.0,10.9,55.9,0.7277,0
2.3,8.3,111.0,97.0,10.3,58.1,0.7278,0
1.7,6.3,87.0,79.0,9.3,62.2,0.7294,0
2.2,8.3,82.0,74.0,8.2,66.7,0.7276,0
1.3,5.1,77.0,69.0,8.3,64.9,0.7124,0
0.8,2.6,39.0,52.0,9.6,58.5,0.7,0
1.1,3.6,77.0,62.0,7.7,66.4,0.699,0
1.4,3.6,91.0,69.0,7.4,68.0,0.7043,0
1.3,4.7,105.0,75.0,9.7,58.6,0.7035,0
1.9,7.5,133.0,83.0,12.5,50.1,0.7242,0
2.3,9.0,128.0,94.0,16.8,36.9,0.7018,0
2.3,9.5,126.0,96.0,19.2,31.3,0.6887,0
1.8,7.7,92.0,86.0,21.3,26.4,0.6607,0
1.4,5.7,66.0,72.0,21.2,23.1,0.5768,0
1.0,3.8,50.0,53.0,18.6,25.0,0.5319,0
1.4,4.8,70.0,65.0,18.0,27.3,0.5594,0
1.3,4.3,73.0,70.0,18.2,28.3,0.5848,0
1.3,4.1,77.0,75.0,17.0,31.4,0.6048,0
1.4,4.7,86.0,86.0,15.6,35.0,0.617,0
1.9,6.2,93.0,94.0,14.1,40.2,0.6438,0
1.8,5.5,105.0,103.0,13.4,43.2,0.6623,0
1.1,3.3,67.0,81.0,12.3,46.8,0.6686,0
1.1,3.2,63.0,80.0,11.9,46.5,0.6449,0
1.1,2.9,63.0,77.0,11.5,46.6,0.6319,0
0.9,2.2,46.0,58.0,10.6,48.0,0.6135,0
0.6,1.3,21.0,31.0,10.7,45.8,0.5895,0
0.5,1.1,22.0,38.0,10.4,46.6,0.5901,0
0.7,1.3,30.5,48.5,10.1,47.8,0.5913,0
0.6,1.2,39.0,59.0,11.3,46.9,0.628,0
0.7,1.7,55.0,70.0,10.1,51.2,0.6341,0
0.9,2.9,76.0,75.0,9.9,50.7,0.6167,0
2.9,14.3,181.0,103.0,8.1,56.8,0.615,0
4.1,19.7,259.0,134.0,10.9,44.1,0.5748,1
1.5,5.5,118.0,98.0,11.8,37.6,0.5184,0
1.5,5.6,119.0,97.0,13.9,33.2,0.5222,0
1.5,5.8,123.0,98.0,15.6,30.1,0.5285,0
1.4,5.5,92.0,78.0,16.5,29.0,0.5406,0
1.6,6.5,91.0,83.0,17.5,27.9,0.5517,0
1.5,5.5,103.0,92.0,17.9,26.8,0.5446,0
1.4,5.2,102.0,81.0,18.2,26.1,0.5387,0
1.5,5.8,94.0,90.0,18.0,27.1,0.5522,0
1.9,7.9,98.0,95.0,17.0,28.9,0.5558,0
2.5,10.2,126.0,114.0,16.1,31.3,0.568,0
2.1,8.2,108.0,106.0,14.5,35.4,0.5839,0
1.6,5.7,95.0,99.0,13.2,37.9,0.5733,0
1.2,3.8,78.0,90.0,13.1,34.4,0.517,0
1.1,4.0,61.0,82.0,13.5,28.5,0.4405,0
1.0,2.8,55.0,74.0,12.4,31.9,0.4583,0
1.0,2.6,57.0,76.0,13.1,26.8,0.4023,0
0.7,1.8,41.0,66.0,11.6,33.6,0.4595,0
0.7,1.7,46.0,73.0,10.5,42.9,0.5442,0
0.8,1.4,43.5,71.0,11.7,38.7,0.5298,0
0.75,1.3,41.0,69.0,12.2,37.2,0.5277,0
0.7,2.3,52.0,71.0,12.9,33.9,0.5037,0
1.1,5.3,111.0,98.0,11.3,40.3,0.5376,0
2.6,13.4,191.0,115.0,11.9,38.4,0.5341,0
4.0,23.8,244.0,130.0,13.3,35.6,0.5416,1
4.2,21.5,283.0,150.0,16.3,28.8,0.5305,1
4.7,21.0,320.0,159.0,17.9,28.2,0.5741,1
3.9,18.4,249.0,146.0,18.3,26.6,0.5529,1
3.7,18.9,219.0,138.0,20.8,22.5,0.5463,1
3.4,17.1,200.0,128.0,22.4,20.0,0.5352,1
2.2,10.4,138.0,97.0,20.9,21.7,0.5295,0
1.9,8.0,118.0,91.0,19.1,26.5,0.579,0
1.6,6.2,99.0,81.0,18.1,30.6,0.6295,0
2.1,9.7,112.0,99.0,17.3,34.7,0.6788,0
2.2,9.6,117.0,101.0,15.8,40.4,0.7228,0
2.7,11.9,129.0,106.0,15.9,42.0,0.7541,0
2.4,8.7,132.0,102.0,15.9,43.5,0.779,0
1.3,4.7,73.0,84.0,15.0,46.1,0.7833,0
1.2,3.8,68.0,81.0,15.1,44.6,0.7574,0
1.5,4.7,80.0,91.0,14.9,43.5,0.7302,0
1.3,3.8,68.0,82.0,14.8,41.0,0.685,0
1.0,2.7,44.0,64.0,14.8,40.8,0.6814,0
0.9,2.8,47.0,70.0,14.8,40.8,0.6834,0
0.5,1.0,31.0,48.0,14.2,36.1,0.5823,0
0.5,0.8,15.0,26.0,14.5,36.1,0.5928,0
0.6,1.5,44.0,58.0,14.6,36.0,0.5947,0
1.0,3.5,85.0,93.0,14.4,38.5,0.6291,0
3.1,15.6,207.0,110.0,13.8,58.2,0.9129,1
4.1,19.9,230.0,115.0,13.2,61.1,0.9256,1
2.2,8.6,181.0,125.0,10.4,74.4,0.9384,0
1.7,6.5,144.0,118.0,11.5,71.0,0.9582,0
1.9,7.7,140.0,109.0,12.2,70.0,0.9924,0
2.9,11.3,204.0,123.0,12.3,73.3,1.0442,0
2.2,9.1,149.0,114.0,11.3,78.1,1.0411,0
2.6,11.2,171.0,114.0,13.6,69.2,1.0746,0
3.1,13.5,195.0,119.0,14.9,59.3,0.9974,0
2.3,10.1,152.0,111.0,15.7,50.9,0.8997,0
2.4,11.3,128.0,103.0,15.2,52.9,0.9087,0
2.8,11.8,121.0,103.0,15.5,50.8,0.8881,0
2.7,11.5,142.0,107.0,14.3,52.9,0.8581,0
2.3,9.3,131.0,105.0,13.2,56.0,0.8446,0
1.5,5.5,81.0,91.0,12.6,57.0,0.8315,0
1.4,5.1,60.0,79.0,12.3,57.8,0.8224,0
1.2,4.8,57.0,79.0,12.0,58.4,0.8164,0
1.6,6.3,96.0,86.0,12.0,61.6,0.8593,0
1.2,5.1,85.0,70.0,11.5,63.9,0.8652,0
1.1,4.1,50.0,55.0,10.7,67.2,0.863,0
0.9,4.0,53.5,52.0,9.0,73.1,0.8394,0
0.7,2.4,57.0,49.0,10.2,66.6,0.8299,0
0.9,2.9,64.0,50.0,11.0,63.7,0.8325,0
1.7,7.4,153.0,67.0,9.6,68.8,0.8243,0
4.2,19.8,342.0,94.0,9.5,69.6,0.8273,1
6.2,31.9,378.0,119.0,11.9,60.9,0.8455,1
4.6,21.0,304.0,139.0,16.2,48.6,0.8892,1
2.8,11.7,192.0,113.0,19.2,39.6,0.8693,0
1.6,6.8,130.0,88.0,19.7,38.4,0.8743,0
1.7,7.4,106.0,73.0,20.6,36.7,0.8797,0
1.7,8.6,102.0,73.0,21.8,33.9,0.8771,0
1.7,10.55,99.0,72.0,22.25,32.3,0.85565,0
1.9,12.5,108.0,81.0,22.700000000000003,30.7,0.8342,0
2.3,14.45,131.0,93.0,23.15,29.1,0.81275,0
3.3,16.4,163.0,106.0,23.6,27.5,0.7913,0
4.2,21.2,211.0,132.0,22.8,32.1,0.8814,1
5.5,25.0,267.0,164.0,20.8,36.7,0.8878,1
4.9,20.2,269.0,161.0,18.3,40.9,0.8493,1
2.5,10.8,154.0,124.0,16.8,44.0,0.8341,0
2.0,9.9,127.0,113.0,15.8,48.0,0.8569,0
2.0,8.5,122.0,103.0,14.9,52.0,0.8757,0
2.0,8.0,126.0,104.0,14.1,54.4,0.8701,0
1.3,5.6,84.0,93.0,13.3,58.8,0.8922,0
1.0,3.2,58.0,60.0,13.3,60.9,0.9229,0
0.9,3.3,47.5,56.0,11.8,64.3,0.8869,0
0.8,2.8,37.0,52.0,11.2,65.9,0.8775,0
0.7,2.6,56.0,66.0,11.3,72.9,0.9738,0
1.1,4.3,91.0,82.0,11.4,71.8,0.9671,0
2.6,13.0,159.0,109.0,11.9,73.7,1.0254,0
3.9,20.3,190.0,114.0,12.6,70.2,1.0221,1
5.0,20.7,249.0,139.0,13.6,65.3,1.0136,1
3.3,15.9,196.0,127.0,16.9,52.3,1.0013,1
2.9,14.2,180.0,127.0,19.4,44.1,0.9855,0
3.1,15.9,167.0,135.0,22.9,33.8,0.9322,1
3.0,16.1,159.0,130.0,23.6,31.3,0.9001,0
2.7,14.7,152.0,126.0,24.7,30.5,0.9371,0
2.7,14.0,149.0,121.0,26.1,27.3,0.9101,0
2.6,13.6,143.0,122.0,27.6,22.8,0.8288,0
3.7,19.7,185.0,138.0,26.9,22.3,0.7792,1
4.5,23.3,223.0,165.0,24.3,30.1,0.9012,1
4.7,24.1,215.0,154.0,21.2,40.1,0.9978,1
5.5,25.4,271.0,168.0,19.4,42.5,0.9483,1
3.0,14.1,180.0,146.0,18.5,43.0,0.9074,1
1.9,10.1,115.0,124.0,17.8,47.0,0.9467,0
2.3,12.1,149.0,124.0,16.8,53.2,1.01,0
1.6,9.0,98.0,106.0,17.1,51.8,0.999,0
1.3,6.3,73.0,88.0,16.2,54.2,0.9933,0
1.2,5.3,69.0,83.0,15.1,58.2,0.9886,0
0.9,3.8,64.5,78.5,15.1,57.6,0.9796,0
0.8,3.0,60.0,74.0,14.5,58.0,0.9488,0
0.8,3.3,56.0,64.0,13.7,61.6,0.9631,0
0.9,3.5,73.0,69.0,13.9,59.6,0.9408,0
2.0,9.5,159.0,91.0,13.3,61.7,0.9399,0
3.0,15.2,203.0,96.0,15.1,55.8,0.9486,0
3.1,14.3,211.0,106.0,17.0,50.5,0.9684,0
3.1,11.2,211.51020408163265,106.36734693877553,19.7,43.3,0.9837,0
3.1,11.4,212.0204081632653,106.73469387755102,20.7,41.7,1.0092,0
3.1,13.4,212.53061224489795,107.10204081632654,23.3,35.8,1.0098,0
3.1,10.6,213.0408163265306,107.46938775510203,23.8,30.5,0.8897,0
3.1,10.8,213.55102040816325,107.83673469387756,24.8,27.0,0.8325,0
3.1,11.9,214.0612244897959,108.20408163265306,25.0,27.5,0.8575,0
3.1,13.5,214.57142857142856,108.57142857142856,25.8,26.5,0.8675,0
3.1,15.2,215.08163265306123,108.93877551020408,25.1,27.1,0.8496,0
3.1,17.1,215.59183673469389,109.3061224489796,23.7,28.6,0.8273,0
3.1,26.7,216.1020408163265,109.6734693877551,22.1,36.8,0.9681,1
3.1,14.2,216.6122448979592,110.04081632653062,19.9,47.5,1.0912,0
3.1,8.5,217.12244897959184,110.40816326530611,18.7,50.4,1.0772,0
3.1,14.3,217.6326530612245,110.77551020408164,18.1,51.3,1.0587,0
3.1,9.3,218.14285714285717,111.14285714285714,17.5,53.8,1.0648,0
3.1,7.8,218.6530612244898,111.51020408163264,16.7,56.5,1.0634,0
3.1,6.7,219.16326530612244,111.87755102040816,15.9,59.2,1.0635,0
3.1,5.4,219.6734693877551,112.24489795918367,15.2,62.4,1.0726,0
3.1,5.6,220.18367346938777,112.6122448979592,14.7,65.0,1.0766,0
3.1,3.5,220.6938775510204,112.9795918367347,14.3,65.3,1.0594,0
3.1,3.0,221.20408163265307,113.3469387755102,13.7,66.5,1.0393,0
3.1,4.4,221.7142857142857,113.71428571428572,12.9,69.1,1.0264,0
3.1,3.5,222.2244897959184,114.08163265306122,13.7,64.8,1.0135,0
3.1,4.2,222.73469387755105,114.44897959183672,15.3,59.0,1.0181,0
3.1,8.0,223.24489795918367,114.81632653061224,18.1,49.8,1.0272,0
3.1,9.0,223.75510204081635,115.18367346938776,21.5,40.7,1.0301,0
3.1,8.1,224.26530612244895,115.55102040816328,23.3,37.1,1.0457,0
3.1,8.6,224.77551020408163,115.91836734693878,25.1,33.8,1.0594,0
3.1,7.1,225.28571428571428,116.28571428571428,25.6,32.1,1.0393,0
3.1,5.6,225.79591836734693,116.6530612244898,25.8,31.1,1.0143,0
3.1,10.0,226.3061224489796,117.0204081632653,26.1,30.8,1.0253,0
3.1,10.5,226.81632653061223,117.3877551020408,24.4,36.0,1.085,0
3.1,10.1,227.3265306122449,117.75510204081633,23.0,36.2,1.0053,0
3.1,10.0,227.8367346938776,118.12244897959184,22.1,39.3,1.0336,0
3.1,13.0,228.3469387755102,118.48979591836736,19.8,44.6,1.0208,0
3.1,10.5,228.8571428571429,118.85714285714286,18.5,48.9,1.0323,0
3.1,5.2,229.3673469387755,119.22448979591836,16.6,56.1,1.0481,0
3.1,6.9,229.87755102040816,119.59183673469389,15.8,58.8,1.0464,0
3.1,6.4,230.3877551020408,119.95918367346938,15.3,60.8,1.0501,0
3.1,4.7,230.89795918367344,120.3265306122449,14.7,64.4,1.0717,0
3.1,2.4,231.4081632653061,120.6938775510204,14.8,63.3,1.0584,0
3.1,2.2,231.9183673469388,121.06122448979592,15.0,61.5,1.0418,0
3.1,1.1,232.42857142857144,121.42857142857144,15.5,56.9,0.9961,0
3.1,0.9,232.9387755102041,121.79591836734694,16.0,54.0,0.9742,0
3.1,3.1,233.44897959183675,122.16326530612244,13.5,63.9,0.9809,0
3.1,6.2,233.9591836734694,122.53061224489797,12.9,65.3,0.9688,0
3.1,13.2,234.46938775510205,122.89795918367346,13.4,62.5,0.9582,1
3.1,25.8,234.9795918367347,123.26530612244898,14.5,58.8,0.963,1
3.1,18.2,235.48979591836732,123.63265306122447,15.3,56.7,0.9773,1
3.1,14.3,236.0,124.0,15.6,57.4,1.0075,1
3.0,13.7,228.0,121.0,16.6,55.2,1.0382,0
3.2,15.7,206.0,114.0,17.0,54.3,1.0434,1
3.1,15.4,188.0,114.0,18.0,51.5,1.0552,0
2.5,12.6,158.0,106.0,19.5,47.5,1.0653,0
2.1,9.8,124.0,89.0,21.6,41.7,1.0606,0
2.0,9.6,98.0,82.0,22.2,38.3,1.0106,0
3.2,16.3,160.0,111.0,20.3,42.8,1.0053,0
4.1,19.8,194.0,132.0,19.7,45.4,1.0312,1
3.9,18.0,174.0,121.0,18.8,47.5,1.0199,1
3.1,13.6,157.0,116.0,17.9,49.4,1.0064,0
2.0,8.7,109.0,100.0,17.5,50.9,1.009,0
1.7,7.7,85.0,89.0,17.4,51.8,1.023,0
1.6,7.3,90.0,92.0,17.0,53.9,1.0363,0
1.0,4.1,61.0,71.0,16.6,55.4,1.0408,0
0.8,2.7,36.0,51.0,15.9,57.0,1.0224,0
0.5,1.5,25.0,39.0,15.0,59.2,1.0059,0
0.5,1.9,24.5,37.0,14.5,61.4,1.0041,0
0.5,1.8,24.0,35.0,14.1,61.6,0.9883,0
0.8,3.4,73.0,64.0,14.6,58.8,0.9711,0
1.7,8.5,164.0,94.0,14.4,58.9,0.9594,0
4.5,24.1,329.0,134.0,15.3,55.2,0.9538,1
6.2,33.7,302.0,129.0,16.2,52.5,0.9576,1
4.4,22.0,256.0,125.0,18.4,46.3,0.9734,1
2.9,14.1,182.0,107.0,19.6,41.8,0.9407,0
1.6,7.6,105.0,78.0,20.2,40.1,0.937,0
2.6,14.5,136.0,91.0,20.9,36.6,0.8939,0
2.9,13.6,167.0,116.0,20.4,34.7,0.8229,0
2.5,11.5,166.0,131.0,19.3,35.4,0.7813,0
1.9,9.2,115.0,113.0,18.6,36.9,0.7829,0
1.9,10.3,109.0,98.0,18.8,36.8,0.7883,0
2.7,14.0,143.0,116.0,17.5,40.6,0.8068,0
3.0,15.0,159.0,120.0,16.8,44.3,0.8428,0
3.3,15.1,181.0,126.0,16.3,47.7,0.8746,1
3.2,14.8,178.0,126.0,15.6,50.7,0.8947,1
1.8,8.5,91.0,90.0,15.7,49.4,0.8768,0
1.3,5.9,76.0,81.0,15.8,48.6,0.8653,0
1.1,4.8,66.0,74.0,15.7,47.0,0.8325,0
0.9,4.0,56.0,67.0,15.7,45.9,0.8121,0
0.7,2.3,35.0,46.0,15.6,44.9,0.792,0
0.4,1.4,21.0,30.0,15.6,44.4,0.7827,0
0.3,0.7,16.5,24.5,16.1,42.4,0.7718,0
0.3,0.7,12.0,19.0,15.7,45.4,0.8063,0
0.3,0.8,22.0,32.0,15.3,50.1,0.8617,0
0.8,3.6,55.0,61.0,14.2,58.6,0.9443,0
2.8,12.9,152.0,111.0,14.3,58.2,0.9431,0
3.1,15.7,153.0,102.0,15.0,52.0,0.8817,0
2.3,8.6,152.0,116.0,13.6,61.4,0.9519,0
1.6,7.4,112.0,96.0,16.1,53.1,0.9675,0
1.5,6.6,119.0,97.0,16.6,44.3,0.8294,0
1.6,7.8,122.0,110.0,17.4,40.3,0.7922,0
1.8,9.1,115.0,103.0,18.1,42.2,0.8679,0
1.4,6.1,84.0,79.0,14.4,51.8,0.8433,0
1.9,7.5,146.0,104.0,10.9,76.4,0.9953,0
1.2,5.9,65.0,69.0,16.4,47.7,0.8819,0
2.3,12.7,120.0,96.0,18.0,37.1,0.7598,0
3.3,13.5,185.0,121.0,14.7,48.7,0.8089,0
3.1,14.5,157.0,129.0,11.3,71.3,0.9514,1
3.3,11.0,174.0,116.0,10.0,74.0,0.9087,0
1.2,3.2,62.0,71.0,9.8,71.8,0.8702,0
1.3,4.3,81.0,85.0,9.3,75.2,0.8796,0
1.9,7.1,118.0,101.0,9.6,76.0,0.9088,0
1.4,4.8,95.0,97.0,9.3,75.0,0.8799,0
1.5,5.7,84.0,89.0,9.0,76.7,0.8825,0
1.1,4.1,56.0,72.0,8.2,79.6,0.8672,0
0.8,3.3,49.5,64.5,7.6,80.6,0.8437,0
0.8,1.8,43.0,57.0,8.3,75.6,0.8302,0
0.8,2.8,69.0,62.0,8.1,72.1,0.7798,0
1.1,4.8,74.0,64.0,8.1,70.4,0.7609,0
2.6,13.8,161.0,80.0,8.1,70.5,0.7627,0
5.1,27.1,308.0,118.0,9.9,64.3,0.7859,1
4.2,19.1,300.0,130.0,13.0,54.2,0.809,1
2.6,11.7,189.0,113.0,16.5,42.6,0.7912,0
2.4,12.7,164.0,112.0,19.3,34.2,0.7566,0
2.1,11.3,122.0,96.0,21.5,27.4,0.6941,0
2.6,14.2,166.0,125.0,20.4,26.7,0.6323,0
2.8,13.9,181.0,128.0,20.6,22.6,0.5432,0
2.5,13.2,127.0,101.0,20.6,24.8,0.5931,0
1.9,10.7,106.0,95.0,21.0,25.4,0.6264,0
3.6,19.7,192.0,138.0,21.5,24.5,0.6203,1
4.6,24.0,241.0,154.0,19.3,28.6,0.6357,1
6.3,29.1,326.0,171.0,18.0,32.9,0.6737,1
4.3,15.8,232.0,136.0,15.8,39.8,0.7096,1
1.6,7.0,92.0,93.0,15.3,41.5,0.7194,0
1.4,6.3,95.0,99.0,14.1,46.0,0.7363,0
2.0,6.384,129.0,106.0,14.016,46.876,0.7449399999999999,0
2.4,6.468,154.0,109.0,13.932,47.752,0.7535799999999999,0
1.8,6.552,118.0,97.0,13.848,48.628,0.76222,0
1.0,6.636,69.0,83.0,13.764,49.504,0.77086,0
1.0,6.72,83.0,81.0,13.68,50.38,0.7795,0
1.0,6.804,97.0,79.0,13.596,51.256,0.78814,0
0.9,6.888,145.0,84.0,13.512,52.132000000000005,0.7967799999999999,0
1.5,6.972,169.0,86.0,13.428,53.008,0.80542,0
2.6,7.056,250.0,111.0,13.344,53.884,0.81406,0
2.9,7.14,215.0,117.0,13.26,54.760000000000005,0.8227,0
2.7,7.224,237.0,122.0,13.176,55.636,0.83134,0
2.4,7.308,190.0,119.0,13.092,56.512,0.83998,0
2.6,7.392,219.0,121.0,13.008,57.388000000000005,0.84862,0
4.1,7.476,294.0,127.0,12.924,58.264,0.85726,1
4.3,7.56,253.0,135.0,12.84,59.14,0.8659,1
2.2,7.644,176.0,119.0,12.756,60.016000000000005,0.87454,0
3.4,7.728,243.0,137.0,12.672,60.892,0.8831800000000001,1
3.6,7.812,214.0,139.0,12.588,61.768,0.8918200000000001,1
2.5,7.896,141.0,117.0,12.504,62.644000000000005,0.90046,0
2.8,7.98,166.0,127.0,12.42,63.52,0.9091,0
3.4,8.064,197.0,137.0,12.336,64.396,0.91774,0
3.0,8.148,191.0,127.0,12.252,65.272,0.92638,0
2.1,8.232,159.0,107.0,12.168,66.14800000000001,0.93502,0
2.4,8.316,175.0,102.0,12.084,67.024,0.94366,0
2.3,8.4,157.0,95.0,12.0,67.9,0.9523,0
1.3,5.4,83.0,79.0,12.0,66.9,0.9336,0
1.7,6.9,118.0,78.0,11.5,70.1,0.9503,0
1.7,6.4,101.0,75.0,11.4,69.8,0.939,0
1.0,3.6,73.5,63.5,11.1,69.3,0.9128,0
0.8,3.3,46.0,52.0,10.8,70.3,0.9092,0
1.0,4.0,81.0,55.0,10.2,73.4,0.9129,0
1.4,6.0,112.0,65.0,10.8,70.5,0.9142,0
1.7,8.2,150.0,72.0,11.0,71.0,0.9279,0
2.0,9.9,138.0,76.0,12.4,64.0,0.9206,0
2.0,8.8,124.0,84.0,15.0,53.1,0.8993,0
1.9,8.4,124.0,90.0,16.6,44.4,0.8313,0
2.1,7.5,115.0,89.0,18.0,38.4,0.7862,0
1.8,7.8,101.0,87.0,20.6,30.0,0.7213,0
1.5,6.4,90.0,88.0,19.9,26.7,0.6137,0
1.3,5.1,90.0,81.0,19.8,23.1,0.5283,0
1.4,6.9,89.0,89.0,21.4,22.7,0.5722,0
1.5,6.8,92.0,91.0,22.1,21.3,0.5605,0
1.7,7.4,103.0,104.0,21.1,24.5,0.604,0
2.0,8.7,122.0,111.0,18.3,31.6,0.6562,0
2.5,11.2,159.0,129.0,16.1,35.0,0.6372,0
2.4,10.5,172.0,133.0,14.8,41.5,0.6929,0
2.0,8.2,125.0,115.0,13.2,50.3,0.7577,0
2.9,11.6,187.0,125.0,12.3,55.5,0.7916,0
2.5,9.7,174.0,117.0,11.8,56.6,0.7833,0
1.4,5.1,75.0,84.0,11.2,56.2,0.7469,0
1.2,4.0,48.0,63.0,11.0,56.6,0.7418,0
1.0,3.7,61.0,68.0,9.3,64.3,0.7531,0
1.0,4.0,49.5,60.0,8.8,66.0,0.7501,0
0.85,3.0,38.0,52.0,7.8,70.4,0.7463,0
0.7,2.9,38.0,49.0,7.7,70.7,0.7463,0
0.8,2.9,41.0,49.0,7.4,71.0,0.7346,0
0.9,3.0,51.0,52.0,8.2,66.6,0.7283,0
1.1,3.7,61.0,58.0,8.7,64.3,0.7267,0
1.0,3.9,47.0,51.0,13.0,47.9,0.7116,0
1.6,6.2,87.0,77.0,17.4,35.4,0.699,0
1.8,7.3,107.0,90.0,20.2,29.2,0.683,0
2.6,9.2,161.0,118.0,22.7,22.9,0.6224,0
1.1,4.0,61.0,70.0,22.3,22.4,0.5955,0
0.6,2.3,26.0,35.0,22.2,18.9,0.4993,0
0.9,3.1,42.0,46.0,22.0,19.0,0.4969,0
1.0,3.2,55.0,58.0,21.0,23.6,0.5788,0
1.2,3.3,65.0,61.0,19.6,27.4,0.6162,0
1.4,4.0,75.0,80.0,17.9,30.8,0.6258,0
2.0,5.7,93.0,93.0,16.4,35.3,0.6532,0
1.1,3.4,63.0,78.0,15.6,37.5,0.6575,0
1.1,3.5,60.0,76.0,15.5,36.7,0.6438,0
1.1,2.9,63.0,74.0,14.5,39.0,0.6428,0
1.1,3.1,66.0,81.0,14.2,38.2,0.6163,0
0.7,1.6,41.0,58.0,13.7,38.3,0.5957,0
0.6,1.1,42.0,59.0,14.1,34.0,0.5442,0
0.7,2.0,36.0,54.0,14.6,34.0,0.5605,0
0.6,1.7,26.0,39.5,14.4,32.8,0.5364,0
0.3,0.7,16.0,25.0,13.9,30.9,0.4868,0
0.3,0.5,16.0,26.0,13.5,37.9,0.5852,0
0.4,0.7,33.0,49.0,13.9,43.6,0.6871,0
0.5,0.9,39.0,53.0,13.5,50.1,0.7706,0
0.6,1.5,45.0,57.0,13.3,53.6,0.8169,0
0.8,2.2,63.0,73.0,13.4,56.0,0.8576,0
1.0,2.9,71.0,78.0,13.0,59.6,0.886,0
1.3,3.9,104.0,93.0,12.7,62.7,0.9173,0
1.1,2.8,85.0,71.0,12.1,60.5,0.8505,0
0.6,1.4,53.0,56.0,11.2,64.4,0.8537,0
0.7,1.7,58.0,60.0,10.7,67.6,0.8703,0
1.2,3.6,89.0,77.0,11.4,61.2,0.8236,0
1.4,3.1,96.0,82.0,9.9,70.5,0.8581,0
1.2,3.5,88.0,77.0,10.3,65.2,0.8151,0
1.3,3.9,100.0,91.0,11.0,58.9,0.7714,0
1.8,5.2,127.0,93.0,10.6,59.5,0.7595,0
1.2,3.7,88.0,82.0,10.6,57.7,0.7362,0
0.8,2.7,66.0,74.0,10.6,56.1,0.7149,0
0.8,2.6,61.0,68.0,10.3,58.0,0.7239,0
0.8,2.4,54.0,65.0,10.4,58.4,0.7352,0
0.7,2.0,46.0,58.0,10.7,58.2,0.7459,0
0.5,1.3,25.0,36.0,10.5,59.9,0.7624,0
0.3,1.2,18.0,29.0,10.5,60.8,0.7704,0
0.4,1.3,19.5,28.5,10.6,63.1,0.8068,0
0.3,0.9,21.0,28.0,11.1,60.1,0.7925,0
0.7,3.1,76.0,68.0,10.1,68.4,0.8443,0
1.6,6.9,149.0,99.0,10.0,68.7,0.8456,0
3.9,19.1,328.0,130.0,11.0,64.2,0.8398,1
4.5,22.1,282.0,128.0,12.0,58.1,0.8138,1
2.7,11.8,206.0,120.0,12.8,52.0,0.7643,0
1.6,7.3,133.0,93.0,12.6,50.8,0.7387,0
1.6,8.0,137.0,96.0,13.8,47.4,0.7435,0
1.6,7.2,116.0,84.0,15.1,42.7,0.7294,0
1.5,7.7,112.0,87.0,16.3,38.1,0.7006,0
1.8,9.7,128.0,87.0,16.6,36.7,0.6867,0
2.1,9.8,145.0,103.0,15.8,40.5,0.7241,0
1.7,7.7,110.0,88.0,16.3,41.8,0.7712,0
3.0,15.3,184.0,118.0,16.1,42.8,0.7783,0
4.6,21.5,243.0,134.0,15.3,46.8,0.8074,1
5.0,21.7,259.0,144.0,14.7,47.0,0.7815,1
3.5,14.6,205.0,129.0,14.1,49.6,0.7931,1
2.1,9.3,144.0,108.0,13.5,54.1,0.8351,0
2.1,9.4,152.0,104.0,12.3,59.2,0.8461,0
1.5,6.8,108.0,90.0,11.6,62.2,0.851,0
1.1,4.9,64.0,74.0,11.5,61.4,0.8303,0
0.9,3.9,73.0,73.0,10.9,64.6,0.8395,0
0.7,2.7,47.0,60.0,11.1,63.2,0.8331,0
0.4,1.9,46.0,58.5,10.7,64.4,0.8284,0
0.65,1.7,45.0,57.0,10.7,63.8,0.8174,0
0.9,3.3,79.0,62.0,10.2,65.8,0.8196,0
1.6,7.4,113.0,71.0,10.3,65.6,0.8225,0
3.9,18.2,263.0,94.0,10.8,64.0,0.8307,1
5.0,27.7,275.0,99.0,13.3,55.6,0.8453,1
4.3,18.3,263.0,119.0,15.8,46.8,0.8328,1
2.7,12.3,183.0,103.0,19.5,34.4,0.7738,0
2.1,8.9,147.0,95.0,21.1,30.2,0.745,0
2.1,10.4,132.0,95.0,18.4,34.2,0.7185,0
2.185714285714286,9.7,140.42857142857142,95.9047619047619,21.0,30.6,0.7538,0
2.271428571428572,12.8,148.85714285714286,96.8095238095238,21.4,28.7,0.7231,0
2.357142857142857,12.9,157.28571428571428,97.71428571428572,21.3,27.3,0.6856,0
2.442857142857143,8.9,165.71428571428572,98.61904761904762,20.4,30.4,0.7193,0
2.5285714285714285,11.0,174.14285714285714,99.52380952380952,18.7,34.8,0.7436,0
2.6142857142857143,12.6,182.57142857142856,100.42857142857144,18.6,34.7,0.7369,0
2.7,13.3,191.0,101.33333333333331,17.9,35.8,0.7276,0
2.7857142857142856,18.1,199.42857142857144,102.23809523809524,16.5,42.1,0.7856,0
2.8714285714285714,13.0,207.8571428571429,103.14285714285714,14.8,49.7,0.8321,0
2.9571428571428573,7.8,216.28571428571428,104.04761904761904,13.4,54.3,0.8291,0
3.0428571428571427,5.8,224.7142857142857,104.95238095238096,13.4,54.2,0.8319,0
3.128571428571429,4.7,233.14285714285717,105.85714285714286,12.3,57.6,0.8223,0
3.2142857142857144,3.1,241.57142857142856,106.76190476190476,11.6,58.8,0.7996,0
3.3,2.1,250.0,107.66666666666669,10.7,62.3,0.7988,0
3.3857142857142857,1.7,258.42857142857144,108.57142857142856,10.2,63.2,0.7865,0
3.4714285714285715,1.3,266.8571428571429,109.47619047619048,10.5,61.3,0.7761,0
3.557142857142857,2.6,275.2857142857143,110.38095238095238,9.3,65.8,0.7722,0
3.642857142857143,7.9,283.7142857142857,111.28571428571428,9.1,67.4,0.7814,1
3.7285714285714286,21.4,292.1428571428571,112.1904761904762,10.2,62.9,0.7831,1
3.814285714285714,22.1,300.57142857142856,113.0952380952381,11.6,58.7,0.7999,1
3.9,19.1,309.0,114.0,13.5,53.4,0.8196,1
3.8,17.3,327.0,127.0,15.0,49.3,0.8364,1
3.8,17.5,299.0,135.0,17.1,42.1,0.812,1
3.9,17.0,257.0,135.0,18.4,36.9,0.7758,1
3.5,17.0,195.0,120.0,19.3,35.4,0.7824,1
4.0,19.5,231.0,129.0,19.2,35.7,0.7826,1
3.0,14.8,170.0,114.0,21.5,30.4,0.7677,0
3.1,14.0,192.0,129.0,19.6,34.6,0.7807,0
5.2,24.4,251.0,149.0,19.6,35.5,0.8017,1
5.9,28.1,289.0,149.0,18.3,44.1,0.9183,1
7.3,33.7,351.0,158.0,17.4,47.8,0.9392,1
6.1,24.2,319.0,148.0,16.8,49.8,0.9446,1
4.6,19.8,264.0,134.0,16.2,53.2,0.9723,1
2.5,9.3,144.0,111.0,14.9,59.1,0.9928,0
2.2,7.3,119.0,106.0,13.9,64.0,1.013,0
2.0,7.1,120.0,108.0,13.7,66.8,1.041,0
1.9,6.7,96.0,93.0,13.4,69.6,1.0688,0
1.6,6.0,77.0,83.0,12.8,71.9,1.0632,0
1.0,2.7,70.0,76.0,12.9,68.5,1.0155,0
1.0,3.6,63.0,69.0,11.9,74.8,1.038,0
1.2,5.4,97.0,77.0,11.6,76.4,1.0415,0
2.0,10.0,180.0,87.0,11.7,75.3,1.0325,0
4.5,23.2,352.0,109.0,12.8,71.0,1.0428,1
4.1,18.7,279.0,116.0,13.8,61.1,0.9595,1
2.6,9.9,186.0,105.0,15.3,51.4,0.8886,0
2.3,10.2,169.0,106.0,16.6,48.7,0.9146,0
2.6,11.0,172.0,108.0,17.6,46.7,0.9324,0
2.4,10.5,127.0,100.0,19.2,42.7,0.9425,0
4.3,18.9,230.0,149.0,15.7,62.5,1.1092,1
4.6,18.9,280.0,148.0,14.5,75.7,1.2425,1
4.0,17.5,242.0,126.0,14.4,77.4,1.2654,1
4.7,17.7,250.0,140.0,14.6,74.9,1.2391,1
5.7,23.0,309.0,142.0,14.6,76.0,1.2573,1
5.2,20.4,270.0,141.0,14.0,76.3,1.2166,1
6.4,26.8,323.0,149.0,13.9,78.0,1.2303,1
6.0,19.9,307.0,140.0,13.8,78.0,1.2229,1
3.4,12.5,224.0,117.0,13.5,79.4,1.2224,1
2.7,9.6,166.0,103.0,13.1,80.1,1.2016,0
3.1,10.0,171.0,99.0,12.8,81.0,1.1915,0
2.6,8.1,169.0,100.0,12.7,80.6,1.1819,0
2.2,7.1,120.0,88.0,12.5,81.8,1.1838,0
1.9,6.4,103.0,83.0,12.7,81.2,1.1849,0
1.891156462585034,5.1,102.70068027210884,82.83673469387755,12.4,82.4,1.1848,0
1.882312925170068,3.0,102.40136054421768,82.6734693877551,12.6,79.9,1.1619,0
1.8734693877551016,4.2,102.10204081632654,82.51020408163265,12.8,80.0,1.1761,0
1.864625850340136,5.1,101.80272108843538,82.34693877551021,12.6,79.9,1.1596,0
1.85578231292517,8.1,101.50340136054422,82.18367346938776,12.5,79.6,1.1538,0
1.846938775510204,8.8,101.20408163265306,82.0204081632653,12.8,80.8,1.1863,0
1.838095238095238,7.2,100.9047619047619,81.85714285714286,13.5,78.1,1.1997,0
1.829251700680272,9.2,100.60544217687077,81.6938775510204,14.6,74.9,1.2348,0
1.820408163265306,6.0,100.3061224489796,81.53061224489795,16.8,61.0,1.1599,0
1.81156462585034,5.0,100.00680272108843,81.36734693877551,18.8,50.1,1.0769,0
1.8027210884353744,7.5,99.70748299319727,81.20408163265306,19.3,47.1,1.0445,0
1.793877551020408,3.9,99.40816326530611,81.04081632653062,19.3,46.6,1.0298,0
1.785034013605442,5.0,99.10884353741496,80.87755102040816,19.7,44.4,1.0081,0
1.776190476190476,5.4,98.8095238095238,80.71428571428571,19.3,45.7,1.0161,0
1.76734693877551,5.0,98.51020408163264,80.55102040816327,17.9,49.9,1.0135,0
1.758503401360544,5.5,98.21088435374148,80.38775510204081,16.9,53.2,1.0179,0
1.749659863945578,7.8,97.91156462585036,80.22448979591837,16.1,56.0,1.0151,0
1.7408163265306122,8.2,97.6122448979592,80.06122448979592,16.5,52.8,0.986,0
1.7319727891156462,5.3,97.31292517006804,79.89795918367346,16.9,51.1,0.9743,0
1.7231292517006802,7.9,97.01360544217688,79.73469387755102,17.0,50.8,0.9751,0
1.7142857142857142,10.7,96.71428571428572,79.57142857142857,16.9,54.8,1.0455,0
1.7054421768707482,6.9,96.41496598639456,79.40816326530613,16.3,57.2,1.0492,0
1.6965986394557822,6.3,96.1156462585034,79.24489795918367,16.0,56.2,1.0164,0
1.6877551020408164,5.6,95.81632653061224,79.08163265306122,15.6,60.2,1.0617,0
1.6789115646258503,5.4,95.51700680272108,78.91836734693878,14.6,68.2,1.1282,0
1.6700680272108843,3.2,95.21768707482994,78.75510204081633,14.3,69.6,1.1257,0
1.6612244897959183,1.9,94.91836734693878,78.59183673469389,13.8,71.9,1.1312,0
1.6523809523809525,2.3,94.61904761904762,78.42857142857143,13.8,72.7,1.1402,0
1.6435374149659865,2.4,94.31972789115646,78.26530612244898,14.2,72.3,1.1632,0
1.6346938775510202,2.9,94.0204081632653,78.10204081632654,14.5,72.9,1.195,0
1.6258503401360542,4.2,93.72108843537416,77.93877551020408,14.2,75.6,1.2201,0
1.6170068027210884,6.8,93.421768707483,77.77551020408163,14.5,77.2,1.2695,0
1.6081632653061224,7.3,93.12244897959184,77.61224489795919,14.9,74.5,1.253,0
1.5993197278911564,5.3,92.82312925170068,77.44897959183673,15.5,67.4,1.178,0
1.5904761904761904,3.4,92.52380952380952,77.28571428571429,16.7,56.0,1.0544,0
1.5816326530612244,3.4,92.22448979591836,77.12244897959184,17.1,55.5,1.0724,0
1.5727891156462586,6.8,91.9251700680272,76.95918367346938,16.2,62.4,1.1423,0
1.5639455782312923,7.0,91.62585034013604,76.79591836734694,17.4,58.9,1.1567,0
1.5551020408163263,7.7,91.3265306122449,76.63265306122449,17.5,54.6,1.08,0
1.5462585034013605,8.5,91.02721088435374,76.46938775510205,17.5,54.2,1.0722,0
1.5374149659863945,13.5,90.7278911564626,76.3061224489796,17.0,55.1,1.0621,0
1.5285714285714285,9.2,90.42857142857144,76.14285714285714,16.4,57.8,1.0669,0
1.5197278911564625,8.7,90.12925170068029,75.9795918367347,15.8,60.4,1.0744,0
1.5108843537414964,6.6,89.82993197278911,75.81632653061224,15.5,63.3,1.1071,0
1.5020408163265306,9.1,89.53061224489795,75.65306122448979,15.0,65.2,1.1045,0
1.4931972789115646,7.8,89.2312925170068,75.48979591836735,14.5,67.3,1.1054,0
1.4843537414965986,4.2,88.93197278911565,75.3265306122449,14.1,70.1,1.1224,0
1.4755102040816326,3.4,88.63265306122449,75.16326530612245,13.8,73.3,1.1518,0
1.4666666666666666,1.7,88.33333333333333,75.0,13.1,78.3,1.1716,0
1.4578231292517008,2.1,88.03401360544217,74.83673469387755,13.0,78.2,1.1664,0
1.4489795918367347,2.2,87.73469387755102,74.6734693877551,14.3,70.1,1.1328,0
1.4401360544217687,6.9,87.43537414965986,74.51020408163265,14.0,70.9,1.1306,0
1.4312925170068027,16.5,87.1360544217687,74.34693877551021,15.4,64.2,1.1123,0
1.4224489795918367,18.7,86.83673469387756,74.18367346938776,16.5,57.9,1.0826,0
1.413605442176871,8.5,86.53741496598639,74.0204081632653,18.8,48.0,1.0323,0
1.4047619047619049,6.8,86.23809523809524,73.85714285714286,19.5,43.3,0.9706,0
1.3959183673469386,7.5,85.93877551020408,73.6938775510204,18.5,45.5,0.9606,0
1.3870748299319726,10.9,85.63945578231292,73.53061224489795,18.0,46.7,0.9569,0
1.3782312925170068,13.4,85.34013605442178,73.36734693877551,16.5,58.2,1.0813,0
1.3693877551020408,7.9,85.04081632653062,73.20408163265306,12.1,75.6,1.0662,0
1.3605442176870748,8.8,84.74149659863946,73.04081632653062,11.1,75.6,0.9974,0
1.3517006802721088,11.5,84.4421768707483,72.87755102040816,10.5,79.0,1.0016,0
1.342857142857143,11.8,84.14285714285714,72.71428571428572,10.0,80.5,0.9853,0
1.334013605442177,8.3,83.843537414966,72.55102040816327,11.3,70.5,0.9389,0
1.325170068027211,7.9,83.54421768707483,72.38775510204081,10.7,71.5,0.9197,0
1.316326530612245,6.7,83.24489795918367,72.22448979591837,9.9,74.0,0.9009,0
1.307482993197279,4.6,82.94557823129252,72.06122448979592,10.8,68.2,0.8806,0
1.2986394557823129,5.0,82.64625850340136,71.89795918367346,10.2,74.0,0.9176,0
1.2897959183673469,5.3,82.34693877551021,71.73469387755102,10.1,77.5,0.9579,0
1.2809523809523808,3.9,82.04761904761905,71.57142857142857,9.9,77.7,0.9497,0
1.2721088435374148,2.9,81.74829931972789,71.40816326530613,9.5,80.2,0.9533,0
1.2632653061224488,1.5,81.44897959183673,71.24489795918367,9.5,79.7,0.9489,0
1.254421768707483,0.8,81.14965986394557,71.08163265306122,9.7,78.9,0.9487,0
1.245578231292517,1.2,80.85034013605443,70.91836734693878,9.8,80.0,0.967,0
1.236734693877551,2.9,80.55102040816327,70.75510204081633,10.0,79.6,0.98,0
1.2278911564625852,7.6,80.25170068027211,70.59183673469389,10.3,79.4,0.9927,0
1.2190476190476192,20.7,79.95238095238095,70.42857142857143,11.0,77.4,1.0135,0
1.2102040816326531,29.9,79.65306122448979,70.26530612244898,12.3,69.2,0.9906,0
1.2013605442176871,20.1,79.35374149659864,70.10204081632654,14.5,60.4,0.9936,0
1.192517006802721,17.1,79.05442176870748,69.93877551020408,16.0,56.3,1.0185,0
1.183673469387755,19.4,78.75510204081633,69.77551020408163,18.1,51.1,1.0551,0
1.174829931972789,18.7,78.45578231292517,69.61224489795919,23.0,37.5,1.0389,0
1.165986394557823,15.8,78.156462585034,69.44897959183673,21.8,39.6,1.0209,0
1.157142857142857,10.3,77.85714285714286,69.28571428571429,21.9,37.2,0.9683,0
1.148299319727891,7.9,77.5578231292517,69.12244897959184,23.8,31.4,0.9132,0
1.1394557823129252,13.7,77.25850340136054,68.95918367346938,25.9,26.9,0.8845,0
1.1306122448979592,19.7,76.95918367346938,68.79591836734694,25.8,29.9,0.9808,0
1.1217687074829932,25.3,76.65986394557822,68.63265306122449,22.6,39.5,1.0679,0
1.1129251700680272,23.9,76.36054421768708,68.46938775510205,19.9,45.0,1.0364,0
1.1040816326530614,20.6,76.06122448979592,68.3061224489796,17.9,47.4,0.9657,0
1.0952380952380951,12.3,75.76190476190476,68.14285714285714,16.8,50.4,0.9545,0
1.086394557823129,7.7,75.46258503401361,67.9795918367347,16.0,52.0,0.9375,0
1.0775510204081633,9.0,75.16326530612244,67.81632653061224,14.2,59.1,0.952,0
1.0687074829931973,4.5,74.8639455782313,67.65306122448979,14.2,56.7,0.9111,0
1.0598639455782313,5.8,74.56462585034014,67.48979591836735,12.2,67.7,0.9625,0
1.0510204081632653,3.2,74.26530612244898,67.3265306122449,13.2,61.7,0.9328,0
1.0421768707482992,3.0,73.96598639455783,67.16326530612245,10.9,71.0,0.9249,0
1.0333333333333332,2.0,73.66666666666667,67.0,11.3,67.6,0.9038,0
1.0244897959183672,3.7,73.36734693877551,66.83673469387756,10.1,71.8,0.888,0
1.0156462585034014,8.7,73.06802721088435,66.6734693877551,10.2,70.9,0.8841,0
1.0068027210884354,27.0,72.7687074829932,66.51020408163265,11.8,66.0,0.9085,0
0.9979591836734694,40.3,72.46938775510205,66.34693877551021,14.0,58.2,0.9271,1
0.9891156462585036,20.0,72.17006802721089,66.18367346938776,17.0,50.2,0.9646,0
0.9802721088435374,17.1,71.87074829931973,66.0204081632653,22.3,36.9,0.9838,0
0.9714285714285714,11.0,71.57142857142857,65.85714285714286,24.4,30.9,0.934,0
0.9625850340136054,10.6,71.27210884353741,65.6938775510204,25.9,26.7,0.8771,0
0.9537414965986396,10.5,70.97278911564626,65.53061224489795,25.8,26.1,0.854,0
0.9448979591836736,9.6,70.6734693877551,65.36734693877551,26.3,24.8,0.8393,0
0.9360544217687076,9.3,70.37414965986395,65.20408163265306,27.0,22.2,0.7805,0
0.9272108843537415,12.7,70.07482993197279,65.04081632653062,27.3,20.5,0.7308,0
0.9183673469387756,19.8,69.77551020408163,64.87755102040816,25.8,24.1,0.7912,0
0.9095238095238096,32.5,69.47619047619048,64.71428571428572,25.3,28.9,0.9151,0
0.9006802721088436,33.6,69.17687074829932,64.55102040816327,23.8,33.7,0.9786,0
0.8918367346938776,26.0,68.87755102040816,64.38775510204081,21.4,36.0,0.9059,0
0.8829931972789116,16.4,68.57823129251702,64.22448979591837,19.8,39.5,0.9016,0
0.8741496598639455,10.6,68.27891156462584,64.06122448979592,19.2,42.1,0.9273,0
0.8653061224489795,7.1,67.9795918367347,63.89795918367347,18.8,45.8,0.9855,0
0.8564625850340137,6.4,67.68027210884354,63.734693877551024,17.1,50.8,0.9828,0
0.8476190476190477,4.6,67.38095238095238,63.57142857142857,16.2,53.4,0.9775,0
0.8387755102040817,3.0,67.08163265306123,63.40816326530613,16.0,53.5,0.9691,0
0.8299319727891157,2.2,66.78231292517006,63.24489795918368,14.3,59.2,0.9601,0
0.8210884353741497,1.7,66.48299319727892,63.08163265306123,13.3,62.6,0.9498,0
0.8122448979591836,2.2,66.18367346938776,62.91836734693878,13.4,59.5,0.9097,0
0.8034013605442176,5.7,65.8843537414966,62.755102040816325,12.2,64.1,0.9062,0
0.7945578231292518,13.8,65.58503401360545,62.59183673469388,13.9,57.2,0.9029,0
0.7857142857142858,21.6,65.28571428571428,62.42857142857143,15.2,53.2,0.9107,0
0.7768707482993198,26.1,64.98639455782313,62.265306122448976,19.2,41.6,0.9154,0
0.7680272108843538,20.1,64.68707482993197,62.102040816326536,23.7,30.6,0.8854,0
0.7591836734693878,15.4,64.38775510204081,61.93877551020408,26.1,26.8,0.8921,0
0.7503401360544217,13.6,64.08843537414967,61.775510204081634,28.1,24.4,0.9138,0
0.7414965986394557,11.1,63.7891156462585,61.61224489795919,28.3,23.9,0.906,0
0.7326530612244899,12.2,63.48979591836735,61.44897959183673,28.0,21.0,0.7814,0
0.7238095238095239,17.5,63.19047619047619,61.28571428571429,30.8,16.4,0.7167,0
0.7149659863945579,19.1,62.89115646258504,61.12244897959184,31.3,16.2,0.7262,0
0.7061224489795919,27.1,62.59183673469388,60.95918367346939,29.4,20.5,0.8262,0
0.6972789115646258,28.3,62.29251700680272,60.79591836734694,25.8,24.3,0.794,0
0.6884353741496598,35.0,61.993197278911566,60.63265306122449,23.8,29.5,0.8559,0
0.6795918367346938,22.4,61.69387755102041,60.46938775510205,22.0,34.8,0.908,0
0.670748299319728,13.5,61.39455782312925,60.30612244897959,20.2,37.4,0.8748,0
0.661904761904762,8.2,61.095238095238095,60.142857142857146,19.3,38.8,0.8559,0
0.653061224489796,7.8,60.795918367346935,59.9795918367347,17.9,43.7,0.8856,0
0.64421768707483,10.0,60.49659863945578,59.81632653061224,17.2,47.9,0.9334,0
0.6353741496598639,6.6,60.197278911564624,59.6530612244898,16.3,49.7,0.916,0
0.6265306122448979,3.4,59.89795918367347,59.48979591836735,16.7,46.5,0.8755,0
0.6176870748299321,2.8,59.59863945578231,59.326530612244895,14.6,53.0,0.8775,0
0.6088435374149661,2.3,59.29931972789116,59.16326530612245,14.1,53.9,0.8633,0
0.6,2.9,59.0,59.0,14.2,52.2,0.8413,0
0.8,4.9,72.0,67.0,14.3,55.4,0.9003,0
4.0,22.6,244.0,95.0,14.0,58.0,0.9202,1
5.6,31.1,351.0,123.0,15.4,53.3,0.9289,1
5.0,22.1,358.0,142.0,19.1,42.1,0.9233,1
3.2,18.3,245.0,142.0,23.7,31.0,0.8968,1
3.8,22.0,240.0,169.0,26.9,25.7,0.8942,1
3.3,20.1,179.0,142.0,29.7,20.6,0.8478,1
3.0,18.9,160.0,136.0,29.2,21.5,0.8573,1
3.2,20.6,174.0,147.0,29.6,20.1,0.8181,1
4.4,25.3,260.0,196.0,30.0,19.4,0.81,1
4.6,25.8,281.0,186.0,29.5,20.1,0.8136,1
5.2,30.6,284.0,177.0,27.0,26.8,0.9403,1
4.8,27.1,250.0,164.0,24.9,30.8,0.954,1
5.6,32.5,281.0,161.0,23.1,36.7,1.0244,1
4.6,20.8,230.0,146.0,21.5,40.8,1.0333,1
1.8,10.9,98.0,98.0,20.5,41.5,0.9864,0
2.2,13.0,121.0,108.0,19.2,44.9,0.9875,0
2.0,11.8,110.0,107.0,18.8,47.7,1.0221,0
2.8,13.4,161.0,113.0,18.2,49.7,1.0284,0
2.6,13.4,148.0,100.0,16.1,57.4,1.0451,0
1.8,9.0,109.0,87.0,16.3,55.3,1.0178,0
1.1,5.8,77.0,73.5,15.7,53.6,0.9483,0
0.9,3.8,45.0,60.0,16.9,49.8,0.9514,0
0.7,3.7,71.0,65.0,14.8,57.7,0.9644,0
0.9,5.7,75.0,64.0,14.0,59.7,0.9499,0
1.5,10.0,106.0,73.0,14.6,56.8,0.9385,0
2.5,15.0,166.0,86.0,16.7,51.9,0.9788,0
3.0,15.6,188.0,105.0,20.0,45.0,1.039,0
2.6,12.3,161.0,107.0,23.9,33.7,0.9837,0
2.6,14.4,139.0,114.0,26.8,29.5,1.0209,0
2.6,14.6,134.0,105.0,27.2,32.4,1.1493,0
1.9,8.7,84.0,74.0,26.9,32.1,1.1217,0
2.0,11.0,98.0,95.0,24.3,41.8,1.2561,0
1.7,9.0,91.0,89.0,25.6,36.0,1.1629,0
1.9,10.7,99.0,95.0,27.0,31.8,1.1176,0
1.8,9.9,90.0,93.0,27.5,31.6,1.1417,0
2.8,15.7,147.0,123.0,24.9,38.1,1.1838,0
3.5,19.4,177.0,134.0,23.4,39.7,1.1276,1
3.4,16.8,162.0,126.0,21.2,50.8,1.2631,1
2.0,6.8,88.0,79.0,15.6,73.5,1.2953,0
1.1,3.0,53.0,54.0,12.9,79.7,1.1774,0
1.3,3.2,68.0,69.0,11.5,76.9,1.0436,0
1.2,3.1,61.0,67.0,12.2,66.8,0.9455,0
1.3,3.9,71.0,73.0,12.4,64.1,0.9209,0
1.0,3.6,63.0,73.0,12.7,58.7,0.8605,0
1.3,4.5,43.0,53.0,12.6,58.6,0.8529,0
0.8,1.2,23.0,33.0,12.5,51.2,0.7374,0
0.3,0.7,14.0,20.0,12.5,50.9,0.7346,0
0.5,1.1,34.0,37.0,12.8,49.3,0.7285,0
0.6,1.4,42.0,50.0,13.5,48.6,0.7487,0
0.6,1.6,40.0,45.0,14.4,45.9,0.7476,0
0.8,2.3,48.0,48.0,15.1,43.9,0.7487,0
1.0,2.5,61.0,56.0,16.6,38.6,0.7236,0
0.9,2.7,58.0,58.0,17.2,35.0,0.6789,0
1.0,2.7,57.0,52.0,17.4,33.9,0.6683,0
0.8,2.2,54.0,52.0,17.9,30.7,0.6234,0
0.7,2.0,41.0,44.0,18.3,27.2,0.5675,0
0.9,3.4,57.0,59.0,19.4,25.7,0.5738,0
1.3,4.5,83.0,74.0,20.2,24.1,0.563,0
1.4,4.7,81.0,76.0,19.6,24.9,0.5625,0
1.5,6.0,98.0,83.0,18.5,27.8,0.5843,0
2.7,11.7,124.0,100.0,17.8,30.3,0.6129,0
2.5,8.2,133.0,101.0,16.6,34.0,0.6353,0
1.4,5.1,100.0,90.0,15.5,37.0,0.6447,0
2.8,13.0,116.0,93.0,14.8,39.5,0.6595,0
2.1,7.0,102.0,79.0,14.5,42.0,0.6896,0
1.1,3.9,55.0,57.0,14.1,44.9,0.7206,0
0.7,2.2,33.0,43.0,14.2,45.5,0.7333,0
0.4,1.3,17.0,25.0,14.1,45.3,0.7247,0
0.3,0.8,13.5,21.0,14.0,44.3,0.7038,0
0.35,0.6,10.0,17.0,14.1,43.0,0.689,0
0.4,1.2,35.0,44.0,13.9,43.9,0.6923,0
0.8,3.4,70.0,72.0,14.0,43.8,0.6959,0
1.9,7.5,116.0,91.0,14.4,43.6,0.7113,0
2.1,8.9,134.0,89.0,15.0,41.7,0.7093,0
1.4,5.3,113.0,84.0,16.3,38.4,0.7052,0
1.4,5.4,110.0,83.0,18.3,32.3,0.676,0
1.3,5.2,98.0,78.0,18.8,31.7,0.6821,0
1.5,6.6,96.0,80.0,19.6,30.9,0.6968,0
1.6,6.9,95.0,75.0,20.2,30.7,0.7176,0
1.3,5.4,86.0,77.0,19.7,32.5,0.7396,0
1.4,6.0,86.0,77.0,20.7,31.6,0.7602,0
1.5,6.4,91.0,81.0,20.0,32.7,0.7545,0
2.2,10.7,119.0,101.0,18.6,35.4,0.7535,0
3.2,13.9,147.0,119.0,18.3,35.9,0.7501,0
3.0,12.5,135.0,111.0,17.8,37.5,0.7568,0
2.6,9.3,124.0,109.0,17.3,38.8,0.7584,0
1.6,6.7,89.0,101.0,17.3,38.8,0.7596,0
1.5,5.3,79.0,89.0,16.4,40.8,0.7542,0
1.2,4.0,63.0,75.0,16.0,41.4,0.7487,0
0.8,2.2,39.0,51.0,15.4,43.0,0.7482,0
0.7,1.7,25.0,39.0,15.7,42.5,0.7539,0
0.5,1.6,19.0,32.0,15.6,43.4,0.7651,0
0.5,1.5,26.5,40.5,15.2,45.8,0.7864,0
0.6,2.5,34.0,49.0,14.7,49.9,0.828,0
0.7,3.3,58.0,68.0,15.5,47.3,0.8282,0
1.4,8.9,112.0,76.0,14.4,53.1,0.8677,0
4.1,23.4,314.0,122.0,15.9,48.5,0.8704,1
4.6,23.8,240.0,129.0,18.1,40.3,0.8294,1
1.9,7.9,128.0,94.0,19.6,35.9,0.81,0
1.9,8.2,141.0,99.0,22.8,29.1,0.796,0
1.7,8.8,118.0,81.0,24.8,25.3,0.7793,0
2.4,14.6,132.0,87.0,27.2,22.0,0.7785,0
3.0,18.0,150.0,107.0,28.2,20.4,0.7677,0
2.0,12.0,121.0,95.0,25.4,24.2,0.7733,0
2.7,14.8,149.0,110.0,25.7,23.8,0.7737,0
2.2,12.5,120.0,99.0,27.2,22.1,0.7811,0
2.9,15.5,155.0,113.0,27.0,22.3,0.786,0
3.4,17.7,172.0,127.0,24.5,27.8,0.8433,1
3.9,21.6,177.0,131.0,23.7,30.2,0.8718,1
3.6,18.9,181.0,137.0,21.5,34.5,0.8746,1
2.5,12.5,135.0,122.0,19.9,37.8,0.8675,0
1.8,8.8,99.0,100.0,18.9,40.6,0.8771,0
2.0,10.9,111.0,108.0,17.9,43.5,0.884,0
1.3,8.0,72.0,83.0,17.4,46.3,0.9112,0
1.0,4.4,54.0,74.0,18.1,44.7,0.9186,0
0.6,2.8,41.0,64.0,16.5,50.1,0.9331,0
0.6,2.7,32.5,52.0,14.2,56.9,0.9141,0
0.55,2.2,24.0,40.0,14.7,56.2,0.9341,0
0.5,2.5,29.0,39.0,16.3,52.8,0.9722,0
1.1,7.5,76.0,69.0,13.9,60.7,0.9597,0
5.5,30.4,321.0,104.0,15.0,58.3,0.9876,1
4.2,22.0,274.0,100.0,16.1,54.8,0.996,1
4.6,24.7,322.0,146.0,19.3,46.4,1.0248,1
3.4,18.4,255.0,155.0,24.2,33.8,1.0097,1
2.8,16.8,196.0,139.0,26.7,28.7,0.9895,1
2.5,14.2,136.0,121.0,27.4,28.2,1.0098,0
2.4,15.7,119.0,108.0,28.1,26.9,1.0094,0
3.2,21.9,169.0,126.0,27.7,26.5,0.9693,1
3.5,20.8,197.0,145.0,28.4,23.4,0.8935,1
2.9,16.2,140.0,121.0,28.4,26.0,0.9922,0
3.6,19.8,178.0,145.0,27.3,30.0,1.0752,1
4.8,28.9,223.0,160.0,24.3,37.3,1.1199,1
5.4,28.3,222.0,155.0,23.1,42.2,1.1746,1
5.3,24.9,265.0,162.0,21.8,43.6,1.1226,1
2.7,13.1,151.0,129.0,19.8,46.8,1.0702,0
1.4,8.6,79.0,96.0,19.6,49.8,1.1221,0
1.6,9.5,87.0,92.0,17.9,56.2,1.142,0
1.5,7.8,88.0,89.0,17.4,55.6,1.0963,0
1.0,5.2,51.0,61.0,16.8,59.5,1.1269,0
0.6,2.8,34.0,54.0,15.9,60.1,1.0806,0
0.4,2.3,32.5,49.0,15.6,61.2,1.0784,0
0.6000000000000001,2.5,31.0,44.0,14.6,63.4,1.0446,0
0.8,4.4,76.0,57.0,13.3,67.0,1.0203,0
1.5,9.4,139.0,68.0,12.9,66.5,0.9846,0
4.9,29.8,293.0,95.0,14.8,61.3,1.0237,1
7.2,36.2,368.0,125.0,16.1,56.5,1.0274,1
3.5,18.0,250.0,135.0,18.6,47.8,1.0143,1
2.1,10.9,145.0,118.0,23.8,30.2,0.8771,0
1.5,9.0,110.0,91.0,25.4,25.0,0.7966,0
2.0,14.4,104.0,89.0,25.6,25.5,0.8234,0
3.8,22.3,205.0,129.0,24.9,29.9,0.9325,1
3.4,20.9,201.0,122.0,22.4,37.9,1.016,1
4.4,23.1,266.0,138.0,21.7,44.0,1.1242,1
3.9,21.2,246.0,136.0,21.4,44.4,1.1176,1
4.9,24.8,247.0,143.0,20.8,45.3,1.1016,1
5.4,28.6,271.0,145.0,20.2,48.6,1.1354,1
6.5,32.6,332.0,146.0,20.2,50.8,1.1924,1
4.3,19.2,245.0,122.0,18.6,57.6,1.2233,1
2.9,16.3,180.0,112.0,18.2,58.8,1.2173,0
2.7,13.7,156.0,102.0,17.8,61.0,1.2352,0
2.8,13.6,172.0,97.0,17.0,70.7,1.3554,0
2.3,11.1,137.0,85.0,16.2,76.9,1.4051,0
1.7,7.6,91.0,76.0,15.7,78.6,1.3943,0
1.2,5.9,80.0,74.0,15.7,78.4,1.3917,0
1.0,5.0,63.0,65.0,15.7,77.4,1.3683,0
0.9,4.0,46.0,56.0,15.4,78.5,1.3635,0
0.8,4.5,68.0,66.0,15.7,74.7,1.3194,0
1.7,9.3,162.0,90.0,15.9,73.1,1.3136,0
3.0,18.3,213.0,111.0,16.6,68.2,1.2737,1
3.4,19.9,161.0,103.0,18.7,57.6,1.2323,1
3.3,16.6,209.0,117.0,17.6,65.0,1.2945,1
2.7,12.6,191.0,116.0,16.3,73.2,1.3458,0
2.6,12.9,215.0,109.0,16.0,78.5,1.4209,0
3.2,14.9,212.0,116.0,17.3,72.4,1.4125,1
3.4,17.4,202.0,115.0,19.4,60.9,1.3545,1
2.6,15.4,153.0,94.0,21.4,50.9,1.2823,0
3.4,16.7,185.0,121.0,22.7,45.8,1.2465,1
4.0,18.0,210.0,114.0,20.9,60.8,1.4852,1
4.5,19.2,215.0,110.0,21.0,54.3,1.3353,1
4.2,21.0,215.0,122.0,20.8,54.4,1.3194,1
5.7,26.9,281.0,135.0,19.8,58.6,1.3392,1
4.4,19.5,254.0,133.0,19.1,61.1,1.3345,1
3.1,15.1,189.0,110.0,18.2,65.4,1.3529,0
3.0,14.6,174.0,102.0,18.1,66.1,1.3579,0
3.1,13.7,167.0,108.0,17.7,66.9,1.3422,0
3.5,15.2,185.0,110.0,17.8,66.8,1.346,1
2.4,9.3,129.0,84.0,17.3,68.3,1.3346,0
1.6,6.5,85.0,71.0,16.5,70.2,1.3099,0
1.3,6.3,60.0,56.5,15.7,73.1,1.2902,0
0.95,3.5,35.0,42.0,16.2,69.9,1.2756,0
0.6,2.6,24.0,32.0,16.7,67.1,1.2619,0
0.7,3.1,30.0,35.0,16.7,66.9,1.2631,0
1.2,6.5,75.0,67.0,16.9,66.5,1.2688,0
1.5,6.5,79.0,73.0,17.7,62.0,1.2458,0
1.8,8.8,104.0,86.0,19.4,54.6,1.2184,0
2.1,8.8,118.0,89.0,21.6,46.1,1.1725,0
1.9,9.2,105.0,86.0,24.6,36.7,1.1202,0
2.0,9.2,101.0,86.0,26.0,31.9,1.0566,0
1.3,6.1,65.0,66.0,25.6,31.5,1.0184,0
1.3,6.5,59.0,68.0,24.8,34.8,1.0716,0
1.8,9.2,80.0,82.0,26.1,30.3,1.0101,0
2.0,8.3,98.0,91.0,25.5,33.5,1.0767,0
1.8,8.3,89.0,95.0,23.7,37.2,1.0746,0
2.4,11.0,114.0,104.0,22.3,38.9,1.0324,0
4.0,14.7,195.0,131.0,20.7,42.8,1.0298,1
2.8,10.8,156.0,112.0,19.0,51.7,1.1222,0
2.0,9.4,109.0,100.0,17.8,55.5,1.1174,0
3.6,14.8,184.0,115.0,17.4,57.6,1.1342,1
3.7,13.3,190.0,129.0,17.6,58.5,1.1645,1
2.3,8.4,105.0,99.0,17.2,59.3,1.1551,0
1.8,7.9,76.0,74.0,17.1,60.4,1.1633,0
0.9,5.5,38.0,55.0,16.4,62.2,1.1507,0
1.6,6.6,32.0,45.0,14.8,67.6,1.1352,0
1.1,3.3,26.0,35.0,14.8,65.8,1.1028,0
0.6,2.6,33.0,37.0,14.7,65.2,1.0811,0
0.7,3.6,57.0,45.0,13.1,70.2,1.0554,0
0.8,4.8,48.0,46.0,14.3,66.2,1.0728,0
1.2,5.9,87.0,68.0,16.0,61.6,1.1083,0
1.4,6.9,94.0,77.0,17.7,56.4,1.1342,0
1.6,8.5,89.0,79.0,21.3,44.7,1.1157,0
1.3,6.1,78.0,72.0,23.6,36.4,1.0431,0
1.3,6.2,72.0,68.0,24.3,34.0,1.0149,0
1.1,4.8,64.0,64.0,24.4,32.7,0.9863,0
1.2,6.8,70.0,73.0,24.6,31.7,0.9647,0
1.5,7.0,92.0,84.0,23.9,34.3,1.002,0
1.1,5.5,69.0,67.0,25.9,28.1,0.9258,0
1.9,9.5,131.0,106.0,24.5,32.3,0.9815,0
2.3,11.9,144.0,114.0,22.6,39.3,1.06,0
3.3,13.8,209.0,123.0,21.2,47.5,1.1828,1
2.6,10.7,170.0,108.0,19.9,54.9,1.2632,0
2.2,9.7,152.0,100.0,19.4,52.1,1.1642,0
2.3,10.2,171.0,118.0,19.4,42.6,0.9485,0
2.0,8.3,153.0,121.0,19.1,44.1,0.966,0
1.6,7.1,97.0,94.0,18.0,49.3,1.0086,0
0.8,3.0,37.0,52.0,17.6,54.6,1.0918,0
0.6,2.2,26.0,39.0,16.4,62.1,1.1493,0
0.4,1.7,25.5,36.0,15.6,65.3,1.1484,0
0.55,1.5,25.0,33.0,16.0,61.4,1.1043,0
0.7,3.7,61.0,57.0,15.8,64.3,1.1416,0
1.3,8.2,152.0,80.0,16.0,65.8,1.1844,0
3.4,21.1,283.0,101.0,16.8,62.5,1.1869,1
4.7,26.5,320.0,109.0,16.9,66.1,1.2613,1
3.4,17.4,318.0,109.0,17.4,68.9,1.3557,1
2.5,12.9,201.0,111.0,21.4,45.0,1.1291,0
2.0,10.9,135.0,102.0,23.9,30.7,0.9002,0
1.9,11.0,127.0,96.0,26.8,25.2,0.8721,0
1.7,10.8,102.0,90.0,28.4,23.6,0.8983,0
1.4,10.0,74.0,69.0,30.3,20.1,0.8539,0
1.5,11.2,81.0,74.0,30.9,19.7,0.8649,0
2.4,16.8,129.0,102.0,30.2,20.5,0.8672,0
3.9,23.6,190.0,128.0,26.4,34.6,1.1724,1
4.2,23.3,192.0,130.0,24.9,39.4,1.2268,1
3.7,19.4,163.0,120.0,23.5,43.7,1.2484,1
3.2,13.1,149.0,113.0,19.3,63.1,1.4028,0
2.0,9.8,119.0,100.0,18.7,64.6,1.3836,0
1.1,5.3,61.0,70.0,19.5,57.1,1.2806,0
1.5,6.7,84.0,83.0,18.9,62.5,1.3521,0
1.3,5.5,79.0,81.0,18.4,65.8,1.3802,0
1.0,3.7,58.0,69.0,16.4,79.2,1.4681,0
0.6,2.2,32.0,48.0,16.1,80.0,1.4562,0
0.4,1.5,26.5,38.0,15.6,81.0,1.4302,0
0.5,1.5,21.0,28.0,15.6,81.0,1.4216,0
0.6,2.9,49.0,47.0,15.7,80.5,1.4236,0
1.9,9.9,180.0,88.0,16.0,80.8,1.4602,0
4.5,23.0,302.0,109.0,16.6,78.0,1.4572,1
4.3,22.3,258.0,113.0,16.1,79.2,1.4398,1
3.2,16.2,192.0,104.0,17.7,70.8,1.4171,1
1.3,7.9,84.0,65.0,20.3,54.8,1.2867,0
2.2,12.4,128.0,87.0,21.2,49.3,1.2271,0
2.6,13.6,145.0,99.0,21.5,47.9,1.2178,0
2.3,12.3,132.0,100.0,21.4,47.7,1.2047,0
2.4,12.1,136.0,105.0,20.4,54.0,1.2757,0
2.6,12.9,140.0,97.0,19.9,57.1,1.3158,0
1.2,6.3,55.0,54.0,19.9,55.2,1.2701,0
1.6,10.6,67.0,59.0,19.5,55.7,1.2512,0
3.9,20.6,191.0,109.0,18.3,62.8,1.3127,1
4.7,22.1,227.0,125.0,17.2,68.3,1.3289,1
5.4,20.8,264.0,132.0,16.1,75.2,1.3654,1
3.0,11.8,196.0,110.0,16.6,70.8,1.3253,0
0.9,4.3,43.0,53.0,18.5,56.0,1.181,0
1.1,5.0,58.0,61.0,17.3,59.5,1.1667,0
0.7,2.3,33.0,41.0,18.6,52.3,1.1121,0
0.5,1.4,14.0,22.0,19.0,49.8,1.0831,0
0.5,1.5,18.0,28.0,15.7,64.5,1.14,0
0.5,1.8,23.0,34.5,15.5,66.9,1.1691,0
0.65,2.1,28.0,41.0,14.7,74.1,1.2302,0
0.8,3.5,56.0,54.0,14.6,77.1,1.2727,0
1.3,6.9,108.0,81.0,14.5,78.3,1.2851,0
3.5,19.1,251.0,107.0,15.1,76.8,1.3061,1
3.7,22.0,253.0,115.5,16.4,70.8,1.3088,1
3.9,18.9,255.0,124.0,16.4,72.4,1.3379,1
2.9,13.0,214.0,123.0,16.3,68.6,1.2657,0
2.6,13.0,190.0,120.0,17.2,62.9,1.2228,0
3.0,14.5,182.0,113.0,17.4,61.1,1.206,0
3.7,19.7,202.0,114.0,16.8,66.8,1.2691,1
3.9,19.4,224.0,120.0,17.3,62.6,1.226,1
3.5,16.4,221.0,125.0,17.5,60.8,1.2029,1
2.4,11.2,126.0,88.0,17.5,59.2,1.1725,0
1.6,10.0,79.0,72.0,17.7,56.9,1.1392,0
3.0,14.6,137.0,103.0,17.1,61.5,1.1873,0
1.6,8.5,68.0,67.0,17.5,63.9,1.2667,0
2.1,9.2,96.0,79.0,15.9,70.7,1.2672,0
1.8,6.9,111.0,89.0,15.1,75.1,1.2799,0
1.1,3.7,56.0,67.0,13.9,72.5,1.1502,0
1.5,4.9,81.0,83.0,12.0,79.8,1.1175,0
1.4,4.6,79.0,76.0,12.5,75.8,1.0938,0
0.9,3.4,46.0,58.0,12.0,75.0,1.0499,0
0.5,1.2,19.0,30.0,12.6,72.2,1.0503,0
0.4,1.0,17.0,26.0,12.7,71.6,1.0486,0
0.5,1.2,15.0,22.0,13.1,67.1,1.0079,0
0.6,2.3,48.0,50.0,13.2,64.6,0.9774,0
1.3,6.1,128.0,92.0,13.1,65.6,0.9815,0
2.9,16.8,193.0,101.0,14.7,58.5,0.9688,0
3.6,20.3,203.0,121.0,15.9,53.1,0.9529,1
3.4,16.4,220.0,130.0,17.9,46.1,0.9388,1
2.5,12.5,161.0,114.0,20.2,37.7,0.8833,0
2.1,9.8,135.0,100.0,18.5,42.8,0.9026,0
1.1,5.2,57.0,56.0,13.0,64.3,0.9586,0
1.8,8.9,91.0,75.0,15.1,54.5,0.9309,0
3.0,14.1,219.0,121.0,13.6,65.5,1.0184,1
3.1,12.7,239.0,128.0,12.3,78.3,1.1154,1
3.6,14.6,209.0,139.0,12.7,74.2,1.0863,1
3.3,12.4,169.0,122.0,14.4,64.2,1.049,0
1.8,9.4,92.0,92.0,15.6,58.3,1.0266,0
2.1,11.0,107.0,97.0,15.0,61.4,1.0385,0
2.2,8.9,122.0,98.0,13.7,65.8,1.0254,0
1.6,6.6,100.0,93.0,12.3,66.4,0.944,0
0.9,3.9,51.0,65.0,15.4,58.8,1.0215,0
1.8,7.3,93.0,81.0,14.1,64.9,1.0405,0
2.3,8.2,145.0,102.0,13.8,64.7,1.0168,0
2.0,7.5,106.0,91.0,13.5,67.8,1.042,0
0.9,3.3,46.0,56.0,13.7,69.4,1.0794,0
0.6,2.4,39.0,48.5,13.9,67.7,1.0712,0
0.6499999999999999,2.2,32.0,41.0,14.0,67.8,1.0787,0
0.7,2.8,51.0,48.0,14.6,61.1,1.0075,0
1.5,7.5,89.0,72.0,14.3,60.5,0.9847,0
3.7,19.8,214.0,106.0,14.9,56.9,0.9582,1
4.2,22.1,196.0,107.0,16.4,50.2,0.9286,1
3.4,15.0,224.0,127.0,16.0,50.9,0.9211,1
2.4,9.3,174.0,114.0,18.6,42.8,0.9091,0
1.3,6.3,90.0,101.0,19.7,33.7,0.7646,0
1.5,8.2,89.0,95.0,21.2,27.7,0.6864,0
2.2,10.9,132.0,110.0,19.7,28.5,0.6445,0
1.8,9.3,114.0,101.0,19.8,29.7,0.678,0
1.9,8.4,107.0,106.0,19.2,35.6,0.7856,0
2.3,9.4,140.0,116.0,14.2,60.5,0.9765,0
3.6,17.9,187.0,124.0,12.9,69.1,1.0249,1
4.3,17.4,222.0,133.0,12.7,70.4,1.0294,1
2.2,10.5,117.0,96.0,13.9,62.7,0.9905,0
1.5,7.5,89.0,85.0,13.9,62.9,0.9948,0
2.0,8.0,130.0,97.0,13.4,65.2,0.9996,0
2.0,7.7,133.0,97.0,13.4,64.6,0.9864,0
2.1,7.3,144.0,101.0,13.3,63.6,0.9677,0
1.5,6.4,99.0,85.0,13.3,61.8,0.9433,0
2.2,5.6,102.0,80.0,13.6,59.7,0.9271,0
0.5,1.5,27.0,33.0,14.6,53.3,0.8807,0
0.5709090909090909,1.5,31.18181818181818,34.52727272727273,14.3,51.7,0.8412,0
0.6418181818181818,1.2,35.36363636363636,36.054545454545455,10.9,67.5,0.8785,0
0.7127272727272728,1.6,39.54545454545455,37.58181818181818,7.4,85.2,0.8808,0
0.7836363636363637,2.6,43.72727272727273,39.10909090909091,8.7,81.5,0.919,0
0.8545454545454546,5.9,47.90909090909091,40.63636363636364,10.3,75.6,0.9458,0
0.9254545454545456,8.5,52.09090909090909,42.16363636363637,11.0,75.0,0.9821,0
0.9963636363636365,7.7,56.27272727272727,43.69090909090909,13.6,66.1,1.0236,0
1.0672727272727274,6.9,60.45454545454545,45.21818181818182,14.7,63.1,1.0488,0
1.1381818181818182,10.1,64.63636363636363,46.74545454545455,13.8,72.3,1.1361,0
1.2090909090909092,11.1,68.81818181818181,48.27272727272727,13.3,76.8,1.1703,0
1.2800000000000002,9.2,73.0,49.8,16.2,60.0,1.0937,0
1.350909090909091,4.3,77.18181818181819,51.32727272727273,16.3,55.3,1.0146,0
1.421818181818182,6.5,81.36363636363636,52.85454545454546,20.0,40.4,0.9354,0
1.492727272727273,5.4,85.54545454545455,54.38181818181818,19.8,35.4,0.8099,0
1.563636363636364,7.1,89.72727272727272,55.90909090909091,19.8,33.6,0.767,0
1.6345454545454547,9.5,93.9090909090909,57.43636363636364,17.8,38.5,0.7763,0
1.7054545454545456,17.0,98.0909090909091,58.96363636363637,16.7,44.6,0.8393,0
1.7763636363636366,15.4,102.27272727272728,60.49090909090909,15.1,51.8,0.8816,0
1.847272727272728,9.9,106.45454545454544,62.018181818181816,14.1,56.2,0.9028,0
1.9181818181818184,9.3,110.63636363636364,63.54545454545455,13.8,58.3,0.9147,0
1.9890909090909088,6.9,114.8181818181818,65.07272727272728,13.7,59.7,0.9285,0
2.0600000000000005,7.1,119.0,66.6,13.7,60.3,0.9405,0
2.1309090909090918,9.0,123.18181818181816,68.12727272727273,12.7,64.9,0.9506,0
2.201818181818182,8.3,127.36363636363636,69.65454545454546,12.6,65.4,0.9529,0
2.272727272727273,8.7,131.54545454545456,71.18181818181819,12.1,68.6,0.964,0
2.343636363636364,8.4,135.72727272727272,72.70909090909092,12.3,68.0,0.9722,0
2.414545454545455,8.1,139.9090909090909,74.23636363636363,11.9,71.1,0.9899,0
2.485454545454546,5.2,144.0909090909091,75.76363636363637,11.3,73.8,0.9848,0
2.5563636363636366,4.5,148.27272727272725,77.2909090909091,13.1,62.6,0.9419,0
2.627272727272728,2.6,152.45454545454544,78.81818181818181,16.8,46.8,0.8881,0
2.6981818181818187,4.8,156.63636363636363,80.34545454545454,17.9,44.8,0.9104,0
2.769090909090909,4.5,160.8181818181818,81.87272727272727,17.8,49.5,0.9986,0
2.8400000000000003,4.9,165.0,83.4,18.8,46.4,0.9968,0
2.910909090909091,5.8,169.1818181818182,84.92727272727274,19.3,44.0,0.9783,0
2.9818181818181824,4.1,173.36363636363637,86.45454545454545,14.7,68.4,1.1405,0
3.052727272727273,4.8,177.54545454545453,87.98181818181818,15.6,65.8,1.1577,0
3.123636363636364,7.0,181.72727272727272,89.50909090909092,17.7,54.0,1.0826,0
3.1945454545454552,4.8,185.9090909090909,91.03636363636365,17.8,46.7,0.9466,0
3.265454545454546,5.4,190.0909090909091,92.56363636363636,17.8,44.4,0.8967,0
3.336363636363637,6.3,194.27272727272725,94.0909090909091,17.8,44.3,0.8929,0
3.407272727272728,10.1,198.45454545454544,95.61818181818182,16.4,47.8,0.8851,0
3.4781818181818185,10.2,202.63636363636363,97.14545454545456,15.6,51.6,0.9063,0
3.5490909090909097,8.4,206.8181818181818,98.67272727272729,14.9,55.0,0.9228,0
3.620000000000001,8.9,211.0,100.2,13.8,59.8,0.9398,0
3.6909090909090914,8.8,215.1818181818182,101.72727272727272,13.8,62.1,0.9721,0
3.761818181818183,6.5,219.36363636363637,103.25454545454544,13.9,61.1,0.9656,0
3.8327272727272734,3.0,223.54545454545453,104.78181818181818,14.9,57.6,0.9684,0
3.903636363636364,1.8,227.72727272727272,106.30909090909093,14.4,60.1,0.9797,0
3.974545454545455,1.3,231.9090909090909,107.83636363636364,13.8,63.2,0.9952,0
4.045454545454546,1.8,236.0909090909091,109.36363636363636,14.2,62.9,1.0136,0
4.116363636363637,2.6,240.27272727272725,110.89090909090908,14.0,63.8,1.0167,0
4.187272727272728,9.8,244.45454545454544,112.41818181818182,13.4,67.4,1.0292,1
4.258181818181819,31.5,248.63636363636363,113.94545454545457,14.7,62.3,1.0351,1
4.32909090909091,35.2,252.8181818181818,115.47272727272728,16.0,57.3,1.0342,1
4.4,20.2,257.0,117.0,17.8,51.1,1.0362,1
2.5,13.4,178.0,107.0,20.0,45.0,1.0379,0
2.1,11.7,145.0,95.0,20.3,44.1,1.0392,0
2.4,13.4,137.0,93.0,20.7,42.4,1.0248,0
2.2,12.9,139.0,104.0,20.8,40.6,0.9888,0
2.2,13.4,130.0,102.0,21.5,39.7,1.0042,0
2.3,13.7,148.0,109.0,25.0,30.1,0.9394,0
2.1,14.2,120.0,97.0,25.2,29.7,0.9371,0
2.5,17.8,132.0,104.0,23.4,32.0,0.91,0
3.6,22.0,188.0,124.0,21.0,37.8,0.9298,1
4.0,24.4,204.0,135.0,19.2,45.7,1.0084,1
3.0,16.3,167.0,122.0,17.7,50.9,1.0232,0
2.1,12.4,128.0,109.0,16.8,53.6,1.0167,0
1.7,9.6,106.0,95.0,15.8,56.2,1.0033,0
1.1,6.4,88.0,86.0,16.0,56.5,1.0166,0
0.9,6.0,77.0,78.0,14.2,64.1,1.0346,0
0.4,2.8,36.0,53.0,15.0,59.8,1.0142,0
0.2,1.6,28.0,43.0,14.3,61.9,1.0031,0
0.2,1.6,37.0,48.0,12.8,66.0,0.969,0
0.4,1.8,46.0,53.0,11.4,70.5,0.9484,0
0.6,3.6,55.0,48.0,12.0,68.0,0.9547,0
1.4,8.4,135.0,64.0,11.3,70.4,0.9443,0
4.6,27.5,327.0,95.0,12.7,65.6,0.962,1
5.5,31.0,383.0,120.0,14.5,59.8,0.9795,1
4.8,26.0,366.0,153.0,17.5,49.8,0.9877,1
4.5,22.6,322.0,163.0,21.9,35.2,0.9128,1
3.0,18.3,188.0,119.0,23.5,29.5,0.8435,1
2.5,13.9,144.0,96.0,24.3,29.8,0.8926,0
2.3,14.4,132.0,94.0,23.8,31.7,0.9212,0
2.0,11.6,117.0,86.0,24.2,31.2,0.9257,0
1.9,12.2,121.0,91.0,26.5,27.2,0.9282,0
1.9,12.4,124.0,97.0,25.7,28.4,0.9248,0
3.5,21.1,188.0,125.0,26.3,27.5,0.9306,1
4.6,29.9,226.0,140.0,24.4,31.6,0.9545,1
6.3,34.3,266.0,158.0,23.1,35.3,0.9845,1
5.0,26.1,269.0,159.0,21.1,40.2,0.997,1
3.3,18.1,183.0,128.0,19.2,52.3,1.1516,1
2.7,14.2,167.0,114.0,18.1,58.7,1.2072,0
2.2,12.4,138.0,100.0,17.3,58.8,1.1494,0
1.7,8.7,105.0,88.0,16.9,58.8,1.125,0
0.8,5.2,54.0,67.0,17.6,57.6,1.1484,0
0.8,4.6,58.0,65.0,15.6,63.9,1.1287,0
0.6,3.1,47.5,56.0,14.9,65.7,1.1073,0
0.7,2.7,37.0,47.0,15.6,62.2,1.0961,0
0.8,4.7,84.0,57.0,14.0,68.3,1.0884,0
1.5,9.6,134.0,73.0,14.5,65.7,1.0804,0
4.1,23.6,279.0,95.0,15.5,62.2,1.0875,1
5.9,37.4,333.0,110.0,17.0,56.8,1.0909,1
5.1,26.6,336.0,121.0,18.8,52.4,1.1285,1
3.9,22.0,280.0,108.0,19.7,51.9,1.1796,1
3.4,17.9,275.0,125.0,20.9,44.6,1.0872,1
3.3,22.7,207.0,117.0,21.9,43.3,1.1265,1
5.1,29.3,305.0,131.0,20.4,55.7,1.3205,1
3.1,14.7,236.0,126.0,17.4,67.0,1.325,1
2.5,12.6,183.0,114.0,17.1,64.0,1.2413,0
2.4,12.7,162.0,123.0,17.3,61.1,1.1957,0
2.8,13.0,157.0,116.0,17.7,56.3,1.13,0
2.9,13.4,136.0,107.0,17.4,48.6,0.9559,0
3.4,14.8,166.0,123.0,17.6,43.7,0.8698,1
2.2,9.4,136.0,112.0,16.7,47.2,0.892,0
1.6,6.9,112.0,101.0,16.8,45.6,0.8636,0
1.3,5.2,87.0,91.0,16.1,52.0,0.946,0
1.3,5.7,86.0,88.0,15.5,57.1,0.996,0
1.6,6.5,98.0,96.0,16.2,50.2,0.9156,0
1.2,4.7,62.0,75.0,16.4,50.5,0.938,0
0.6,2.5,32.0,47.0,16.2,52.8,0.9626,0
0.4,1.4,26.5,36.0,16.0,53.7,0.9723,0
0.4,1.0,21.0,25.0,16.2,53.0,0.9672,0
0.4,1.7,41.0,49.0,16.2,53.7,0.9799,0
1.0,4.5,86.0,85.0,15.9,55.3,0.991,0
2.0,9.4,174.0,106.0,16.2,55.6,1.0151,0
3.6,17.9,264.0,136.0,16.0,59.3,1.0711,1
2.4,10.6,211.0,119.0,16.6,55.6,1.042,0
2.4,11.0,208.0,122.0,17.4,51.8,1.022,0
1.6,7.2,139.0,90.0,17.6,49.7,0.9944,0
1.9,8.7,138.0,97.0,17.2,52.8,1.0236,0
2.4,11.1,142.0,98.0,18.2,49.6,1.0268,0
1.7,7.9,131.0,93.0,19.5,45.0,1.0114,0
2.1,9.8,132.0,98.0,19.5,45.5,1.0189,0
3.1,16.4,178.0,123.0,19.8,44.3,1.0104,1
4.6,22.6,228.0,148.0,20.3,43.1,1.0114,1
4.5,20.2,232.0,148.0,20.3,44.4,1.0457,1
3.9,21.7,204.0,133.0,19.8,47.9,1.092,1
4.6,21.2,250.0,141.0,19.1,52.3,1.1486,1
3.3,15.9,208.0,131.0,18.2,54.7,1.1336,1
2.7,12.0,158.0,121.0,17.8,55.0,1.1097,0
3.3,17.4,197.0,123.0,17.5,56.4,1.1175,1
2.5,15.0,152.0,107.0,17.3,57.8,1.1298,0
2.1,11.1,112.0,104.0,16.8,57.5,1.0912,0
1.3,6.9,75.0,91.0,16.3,57.0,1.0484,0
1.0,5.1,74.5,89.0,16.2,56.3,1.0262,0
1.1,6.1,74.0,87.0,15.5,59.9,1.0498,0
1.2,6.5,116.0,102.0,16.0,58.3,1.0481,0
1.5,8.4,118.0,95.0,17.2,52.3,1.0169,0
3.7,22.8,272.0,140.0,18.5,49.4,1.0397,1
3.5,29.1,265.0,139.0,20.0,45.6,1.0524,1
3.3,13.6,258.0,138.0,21.0,37.9,0.9313,1
2.5,11.1,186.0,113.0,22.8,32.4,0.887,0
1.9,10.0,130.0,101.0,25.5,25.6,0.8218,0
2.0,10.5,134.0,97.0,25.9,23.6,0.7771,0
2.5,13.0,148.0,114.0,27.7,20.8,0.7599,0
2.1,12.5,147.0,110.0,27.1,21.6,0.7618,0
2.1,11.4,123.0,103.0,28.4,20.2,0.7697,0
2.3,13.1,138.0,119.0,28.1,21.9,0.8184,0
3.0,14.9,162.0,126.0,27.6,22.3,0.8116,0
4.1,19.1,214.0,144.0,25.2,24.3,0.7671,1
4.5,21.8,230.0,164.0,24.6,25.1,0.7636,1
3.5,16.1,191.0,148.0,23.1,27.2,0.7575,1
2.1,11.6,128.0,119.0,22.0,28.6,0.7483,0
2.3,12.4,138.0,111.0,20.8,34.5,0.8365,0
1.9,10.4,126.0,115.0,20.4,35.3,0.8352,0
1.9,9.7,107.0,103.0,19.1,38.3,0.8381,0
1.2,5.7,67.0,81.0,18.0,40.5,0.8271,0
1.0,5.4,55.0,71.0,17.4,43.4,0.8553,0
1.1,5.6,51.5,64.5,14.8,50.6,0.8489,0
0.8,4.4,48.0,58.0,14.6,51.4,0.8489,0
0.5,2.8,33.0,44.0,15.7,46.9,0.8329,0
0.6,3.9,41.0,49.0,15.3,49.7,0.8552,0
1.4,9.1,106.0,68.0,16.0,47.4,0.8564,0
2.6,13.6,208.0,108.0,17.6,43.3,0.8647,0
2.8,15.8,193.0,117.0,20.3,37.4,0.8807,0
2.6,12.7,191.0,127.0,23.1,30.3,0.8425,0
1.6,8.6,113.0,93.0,25.0,24.2,0.7568,0
1.7,9.4,111.0,94.0,25.6,23.5,0.7611,0
1.7,9.2,106.0,87.0,25.5,22.6,0.7288,0
1.3,6.4,82.0,75.0,26.1,21.1,0.7023,0
1.4,8.3,79.0,81.0,28.2,19.4,0.7303,0
1.4,8.1,90.0,86.0,27.4,20.5,0.7379,0
1.7,8.5,104.0,97.0,26.0,22.7,0.7532,0
2.3,11.0,148.0,117.0,23.8,27.1,0.7858,0
2.5,12.1,158.0,120.0,23.0,28.7,0.7976,0
3.3,15.0,234.0,149.0,21.7,31.8,0.8191,1
2.2,10.2,163.0,124.0,20.9,33.2,0.8098,0
1.6,9.9,95.0,97.0,20.2,34.3,0.8017,0
2.6,12.0,146.0,112.0,19.6,37.0,0.8325,0
2.3,10.5,102.0,95.0,18.1,40.9,0.8441,0
1.5,7.1,90.0,88.0,17.0,43.3,0.8341,0
0.9,4.6,41.0,54.0,16.7,43.4,0.8193,0
0.8,4.2,35.5,48.5,15.9,44.7,0.8009,0
0.6000000000000001,2.6,30.0,43.0,15.2,45.5,0.783,0
0.4,2.2,32.0,45.0,13.5,50.1,0.7706,0
0.4,2.0,34.0,47.0,14.2,49.9,0.8025,0
0.8,4.2,57.0,58.0,13.8,51.4,0.8059,0
0.9,5.2,73.0,69.0,16.3,45.1,0.8286,0
1.6,8.2,119.0,89.0,19.2,35.4,0.7812,0
2.0,9.8,138.0,105.0,25.5,21.1,0.677,0
1.6,7.9,96.0,92.0,28.2,19.0,0.7164,0
1.4,7.7,80.0,82.0,29.5,19.8,0.8013,0
0.9,4.8,45.0,56.0,30.6,19.4,0.8348,0
0.9,5.3,45.0,60.0,29.9,22.0,0.9181,0
1.2,7.1,54.0,64.0,31.5,21.9,0.997,0
1.4,9.2,66.0,85.0,31.2,24.6,1.0987,0
1.9,10.1,95.0,107.0,30.4,26.5,1.1347,0
1.8,9.9,99.0,106.0,26.8,33.5,1.1602,0
2.7,15.1,147.0,125.0,25.5,37.4,1.1995,0
2.4,10.6,129.0,118.0,23.7,39.4,1.1381,0
1.6,7.0,96.0,95.0,22.9,37.0,1.0197,0
1.4,5.9,92.0,97.0,20.8,36.3,0.8775,0
1.4,5.6,88.0,93.0,20.3,28.5,0.6686,0
1.4,5.4,89.0,85.0,19.6,26.5,0.5974,0
0.9,3.7,52.0,67.0,19.1,25.9,0.5673,0
0.5,1.8,25.0,37.0,18.4,27.6,0.5799,0
0.4,1.4,26.5,38.5,17.4,30.2,0.5945,0
0.45,1.4,28.0,40.0,16.3,34.1,0.6257,0
0.5,3.5,65.0,75.0,15.8,36.5,0.6535,0
1.3,7.0,132.0,102.0,16.0,38.1,0.6879,0
2.6,14.4,216.0,113.0,17.6,35.0,0.6965,0
2.0,8.9,180.0,142.0,18.5,31.2,0.6611,0
1.8,8.6,140.0,90.0,19.8,28.5,0.652,0
1.7,8.5,141.0,94.0,22.3,24.1,0.6394,0
1.5,8.3,123.0,92.0,24.2,21.7,0.6451,0
1.9,10.1,129.0,97.0,25.1,20.8,0.6516,0
1.7,9.1,115.0,88.0,25.8,19.5,0.6392,0
1.5,8.5,104.0,86.0,26.3,18.9,0.6344,0
1.7,7.7,129.0,99.0,25.8,18.6,0.608,0
1.7,9.0,138.0,95.0,25.7,19.4,0.6304,0
2.4,13.4,135.0,105.0,26.7,17.1,0.5909,0
3.1,15.6,163.0,121.0,24.3,19.8,0.5933,0
3.4,17.8,180.0,125.0,23.5,20.8,0.5937,1
3.0,12.7,170.0,122.0,22.0,24.0,0.6263,0
1.2,6.4,72.0,81.0,21.1,26.2,0.6481,0
1.2,7.1,69.0,73.0,20.9,28.8,0.7014,0
1.3,7.4,79.0,80.0,20.2,31.2,0.7304,0
1.0,5.2,53.0,65.0,20.0,31.5,0.7262,0
0.4,2.4,36.0,59.0,20.8,32.3,0.7813,0
0.3,2.0,30.0,50.0,20.0,34.5,0.7954,0
0.2,1.2,22.5,36.5,21.2,32.9,0.8178,0
0.35,1.5,15.0,23.0,18.3,40.0,0.8345,0
0.5,3.1,38.0,37.0,17.0,44.6,0.8593,0
0.9,6.3,68.0,54.0,17.1,45.3,0.8784,0
2.7,19.3,192.0,94.0,17.1,46.5,0.901,0
6.5,38.9,346.0,139.0,18.8,39.7,0.8547,1
3.2,14.6,225.0,115.0,20.3,38.1,0.8946,0
2.4,12.3,199.0,119.0,25.3,27.0,0.8565,0
1.9,11.0,140.0,103.0,27.4,22.8,0.8219,0
2.7,15.4,162.0,123.0,30.0,20.0,0.8338,0
2.9,17.0,173.0,126.0,30.9,19.1,0.8394,0
2.0,12.5,121.0,106.0,30.6,20.2,0.8719,0
2.3,13.8,133.0,127.0,32.2,18.9,0.8964,0
1.9,10.1,96.0,105.0,31.7,19.5,0.8981,0
3.0,19.3,141.0,130.0,30.9,20.5,0.8996,0
4.4,22.7,221.0,160.0,27.5,24.7,0.8899,1
4.7,25.5,232.0,162.0,25.8,27.0,0.8821,1
3.4,15.8,174.0,135.0,23.7,30.0,0.8633,1
2.4,12.3,138.0,122.0,22.2,33.4,0.8806,0
1.2,8.7,65.0,75.0,21.1,36.5,0.9019,0
1.7,8.3,107.0,96.0,20.2,38.6,0.9016,0
1.2,7.7,70.0,84.0,19.3,43.0,0.9535,0
0.7,4.2,44.0,68.0,19.2,43.6,0.9591,0
0.5,3.0,41.0,65.0,18.4,45.7,0.9599,0
0.3,1.8,37.0,58.5,18.7,44.3,0.9453,0
0.3,2.2,33.0,52.0,16.3,51.4,0.9468,0
0.3,2.2,32.0,46.0,17.0,49.2,0.9459,0
0.7,5.7,46.0,54.0,16.4,52.1,0.9612,0
3.1,20.9,173.0,94.0,16.4,53.4,0.9863,1
6.2,36.7,320.0,155.0,18.6,46.8,0.99,1
4.6,22.0,294.0,165.0,21.0,41.1,1.0104,1
2.6,13.4,182.0,134.0,26.4,28.9,0.9785,0
2.1,11.5,154.0,122.0,27.7,26.3,0.9652,0
2.0,13.4,118.0,113.0,30.1,22.1,0.9281,0
2.2,15.2,116.0,115.0,31.0,22.9,1.0144,0
2.1,13.0,121.0,118.0,31.0,22.6,1.0012,0
2.3,14.0,116.0,125.0,31.6,21.0,0.959,0
2.5,15.5,144.0,135.0,30.4,24.7,1.0526,0
3.4,19.3,176.0,149.0,28.8,26.3,1.0271,1
4.3,21.9,214.0,162.0,26.4,30.1,1.0204,1
3.8,21.1,191.0,151.0,24.7,31.5,0.9672,1
3.8,18.4,205.0,154.0,22.9,36.5,1.0083,1
2.0,9.3,110.0,118.0,20.8,41.8,1.0155,0
1.7,9.0,95.0,103.0,19.7,47.1,1.0666,0
2.0,9.6,126.0,122.0,18.9,52.2,1.1313,0
1.5,8.2,90.0,102.0,18.5,50.1,1.0539,0
0.8,5.8,48.0,73.0,18.0,53.0,1.0832,0
0.5,3.1,38.0,59.0,18.4,51.7,1.0819,0
0.3,1.7,26.0,42.5,19.8,46.2,1.056,0
0.3,1.6,14.0,26.0,19.6,47.7,1.0736,0
0.3,2.3,26.0,35.0,17.3,54.1,1.0582,0
0.9,6.6,83.0,68.0,15.8,59.0,1.0495,0
2.8,19.6,188.0,97.0,16.6,55.9,1.0486,0
5.4,32.9,253.0,146.0,18.7,52.8,1.1279,1
4.0,18.1,149.0,83.0,20.7,46.4,1.1227,0
2.2,12.4,155.0,117.0,26.1,30.0,0.9972,0
2.2,12.5,146.0,117.0,28.6,25.8,0.9989,0
2.0,12.0,121.0,108.0,30.3,23.3,0.9869,0
2.0,13.3,111.0,107.0,31.3,22.3,1.0043,0
1.9,12.3,116.0,120.0,31.1,22.3,0.9888,0
2.7,16.0,167.0,150.0,32.4,20.4,0.9732,0
2.2,13.7,145.0,138.0,32.6,19.3,0.935,0
3.5,21.7,192.0,148.0,31.2,20.3,0.9064,1
4.1,23.7,231.0,168.0,27.7,24.8,0.9106,1
4.4,22.1,248.0,172.0,25.7,27.9,0.908,1
4.5,20.6,267.0,179.0,24.1,29.9,0.8879,1
2.9,13.4,181.0,143.0,22.2,34.4,0.9072,0
2.6,12.8,163.0,137.0,20.7,38.0,0.9149,0
2.1,12.3,141.0,117.0,20.2,42.8,0.9983,0
1.2,6.8,78.0,93.0,20.5,42.0,1.0004,0
0.6,3.8,42.0,64.0,20.1,42.0,0.9763,0
0.3,2.5,35.0,58.0,20.0,41.5,0.9571,0
0.3,2.7,34.0,52.5,16.3,51.6,0.9461,0
0.3,2.8,33.0,47.0,16.5,50.2,0.932,0
0.3,2.6,38.0,47.0,16.4,50.2,0.931,0
0.7,7.0,65.0,62.0,14.9,54.7,0.9203,0
4.2,26.2,296.0,113.0,16.4,51.3,0.9474,1
4.8,28.2,303.0,126.0,18.2,46.2,0.9575,1
3.4,20.2,244.0,139.0,20.7,40.0,0.9639,1
2.8,17.1,216.0,148.0,26.5,27.0,0.9217,1
1.8,11.2,137.0,117.0,28.5,23.8,0.915,0
1.9,11.6,120.0,106.0,29.7,23.7,0.9714,0
2.0,13.2,100.0,98.0,31.7,21.7,0.9966,0
1.9,12.7,103.0,98.0,31.7,21.5,0.9902,0
2.0,13.0,123.0,110.0,32.8,19.5,0.9515,0
2.3,13.5,136.0,114.0,32.5,18.6,0.8948,0
2.7,10.2,158.0,122.0,30.2,22.6,0.9524,0
3.6,20.1,216.0,155.0,27.6,25.7,0.9382,1
3.8,19.1,211.0,145.0,25.9,24.9,0.8195,1
3.5,17.5,202.0,146.0,23.9,29.4,0.8589,1
2.5,13.8,147.0,130.0,22.3,32.1,0.8515,0
2.5,13.3,160.0,126.0,20.5,35.9,0.8565,0
3.0,14.8,162.0,127.0,19.8,37.2,0.8509,0
3.7,18.0,194.0,126.0,19.1,41.9,0.9158,1
3.3,16.0,167.0,124.0,17.8,46.1,0.9344,1
1.5,9.7,91.0,93.0,17.6,47.6,0.9465,0
0.7,6.2,66.5,75.5,17.9,46.3,0.9394,0
0.6,4.0,42.0,58.0,16.9,49.8,0.9544,0
0.5,3.6,50.0,59.0,15.8,53.8,0.9615,0
0.5,4.6,61.0,66.0,16.5,53.5,0.9928,0
1.2,9.2,107.0,80.0,17.2,52.9,1.0276,0
2.2,14.6,139.0,94.0,19.3,48.3,1.0723,0
2.2,11.7,165.0,102.0,20.6,47.1,1.1287,0
2.1,11.0,139.0,96.0,23.7,40.0,1.153,0
1.8,11.6,113.0,91.0,25.6,32.5,1.053,0
2.2,12.9,138.0,104.0,27.2,28.1,0.9989,0
2.0,12.6,104.0,84.0,27.9,28.1,1.0394,0
1.4,8.3,78.0,76.0,28.3,27.8,1.0539,0
1.8,10.5,97.0,87.0,29.2,27.0,1.081,0
2.1,11.7,115.0,101.0,28.9,29.3,1.1503,0
2.8,15.8,152.0,115.0,25.4,39.8,1.2771,0
2.8,13.9,157.0,110.0,25.2,40.1,1.2642,0
2.7,15.7,132.0,103.0,24.5,39.4,1.1963,0
1.8,10.9,98.0,90.0,22.3,45.4,1.2088,0
1.2,6.4,65.0,68.0,21.2,48.3,1.2034,0
2.6,12.7,101.0,85.0,20.6,50.5,1.2082,0
3.1,15.3,134.0,100.0,20.2,52.9,1.234,0
4.1,20.5,177.0,114.0,19.8,54.5,1.2488,1
3.6,15.9,179.0,108.0,19.5,56.2,1.2624,1
1.9,10.4,105.0,78.0,19.0,58.0,1.2581,0
1.9,12.6,77.0,66.5,18.1,61.6,1.2679,0
1.1,4.9,49.0,55.0,18.0,57.6,1.1788,0
0.3,2.1,27.0,37.0,17.7,56.0,1.1215,0
0.4,2.2,41.0,53.0,17.9,52.4,1.0655,0
0.8,4.0,78.0,79.0,18.9,49.3,1.0668,0
0.8,4.3,68.0,65.0,20.0,48.6,1.1199,0
0.8,3.8,64.0,64.0,20.6,41.2,0.9841,0
0.8,4.1,67.0,66.0,23.6,34.0,0.9749,0
0.9,4.5,54.0,53.0,26.7,28.1,0.9688,0
1.2,5.3,67.0,69.0,26.8,28.1,0.9785,0
1.0,4.2,51.0,57.0,27.7,25.8,0.9467,0
0.8,3.3,28.0,36.0,28.8,22.7,0.8864,0
1.1,4.9,51.0,57.0,26.8,27.3,0.9462,0
1.5,6.1,77.0,73.0,25.9,28.7,0.9423,0
1.5,6.9,93.0,81.0,25.8,27.7,0.9076,0
1.4,6.8,94.0,91.0,24.8,29.5,0.9077,0
1.1,5.8,69.0,65.0,25.3,36.3,1.1513,0
0.9,5.5,57.0,56.0,23.9,40.4,1.1787,0
1.0,6.1,74.0,69.0,21.4,46.6,1.1764,0
1.1,6.0,75.0,73.0,20.5,49.3,1.173,0
1.0,4.2,73.0,76.0,19.2,42.3,0.9339,0
0.7,4.1,56.0,67.0,19.2,37.9,0.8352,0
0.5,2.4,31.0,44.0,17.2,43.1,0.8394,0
0.2,1.0,13.0,21.0,15.8,45.2,0.8052,0
0.1666666666666666,0.6,13.5,20.0,15.7,42.3,0.7464,0
0.1333333333333333,0.5,14.0,19.0,16.3,41.0,0.7513,0
0.1,0.7,23.0,29.0,16.1,36.5,0.664,0
0.5,2.8,72.0,69.0,16.5,36.2,0.6752,0
1.6,7.8,165.0,111.0,17.5,30.9,0.6111,0
2.0,9.7,118.0,81.0,18.4,24.0,0.5046,0
1.3,6.9,85.0,56.0,19.2,23.8,0.5235,0
1.0,5.8,116.0,90.0,21.7,18.1,0.4642,0
0.9,5.5,112.0,85.0,22.3,17.0,0.4513,0
1.2,6.8,100.0,83.0,22.8,16.1,0.4404,0
1.3,7.2,109.0,85.0,23.8,14.5,0.4222,0
1.1,6.9,111.0,85.0,25.1,13.1,0.4129,0
1.2,7.5,109.0,81.0,25.8,12.9,0.4219,0
1.4,7.7,114.0,92.0,25.5,14.0,0.4495,0
2.0,12.0,139.0,108.0,24.5,15.4,0.4663,0
2.4,13.5,157.0,106.0,22.6,17.2,0.4656,0
2.1,12.0,147.0,114.0,21.2,18.9,0.471,0
1.2,6.7,102.0,96.0,19.1,22.8,0.501,0
0.7,4.8,73.0,77.0,18.4,24.6,0.5169,0
0.7,4.8,65.0,73.0,17.3,25.6,0.5032,0
0.8,5.0,76.0,86.0,16.5,24.9,0.4642,0
0.5,4.3,65.0,84.0,16.7,28.3,0.5316,0
0.2,2.7,41.0,56.0,15.5,32.2,0.5641,0
0.175,0.9,17.0,31.0,17.5,29.1,0.5773,0
0.15,1.2,18.0,30.5,13.3,35.6,0.5393,0
0.125,0.9,19.0,30.0,14.0,33.7,0.5355,0
0.1,1.7,45.0,51.0,11.6,40.0,0.5462,0
0.2,2.6,40.0,45.0,13.4,34.5,0.5272,0
1.1,8.8,101.0,82.0,15.2,31.0,0.5329,0
3.0,22.2,183.0,100.0,16.3,27.5,0.5066,1
2.1,15.3,149.0,91.0,19.2,20.0,0.439,0
2.6,14.0,207.0,130.0,24.9,13.0,0.4038,0
3.2,18.5,289.0,155.0,28.3,9.9,0.3754,1
2.1,13.5,159.0,114.0,29.2,9.8,0.3914,0
2.2,15.8,162.0,127.0,31.6,9.2,0.419,0
2.4,18.5,173.0,138.0,32.6,9.3,0.4499,0
2.484210526315789,12.6,173.75,137.9,32.6,9.2,0.4463,0
2.568421052631579,12.0,174.5,137.8,32.3,10.0,0.4747,0
2.652631578947368,15.4,175.25,137.7,32.1,10.7,0.4996,0
2.736842105263158,24.9,176.0,137.6,29.7,12.2,0.5007,1
2.8210526315789477,25.92,176.75,137.5,29.08,13.766666666666666,0.5235866666666666,1
2.905263157894737,26.94,177.5,137.4,28.46,15.333333333333332,0.5464733333333334,1
2.9894736842105263,27.96,178.25,137.3,27.84,16.9,0.56936,1
3.073684210526316,28.98,179.0,137.2,27.22,18.46666666666667,0.5922466666666667,1
3.1578947368421053,30.0,179.75,137.1,26.6,20.03333333333333,0.6151333333333333,1
3.2421052631578946,31.02,180.5,137.0,25.98,21.6,0.63802,1
3.326315789473684,32.04,181.25,136.9,25.36,23.166666666666668,0.6609066666666666,1
3.4105263157894736,33.06,182.0,136.8,24.74,24.73333333333333,0.6837933333333334,1
3.494736842105264,34.08,182.75,136.7,24.12,26.3,0.70668,1
3.578947368421052,35.1,183.5,136.6,23.5,27.866666666666667,0.7295666666666667,1
3.663157894736842,36.120000000000005,184.25,136.5,22.88,29.433333333333334,0.7524533333333333,1
3.747368421052632,37.14,185.0,136.4,22.26,31.000000000000004,0.7753399999999999,1
3.831578947368421,38.16,185.75,136.3,21.64,32.56666666666667,0.7982266666666666,1
3.91578947368421,39.18,186.5,136.2,21.02,34.13333333333334,0.8211133333333334,1
4.0,40.2,187.25,136.1,20.4,35.7,0.844,1
2.2,14.9,188.0,136.0,26.1,23.8,0.7938,0
1.8,13.8,159.0,135.0,28.8,21.1,0.8193,0
1.6,12.3,146.0,115.0,29.6,19.4,0.7897,0
1.8,14.0,127.0,112.0,31.6,16.4,0.7489,0
1.6,11.8,128.0,112.0,32.3,13.3,0.6303,0
1.6,12.0,120.0,109.0,31.8,13.5,0.6249,0
1.3,9.7,115.0,112.0,31.8,13.8,0.6394,0
1.3085106382978724,18.0,115.38297872340424,112.06382978723404,31.0,15.9,0.7039,0
1.3170212765957447,22.6,115.76595744680851,112.12765957446808,28.6,18.7,0.7216,0
1.325531914893617,22.7,116.14893617021276,112.19148936170212,26.7,19.5,0.6754,0
1.3340425531914897,20.3,116.53191489361704,112.25531914893617,25.0,24.4,0.7616,0
1.3425531914893618,13.1,116.91489361702128,112.3191489361702,22.8,28.4,0.7804,0
1.3510638297872342,10.9,117.29787234042551,112.38297872340424,21.7,29.2,0.7458,0
1.3595744680851063,13.3,117.6808510638298,112.44680851063828,21.1,30.9,0.7617,0
1.3680851063829786,9.5,118.06382978723404,112.51063829787236,19.9,36.3,0.8349,0
1.376595744680851,6.6,118.44680851063828,112.5744680851064,18.6,39.3,0.8355,0
1.3851063829787231,3.6,118.82978723404256,112.63829787234044,18.6,38.8,0.8228,0
1.3936170212765957,2.3,119.2127659574468,112.70212765957449,19.0,38.9,0.8468,0
1.402127659574468,2.0,119.59574468085108,112.76595744680851,18.0,40.9,0.8394,0
1.4106382978723404,4.1,119.97872340425532,112.82978723404256,15.5,48.6,0.8505,0
1.4191489361702128,6.5,120.36170212765956,112.8936170212766,16.0,47.9,0.8659,0
1.4276595744680851,24.8,120.74468085106383,112.95744680851064,17.0,46.0,0.883,0
1.4361702127659577,34.4,121.12765957446808,113.02127659574468,19.0,41.6,0.9039,1
1.4446808510638298,24.5,121.51063829787232,113.08510638297872,21.8,35.0,0.9002,0
1.4531914893617022,9.0,121.8936170212766,113.14893617021276,25.6,28.0,0.9088,0
1.4617021276595743,8.4,122.27659574468083,113.2127659574468,26.4,23.1,0.7853,0
1.4702127659574469,11.5,122.65957446808513,113.27659574468083,27.1,24.2,0.856,0
1.4787234042553192,12.1,123.04255319148936,113.34042553191487,27.5,20.9,0.7565,0
1.4872340425531916,10.1,123.4255319148936,113.40425531914892,29.5,19.7,0.8015,0
1.4957446808510635,11.9,123.80851063829788,113.46808510638296,30.6,18.6,0.8014,0
1.5042553191489365,11.3,124.19148936170212,113.53191489361704,31.3,15.8,0.7106,0
1.5127659574468084,20.2,124.5744680851064,113.59574468085108,29.4,21.0,0.8452,0
1.5212765957446808,24.8,124.95744680851064,113.65957446808513,27.0,23.5,0.8256,0
1.5297872340425531,20.3,125.34042553191487,113.72340425531917,25.8,26.7,0.8758,0
1.5382978723404257,16.2,125.72340425531917,113.7872340425532,23.7,28.4,0.8225,0
1.5468085106382978,13.3,126.1063829787234,113.85106382978724,21.3,33.0,0.8284,0
1.5553191489361702,10.3,126.48936170212768,113.91489361702128,20.5,35.3,0.8435,0
1.5638297872340423,9.6,126.87234042553192,113.97872340425532,19.4,38.1,0.8511,0
1.5723404255319149,7.8,127.25531914893617,114.04255319148936,19.4,40.7,0.9045,0
1.5808510638297872,6.1,127.63829787234044,114.1063829787234,17.8,44.9,0.903,0
1.5893617021276596,6.2,128.02127659574467,114.17021276595744,16.6,49.7,0.9295,0
1.597872340425532,3.8,128.40425531914894,114.23404255319149,16.5,48.6,0.9028,0
1.6063829787234043,2.8,128.7872340425532,114.29787234042551,15.2,53.6,0.919,0
1.6148936170212769,3.4,129.17021276595744,114.36170212765956,15.5,51.7,0.9019,0
1.6234042553191488,8.2,129.5531914893617,114.4255319148936,14.9,54.8,0.9247,0
1.6319148936170214,19.2,129.93617021276594,114.48936170212764,16.3,51.3,0.9416,0
1.6404255319148937,22.6,130.31914893617022,114.55319148936172,18.4,45.7,0.9559,0
1.648936170212766,19.4,130.70212765957447,114.61702127659576,20.8,43.6,1.0614,0
1.6574468085106382,9.6,131.08510638297872,114.6808510638298,24.3,35.1,1.0477,0
1.6659574468085103,9.8,131.46808510638297,114.74468085106383,26.4,29.3,0.9889,0
1.674468085106383,14.4,131.85106382978722,114.80851063829788,28.3,25.0,0.9495,0
1.6829787234042553,12.1,132.2340425531915,114.87234042553192,28.9,23.7,0.9285,0
1.6914893617021276,13.5,132.61702127659575,114.93617021276596,28.5,25.8,0.9931,0
1.7,12.3,133.0,115.0,29.6,18.9,0.7692,0
1.7,12.2,131.0,117.0,28.0,23.2,0.8613,0
2.1,12.5,133.0,105.0,23.6,41.0,1.1786,0
2.2,13.9,141.0,114.0,21.5,48.1,1.2148,0
1.8,11.4,112.0,103.0,22.1,44.1,1.1573,0
1.8,10.4,147.0,119.0,20.2,47.2,1.1043,0
0.9,7.0,104.0,102.0,20.0,47.6,1.103,0
1.0,7.0,97.0,96.0,19.8,46.8,1.0697,0
2.0,11.3,128.0,109.0,19.6,47.0,1.0606,0
1.8,9.2,138.0,119.0,19.3,46.3,1.0279,0
1.1,6.8,93.0,103.0,18.5,48.7,1.0286,0
0.6,5.1,71.0,84.0,18.0,51.4,1.0504,0
0.3,3.4,57.5,71.5,17.9,50.8,1.0355,0
0.2333333333333333,4.3,44.0,59.0,17.7,51.9,1.0379,0
0.1666666666666666,1.5,18.0,29.0,17.7,49.7,0.997,0
0.1,2.0,41.0,45.0,17.9,46.1,0.9383,0
0.5,4.0,84.0,80.0,18.4,43.9,0.9192,0
0.6,4.0,77.0,77.0,18.9,42.1,0.9081,0
0.5,4.0,73.0,68.0,19.2,39.7,0.8728,0
0.7,4.2,72.0,66.0,20.8,36.6,0.8878,0
0.7,4.5,77.0,70.0,21.3,35.8,0.8975,0
0.9,6.0,82.0,74.0,21.8,34.9,0.9004,0
0.7,4.8,67.0,64.0,22.8,31.4,0.8615,0
0.4,3.8,59.0,60.0,22.9,31.3,0.862,0
0.5,4.2,61.0,63.0,22.9,30.7,0.8461,0
0.6,5.1,76.0,75.0,23.8,29.2,0.8499,0
0.6,5.6,73.0,79.0,23.2,30.2,0.8442,0
0.8,5.8,87.0,83.0,22.4,31.3,0.8365,0
1.0,7.0,98.0,93.0,21.7,32.2,0.825,0
1.2,7.9,123.0,112.0,20.8,33.2,0.8061,0
1.0,6.5,102.0,103.0,20.1,35.0,0.8149,0
1.3,8.5,102.0,93.0,19.5,36.9,0.8258,0
2.7,13.7,142.0,112.0,19.0,38.2,0.8327,0
2.7,13.8,148.0,125.0,18.5,39.4,0.832,0
1.6,9.1,107.0,107.0,17.8,41.7,0.844,0
0.6,6.5,61.0,76.0,19.2,42.0,0.9248,0
0.3,6.2,52.0,65.5,17.8,44.8,0.9048,0
0.2,5.2,43.0,55.0,17.0,47.7,0.9185,0
0.1,3.1,25.0,37.0,17.2,47.2,0.9178,0
0.1,2.9,32.0,45.0,17.3,47.6,0.9295,0
0.2,3.6,48.0,61.0,18.6,44.2,0.9385,0
0.3,2.7,60.0,67.0,20.2,37.8,0.8837,0
0.3,3.0,52.0,60.0,22.0,31.9,0.8335,0
0.4,3.7,58.0,64.0,25.5,25.9,0.8339,0
0.3,3.8,54.0,64.0,27.5,22.8,0.8249,0
0.3,4.2,52.0,59.0,28.7,20.7,0.8024,0
0.1,2.6,34.0,41.0,29.1,19.6,0.7771,0
0.1,2.8,41.0,46.0,29.8,18.4,0.7595,0
0.2,4.2,41.0,46.0,32.0,15.0,0.7028,0
0.6,6.2,65.0,77.0,30.3,17.0,0.7232,0
0.5,5.2,65.0,83.0,31.7,16.2,0.745,0
0.9,7.7,84.0,90.0,29.2,19.6,0.7817,0
1.1,8.8,89.0,95.0,27.4,23.8,0.858,0
1.3,10.1,114.0,113.0,25.0,26.9,0.8408,0
1.5,9.8,127.0,128.0,23.6,30.1,0.8663,0
1.2,8.4,117.0,117.0,22.3,33.6,0.8913,0
0.4,5.4,46.0,64.0,21.4,36.9,0.9271,0
0.2,4.3,16.0,28.0,20.6,39.9,0.9597,0
0.3,4.8,27.0,46.0,19.7,43.2,0.9812,0
0.3399999999999999,2.1,4.0,8.0,19.7,42.4,0.9636,0
0.38,1.4,11.5,20.0,18.9,45.0,0.9703,0
0.42,1.3,19.0,32.0,18.7,45.4,0.9694,0
0.4599999999999999,2.3,48.0,57.0,16.4,52.4,0.9709,0
0.5,6.5,82.0,60.0,16.6,52.1,0.9785,0
1.6,14.2,167.0,83.0,17.4,50.9,1.0017,0
3.6,22.7,248.0,129.0,19.3,46.0,1.0185,1
2.2,16.3,213.0,137.0,20.9,43.6,1.0683,0
1.6,14.1,161.0,121.0,25.6,33.3,1.0773,0
1.4,12.6,144.0,123.0,28.9,26.0,1.0188,0
1.4,13.1,127.0,120.0,30.3,22.8,0.9695,0
1.5,14.2,116.0,119.0,30.9,24.4,1.0724,0
1.3,13.8,124.0,121.0,30.5,26.2,1.1278,0
1.2,12.1,115.0,111.0,30.7,23.4,1.015,0
1.8,15.7,150.0,128.0,28.1,29.8,1.1132,0
3.0,21.4,221.0,159.0,26.9,32.2,1.1267,1
3.5,25.0,227.0,161.0,26.0,34.6,1.1485,1
2.4,16.6,156.0,116.0,24.5,37.7,1.1454,0
1.1,10.7,97.0,96.0,21.7,46.9,1.2044,0
0.8,7.5,78.0,69.0,19.3,68.8,1.519,0
0.4,5.3,60.0,58.0,17.6,81.6,1.6296,0
0.6,6.5,61.0,59.0,17.8,80.3,1.6212,0
0.3,4.7,46.0,45.0,18.6,75.7,1.6074,0
0.26,2.9,17.0,23.0,19.6,68.4,1.5443,0
0.22,2.0,18.0,26.0,18.0,76.4,1.5608,0
0.18,1.1,17.0,25.0,17.3,77.2,1.5104,0
0.14,1.3,16.0,24.0,16.5,82.3,1.5318,0
0.1,2.4,39.0,41.0,16.8,81.3,1.5452,0
0.3,6.1,107.0,65.0,17.3,78.6,1.5412,0
1.4,12.5,190.0,94.0,16.9,80.9,1.5472,0
2.7,19.5,236.0,100.0,17.1,79.8,1.542,1
2.3,15.2,227.0,103.0,18.5,70.3,1.4826,0
1.8,12.0,211.0,89.0,19.6,66.7,1.5023,0
1.6,12.4,201.0,86.0,20.4,63.1,1.4969,0
1.9,15.9,191.0,89.0,21.6,61.8,1.5775,0
2.5,15.7,192.0,88.0,24.0,49.3,1.4509,0
1.6,13.5,143.0,73.0,25.7,43.8,1.4262,0
1.5,12.4,148.0,78.0,24.6,47.5,1.4487,0
2.5,17.1,183.0,95.0,24.8,47.4,1.4628,0
3.6,22.0,216.0,109.0,23.7,50.5,1.4636,1
3.5,19.9,184.0,95.0,23.0,53.8,1.4968,1
4.8,27.9,248.0,101.0,21.5,65.8,1.6688,1
3.7,19.7,221.0,88.0,21.0,66.9,1.6436,1
2.1,15.7,159.0,77.0,20.6,68.1,1.6329,0
1.6,12.0,136.0,75.0,20.5,66.9,1.5914,0
2.2,13.1,168.0,81.0,20.2,65.2,1.5251,0
0.8,9.2,95.0,57.0,19.5,68.0,1.5269,0
0.8296875,7.5,70.0,49.0,19.9,66.4,1.5203,0
0.859375,4.9,43.0,38.0,19.1,69.0,1.5043,0
0.8890625000000001,5.2,36.5,34.5,18.5,70.7,1.4962,0
0.91875,3.2,30.0,31.0,18.9,67.8,1.4689,0
0.9484375,2.4,22.0,23.0,20.0,63.7,1.4742,0
0.978125,2.8,25.0,22.0,19.8,64.7,1.4769,0
1.0078125,3.9,48.0,33.0,19.7,65.3,1.4843,0
1.0375,6.9,73.0,43.0,20.8,62.0,1.5002,0
1.0671875000000002,8.5,95.0,53.0,22.2,56.6,1.4973,0
1.096875,8.9,86.0,54.0,24.3,49.0,1.4724,0
1.1265625,8.8,102.0,62.0,25.0,46.5,1.4492,0
1.15625,7.4,80.0,53.0,28.9,34.8,1.3603,0
1.1859375,4.7,36.0,34.0,29.6,33.4,1.3581,0
1.2156250000000002,4.8,32.0,30.0,30.9,30.7,1.3493,0
1.2453125,6.8,46.0,37.0,31.8,31.0,1.4286,0
1.275,8.9,61.0,47.0,31.4,31.2,1.4127,0
1.3046875,8.1,59.0,44.0,28.9,35.7,1.3985,0
1.334375,10.5,76.0,53.0,27.2,42.5,1.5135,0
1.3640625000000002,14.8,145.0,88.0,26.2,46.4,1.5573,0
1.39375,11.8,140.0,95.0,24.5,51.0,1.5454,0
1.4234375,8.7,102.0,82.0,22.8,56.1,1.5353,0
1.453125,8.7,89.0,59.0,21.9,60.9,1.5799,0
1.4828125,6.9,62.0,43.0,21.7,61.0,1.5617,0
1.5125000000000002,7.3,69.0,51.0,20.8,64.8,1.568,0
1.5421875,6.9,63.0,49.0,20.3,70.9,1.6699,0
1.571875,4.6,31.0,36.0,18.9,79.0,1.704,0
1.6015625,1.3,24.0,30.0,18.1,64.6,1.3276,0
1.63125,1.7,17.0,24.0,18.6,64.5,1.3655,0
1.6609375000000002,3.2,61.0,58.0,17.6,67.4,1.346,0
1.6906250000000005,10.1,184.0,73.0,17.6,67.6,1.3479,0
1.7203125,19.9,248.0,74.0,19.0,61.7,1.3393,0
1.75,20.2,220.0,97.0,20.0,57.4,1.3268,0
1.7796875,20.8,243.0,108.0,22.6,45.9,1.2418,0
1.809375,15.1,164.0,93.0,27.3,34.3,1.2284,0
1.8390625,10.9,160.97619047619048,92.28571428571428,27.4,31.0,1.1184,0
1.86875,11.1,157.95238095238096,91.57142857142856,26.2,33.6,1.1244,0
1.8984375,12.1,154.92857142857142,90.85714285714286,26.8,32.4,1.1263,0
1.928125,8.6,151.9047619047619,90.14285714285714,28.7,27.7,1.071,0
1.9578125,9.7,148.88095238095238,89.42857142857143,28.7,25.0,0.9684,0
1.9875,11.0,145.85714285714286,88.71428571428571,29.1,22.3,0.8811,0
2.0171875000000004,16.6,142.83333333333334,88.0,29.0,24.5,0.9655,0
2.046875,14.7,139.8095238095238,87.28571428571429,27.2,28.3,1.0016,0
2.0765625,19.5,136.78571428571428,86.57142857142857,25.3,30.0,0.952,0
2.10625,14.5,133.76190476190476,85.85714285714286,24.1,34.8,1.0333,0
2.1359375,7.8,130.73809523809524,85.14285714285714,23.0,43.1,1.1993,0
2.1656250000000004,7.8,127.71428571428572,84.42857142857143,22.1,43.9,1.1521,0
2.1953125,7.8,124.6904761904762,83.71428571428571,21.0,48.1,1.178,0
2.225,8.5,121.66666666666669,83.0,20.6,49.2,1.1754,0
2.2546875,5.7,118.64285714285714,82.28571428571428,21.2,47.6,1.1799,0
2.284375,4.5,115.61904761904762,81.57142857142857,21.0,50.1,1.2338,0
2.3140625000000004,5.6,112.5952380952381,80.85714285714286,20.1,53.1,1.2342,0
2.34375,4.6,109.57142857142856,80.14285714285714,19.0,54.0,1.1745,0
2.3734375,1.2,106.54761904761904,79.42857142857143,19.2,51.1,1.124,0
2.403125,3.4,103.52380952380952,78.71428571428571,19.2,53.1,1.1662,0
2.4328125000000003,17.0,100.5,78.0,20.6,49.0,1.1748,0
2.4625000000000004,10.0,97.47619047619048,77.28571428571428,21.8,41.9,1.077,0
2.4921875,6.0,94.45238095238096,76.57142857142857,22.8,37.6,1.0315,0
2.521875,5.7,91.42857142857144,75.85714285714286,24.8,31.3,0.9646,0
2.5515625,6.9,88.40476190476191,75.14285714285714,26.0,29.4,0.976,0
2.5812500000000003,9.5,85.38095238095238,74.42857142857143,27.0,27.8,0.9731,0
2.6109375000000004,11.1,82.35714285714286,73.71428571428572,27.0,29.3,1.0277,0
2.640625,8.1,79.33333333333334,73.0,27.0,29.6,1.0419,0
2.6703125,10.2,76.30952380952381,72.28571428571428,25.8,32.6,1.072,0
2.7,13.3,73.28571428571429,71.57142857142857,26.2,32.6,1.0892,0
3.6,16.6,70.26190476190476,70.85714285714286,28.3,27.5,1.0418,0
3.3,16.9,67.23809523809524,70.14285714285714,26.5,29.7,1.0123,0
3.6,17.5,64.21428571428572,69.42857142857143,25.7,31.8,1.0317,0
2.9,13.1,61.19047619047619,68.71428571428572,24.4,35.2,1.0632,0
1.9,9.2,58.16666666666667,68.0,23.5,36.9,1.0518,0
2.0,10.0,55.14285714285714,67.28571428571428,22.4,41.0,1.1006,0
2.9,13.1,52.11904761904762,66.57142857142857,21.7,44.7,1.1451,0
2.7,12.9,49.0952380952381,65.85714285714286,21.1,48.1,1.1864,0
1.5,7.8,46.07142857142857,65.14285714285714,20.7,50.0,1.203,0
1.6,9.2,43.04761904761905,64.42857142857143,19.8,53.1,1.2093,0
1.3,6.9,40.02380952380953,63.71428571428572,19.8,53.6,1.2214,0
0.7,4.5,37.0,63.0,19.6,54.8,1.236,0
0.7,4.9,57.0,71.0,19.3,57.3,1.265,0
1.2,7.9,131.0,91.0,19.7,58.4,1.3254,0
1.5,7.4,171.0,95.0,19.8,59.4,1.3554,0
1.5,8.0,187.0,96.0,20.9,54.8,1.3387,0
1.6,7.6,133.0,81.0,22.4,47.9,1.2817,0
1.1,5.3,87.0,68.0,24.1,41.3,1.2202,0
1.1,5.3,61.0,57.0,25.9,36.9,1.2133,0
1.4,8.0,86.0,68.0,30.7,26.0,1.1287,0
1.4,8.4,83.0,72.0,30.3,25.2,1.0652,0
1.0,6.0,61.0,62.0,30.1,25.4,1.0641,0
1.3,7.3,80.0,75.0,27.6,35.1,1.2764,0
1.9,10.2,110.0,92.0,26.6,47.6,1.6315,0
1.7,9.0,108.0,89.0,30.4,31.3,1.3331,0
2.3,14.0,134.0,105.0,27.8,35.0,1.282,0
2.4,16.1,133.0,111.0,26.6,37.9,1.2994,0
1.8,8.2,118.0,102.0,23.4,44.4,1.2646,0
0.6,3.8,17.0,30.0,23.0,51.1,1.4175,0
0.8,5.6,26.0,43.0,22.1,53.5,1.4087,0
1.7,8.0,55.0,67.0,21.6,53.6,1.3674,0
1.1,5.6,39.0,58.0,21.9,52.7,1.365,0
0.6,3.8,15.0,24.0,21.3,54.9,1.3707,0
1.1,6.6,47.0,58.0,17.5,79.1,1.5709,0
1.1,7.0,48.0,60.0,17.6,78.6,1.5722,0
1.0,5.2,49.0,62.0,17.1,81.8,1.5816,0
0.5,2.4,21.0,34.0,16.6,80.2,1.5002,0
0.7,3.1,33.0,46.0,16.8,77.4,1.4739,0
1.0,5.2,63.0,62.0,18.3,66.5,1.381,0
1.2,5.9,73.0,70.0,20.4,55.8,1.3196,0
0.7,2.8,51.0,54.0,21.6,45.3,1.1533,0
0.9,3.4,61.0,61.0,23.1,39.4,1.0983,0
0.8,3.0,52.0,53.0,25.4,31.6,1.0058,0
0.8,3.4,49.0,49.0,26.6,29.0,0.9928,0
0.5,2.3,40.0,48.0,25.9,28.8,0.9475,0
0.5,2.7,36.0,45.0,27.0,28.0,0.981,0
0.7,3.6,51.0,60.0,23.6,38.1,1.0917,0
0.9,4.2,56.0,59.0,25.9,32.0,1.0529,0
1.0,4.9,71.0,67.0,26.3,31.5,1.0643,0
1.2,5.9,79.0,72.0,23.9,36.8,1.0774,0
1.3,6.6,117.0,88.0,23.7,36.8,1.0609,0
1.6,7.6,127.0,94.0,22.5,37.8,1.0157,0
1.4,7.0,118.0,89.0,21.8,39.2,1.0115,0
1.7,7.5,130.0,96.0,20.9,42.6,1.04,0
1.7,8.4,131.0,98.0,20.0,45.6,1.0555,0
1.4,7.0,102.0,95.0,19.3,47.9,1.059,0
0.8,3.9,48.0,64.0,18.7,49.0,1.0462,0
0.4,2.6,22.0,38.0,17.8,54.1,1.0938,0
0.3,2.0,22.0,36.0,18.6,52.7,1.1206,0
0.4,2.1,22.0,34.0,17.2,57.9,1.127,0
0.5,2.4,44.0,40.0,18.2,54.1,1.1155,0
1.5,9.6,167.0,76.0,17.3,57.6,1.1289,0
2.6,15.4,220.0,90.0,19.9,49.4,1.1354,0
4.3,25.0,285.0,118.0,21.7,44.2,1.1321,1
3.1,15.1,272.0,118.0,23.5,40.0,1.1386,1
2.9,17.4,238.0,122.0,28.4,29.7,1.1345,1
2.5,14.1,207.0,120.0,31.6,24.1,1.0994,0
1.9,11.8,152.0,132.0,31.3,24.1,1.0816,0
2.5,14.9,185.0,115.0,34.4,20.4,1.0857,0
2.5,16.0,184.0,127.0,33.7,21.3,1.0988,0
2.8,16.5,205.0,126.0,35.9,18.9,1.0999,0
2.3,15.2,172.0,113.0,34.3,19.4,1.0279,0
3.3,18.9,227.0,124.0,33.5,19.9,1.0112,1
2.8,19.0,187.0,108.0,30.5,24.2,1.0386,0
4.8,28.9,290.0,142.0,30.3,26.2,1.1161,1
2.5,13.4,155.0,125.0,27.0,36.7,1.2898,0
2.0,10.9,108.0,116.0,24.6,41.9,1.2752,0
1.8,8.9,94.0,101.0,23.3,44.5,1.2566,0
1.7,8.5,103.0,101.0,22.4,46.9,1.2544,0
1.3,6.7,78.0,92.0,21.7,50.8,1.3019,0
0.7,4.2,38.0,55.0,21.0,51.9,1.2794,0
0.5,2.5,26.0,42.0,20.5,54.3,1.2926,0
0.4,1.7,22.5,36.0,20.9,52.5,1.2852,0
0.3,1.4,19.0,30.0,21.0,53.1,1.3031,0
0.5,2.8,35.0,40.0,19.6,57.1,1.2851,0
1.4,8.8,126.0,69.0,18.2,62.3,1.2903,0
3.3,19.4,309.0,100.0,19.5,57.7,1.2966,1
5.8,36.1,376.0,125.0,21.6,51.7,1.313,1
5.0,27.1,441.0,174.0,23.9,44.4,1.3029,1
3.5,19.0,309.0,171.0,28.1,35.2,1.312,1
2.9,16.9,220.0,149.0,31.4,28.6,1.298,1
2.5,15.7,168.0,124.0,33.7,25.5,1.3095,0
2.3,14.1,149.0,119.0,35.9,20.8,1.2103,0
2.4,16.5,160.0,130.0,37.5,18.1,1.1529,0
2.6,14.8,177.0,143.0,37.7,17.7,1.1383,0
2.2,13.0,176.5,163.0,37.8,17.4,1.1219,0
3.5,21.4,176.0,183.0,36.6,20.6,1.2445,1
3.9,23.6,202.0,161.0,32.5,26.0,1.2502,1
4.5,25.0,255.0,170.0,30.8,27.2,1.1832,1
3.8,21.6,210.0,143.0,28.8,30.2,1.1761,1
2.8,15.7,157.0,123.0,26.7,35.4,1.2233,0
1.7,10.9,96.0,89.0,25.3,40.7,1.291,0
1.2,8.1,59.0,67.0,24.9,41.2,1.2809,0
1.6,10.2,81.0,81.0,23.7,45.1,1.3033,0
1.0,7.5,40.0,54.0,22.5,49.0,1.3151,0
0.9,5.8,42.0,57.0,22.3,50.6,1.3486,0
0.5,3.8,36.5,54.0,22.0,50.5,1.3199,0
0.5,3.3,31.0,51.0,20.8,54.4,1.3229,0
0.5,4.0,54.0,58.0,20.3,56.0,1.3204,0
1.0,8.1,88.0,69.0,20.5,54.8,1.3073,0
3.5,22.3,261.0,107.0,21.7,50.6,1.2981,1
6.4,36.9,357.0,151.0,23.4,46.1,1.3091,1
2.9,17.5,265.0,146.0,25.1,43.0,1.3488,1
3.4,19.3,247.0,165.0,30.1,32.8,1.3795,1
2.8,17.6,189.0,159.0,34.7,25.9,1.4069,1
2.8,18.6,168.0,174.0,37.2,23.2,1.4478,1
2.8,18.0,183.0,167.0,39.5,18.3,1.2917,1
2.3,14.0,157.0,137.0,40.6,15.3,1.1485,0
1.8,10.9,113.0,116.0,40.3,16.1,1.1896,0
2.0,11.1,140.0,125.0,40.3,14.2,1.0494,0
3.5,21.6,230.0,194.0,39.6,16.7,1.1867,1
4.9,27.6,277.0,222.0,37.3,23.4,1.4672,1
4.6,25.6,295.0,206.0,33.7,27.7,1.4213,1
3.4,18.6,212.0,162.0,30.7,32.2,1.3983,1
2.7,15.2,151.0,132.0,28.4,35.7,1.3549,0
1.9,11.7,110.0,107.0,26.5,38.6,1.3154,0
1.5,8.7,83.0,84.0,25.4,40.1,1.2822,0
1.0,7.6,48.0,61.0,24.1,43.3,1.2839,0
0.7,5.2,27.0,42.0,23.9,45.6,1.3328,0
1.0,5.9,48.0,66.0,22.0,52.8,1.3752,0
0.6,4.0,40.5,58.0,20.7,56.1,1.3565,0
0.75,3.3,33.0,50.0,20.1,57.3,1.3352,0
0.9,5.4,75.0,76.0,19.5,59.4,1.3328,0
1.2,8.7,101.0,78.0,20.0,56.6,1.3095,0
2.9,19.9,214.0,104.0,21.7,53.9,1.3848,1
4.8,30.4,290.0,139.0,23.7,49.0,1.4152,1
4.3,24.6,311.0,166.0,25.9,44.3,1.4544,1
3.1,16.9,234.0,151.0,30.1,34.3,1.4414,1
2.4,13.6,157.0,134.0,33.5,27.2,1.3859,0
2.8,15.3,165.0,148.0,35.4,26.1,1.4806,0
2.5,14.1,137.0,126.0,37.9,23.2,1.502,0
2.6,17.0,149.0,144.0,39.7,18.7,1.3306,0
2.3,13.8,140.0,133.0,40.4,17.2,1.2774,0
2.4,13.6,139.0,139.0,40.0,18.8,1.363,0
3.5,21.2,221.0,178.0,38.9,18.8,1.29,1
4.8,25.9,318.0,206.0,35.8,22.1,1.2792,1
5.1,25.4,363.0,211.0,33.1,25.9,1.2923,1
4.7,23.6,341.0,180.0,30.9,28.2,1.2388,1
2.4,12.0,163.0,116.0,27.5,32.6,1.176,0
2.5,14.2,157.0,118.0,26.3,34.3,1.1605,0
2.7,14.2,202.0,115.0,25.5,34.1,1.0968,0
1.5,10.4,102.0,96.0,24.7,39.3,1.2065,0
1.1,7.5,70.0,86.0,24.2,39.5,1.1764,0
0.6,3.5,41.0,65.0,24.8,37.8,1.1639,0
0.5,2.5,38.5,59.0,22.7,43.8,1.1952,0
0.4,2.6,36.0,53.0,22.0,44.3,1.1553,0
0.6,4.0,68.0,74.0,19.3,51.4,1.1364,0
1.0,7.0,92.0,69.0,19.8,50.4,1.1525,0
4.6,24.8,332.0,131.0,20.5,48.2,1.1474,1
4.8,28.9,333.0,134.0,22.8,42.7,1.1667,1
4.0,21.5,298.0,148.0,25.6,35.8,1.1548,1
3.0,12.9,222.0,135.66666666666666,30.0,27.5,1.1509,0
2.0,12.2,146.0,123.33333333333331,34.4,21.0,1.1248,0
2.0,13.1,120.0,111.0,35.9,19.6,1.1422,0
2.0,13.3,108.0,110.0,37.2,18.2,1.1389,0
1.9,12.5,109.0,110.0,37.3,16.6,1.0435,0
1.9,13.0,124.0,116.0,37.4,14.9,0.9413,0
1.9,12.3,127.0,120.0,36.4,15.1,0.9005,0
2.6,15.2,185.0,142.0,35.4,14.7,0.8323,0
3.2,19.1,230.0,146.0,34.2,14.2,0.7502,1
3.4,19.7,265.0,153.0,31.1,18.7,0.8302,1
3.4,18.6,261.0,158.0,29.1,22.0,0.8702,1
2.9,16.1,219.0,140.0,27.2,22.5,0.7962,1
2.7,15.0,180.0,127.0,25.3,24.6,0.7796,0
1.3,7.3,108.0,97.0,24.9,27.2,0.8429,0
1.3,8.9,98.0,91.0,23.5,32.2,0.922,0
0.9,6.6,57.0,68.0,23.5,32.7,0.9349,0
0.6,4.3,36.0,52.0,24.1,32.0,0.9467,0
0.5,3.2,40.5,55.0,22.6,34.8,0.9441,0
0.5,4.1,45.0,58.0,20.8,40.2,0.9725,0
0.9,6.0,87.0,78.0,18.8,46.6,1.0027,0
0.7,5.6,62.0,61.0,19.8,46.0,1.0524,0
0.6,4.8,65.0,64.0,21.3,42.3,1.0625,0
1.3,8.9,125.0,81.0,21.3,41.8,1.0449,0
1.9,13.1,157.0,92.0,24.0,36.6,1.0772,0
2.1,14.1,171.0,101.0,27.2,30.7,1.0884,0
1.8,11.2,119.0,96.0,32.3,23.6,1.1271,0
1.8,10.0,110.0,101.0,31.9,25.8,1.2023,0
1.6,9.6,95.0,91.0,35.1,21.8,1.2093,0
1.2,7.2,58.0,68.0,36.0,20.5,1.1995,0
1.2,8.6,69.0,76.0,37.0,20.1,1.2423,0
1.4,9.0,76.0,84.0,36.4,21.0,1.2515,0
1.3,7.9,63.0,76.0,35.2,22.6,1.267,0
1.1,6.2,51.0,61.0,32.5,27.6,1.3229,0
1.1,6.3,46.0,52.0,29.1,35.1,1.3919,0
1.1,6.3,52.0,59.0,26.9,39.7,1.3898,0
1.8,11.2,84.0,89.0,26.1,42.2,1.4039,0
2.3,12.8,130.0,113.0,25.5,43.8,1.4095,0
2.6,13.2,147.0,112.0,24.9,45.6,1.4135,0
2.0,9.2,126.0,89.0,25.2,45.2,1.4262,0
1.0,5.8,47.0,53.0,25.4,45.5,1.457,0
0.6,3.4,24.0,36.0,26.2,43.6,1.4599,0
0.6,4.1,24.5,37.5,24.3,48.2,1.4476,0
0.5,3.1,25.0,39.0,24.4,48.3,1.4499,0
0.4,2.2,21.0,33.0,23.3,51.0,1.4346,0
0.4,1.5,25.0,37.0,21.6,48.1,1.2259,0
0.4,1.3,25.0,36.0,21.4,47.8,1.2005,0
0.4,1.2,30.0,42.0,20.5,46.8,1.1152,0
0.5,1.7,42.0,52.0,20.8,40.7,0.9882,0
0.6,2.5,52.0,60.0,22.3,35.3,0.9371,0
0.7,2.5,62.0,74.0,21.7,38.3,0.9842,0
0.7,2.7,67.0,65.0,24.4,29.6,0.8921,0
0.6,1.9,47.0,52.0,23.4,34.9,0.991,0
0.5,1.8,35.0,40.0,23.5,35.2,1.0019,0
0.6,2.4,45.0,49.0,22.4,39.0,1.04,0
0.8,2.6,53.0,56.0,22.0,41.7,1.0865,0
0.8,3.0,57.0,59.0,21.7,42.7,1.0949,0
1.0,2.9,71.0,68.0,20.7,43.4,1.047,0
1.0,3.5,67.0,72.0,20.3,42.6,1.0045,0
1.0,3.6,75.0,78.0,20.3,44.1,1.0392,0
0.9,3.6,65.0,71.0,20.1,45.2,1.0538,0
0.7,2.3,45.0,54.0,19.8,45.7,1.0424,0
0.8,2.6,46.0,57.0,19.6,45.3,1.0244,0
0.7,2.0,33.0,45.0,19.4,45.9,1.0242,0
0.5,1.2,19.0,30.0,19.7,44.8,1.0172,0
0.3,0.7,9.0,16.0,19.5,46.3,1.0363,0
0.3,0.5,10.5,17.0,19.0,49.0,1.063,0
0.3,0.5,12.0,18.0,19.1,50.7,1.109,0
0.3,0.8,21.0,28.0,19.1,52.7,1.1545,0
0.7,3.5,66.0,62.0,20.3,49.3,1.1596,0
1.5,7.0,137.0,92.0,21.1,46.2,1.1389,0
1.8,8.7,151.0,96.0,21.5,44.5,1.129,0
1.4,6.3,115.0,87.0,22.4,43.6,1.1637,0
1.5,7.0,118.0,84.0,24.8,39.1,1.2039,0
1.2,5.5,95.0,73.0,23.9,42.1,1.2335,0
1.2,5.3,86.0,72.0,25.5,38.3,1.2328,0
1.3,5.5,85.0,68.0,25.4,39.2,1.2534,0
1.0,3.8,66.0,62.0,25.6,37.0,1.2006,0
1.4,5.4,74.0,70.0,24.5,38.4,1.1669,0
1.6,6.7,108.0,83.0,23.9,39.9,1.1639,0
2.7,12.2,150.0,92.0,24.2,39.2,1.1665,0
2.3,10.2,157.0,103.0,23.5,41.2,1.1759,0
1.5,6.7,93.0,82.0,22.3,44.9,1.1973,0
1.4,5.7,76.0,74.0,21.7,46.5,1.1917,0
1.0,4.1,57.0,67.0,22.0,44.9,1.1699,0
1.1,4.7,64.0,74.0,22.2,44.1,1.1654,0
1.2,5.2,59.0,72.0,21.8,45.6,1.1763,0
1.2,5.1,68.0,79.0,21.6,46.0,1.1742,0
0.7,2.8,31.0,43.0,21.6,45.8,1.1715,0
0.5,1.4,21.0,33.0,20.7,48.3,1.168,0
0.4,1.0,22.5,35.5,21.0,47.1,1.1546,0
0.4,2.0,24.0,38.0,20.8,48.5,1.18,0
0.5,3.0,38.0,51.0,20.8,49.4,1.1994,0
1.0,7.5,92.0,69.0,19.9,51.8,1.1911,0
4.4,24.7,311.0,116.0,20.9,49.3,1.2049,1
4.0,24.8,260.0,119.0,23.7,39.9,1.1508,1
2.4,10.9,181.0,96.0,25.3,35.8,1.1421,0
2.1,11.9,177.0,109.0,28.8,29.1,1.1349,0
2.7,16.0,180.0,115.0,30.3,26.9,1.1399,0
2.8,15.7,174.0,118.0,32.8,23.3,1.138,0
2.3,13.1,140.0,118.0,33.9,21.4,1.1135,0
2.0,12.2,122.0,112.0,35.3,19.6,1.1036,0
2.6,15.8,189.0,140.0,34.0,20.8,1.0898,0
2.7,16.6,169.0,137.0,35.3,18.8,1.0572,0
3.1,18.4,172.0,143.0,32.6,24.1,1.1688,1
3.1,16.7,154.0,148.0,30.8,28.7,1.2507,1
3.6,20.8,192.0,158.0,28.7,31.2,1.2099,1
2.9,15.3,160.0,127.0,26.8,35.1,1.2201,0
2.2,11.5,110.0,109.0,25.3,39.4,1.2524,0
2.0,10.1,97.0,101.0,23.9,40.9,1.1966,0
2.1,10.4,124.0,114.0,23.0,44.4,1.2354,0
1.9,9.4,108.0,104.0,22.2,53.9,1.4237,0
1.4,6.9,61.0,81.0,20.9,59.8,1.4659,0
0.8,4.0,34.0,51.0,21.3,58.1,1.457,0
0.6,3.0,29.0,45.5,20.8,58.4,1.4189,0
0.6,2.6,24.0,40.0,20.3,58.9,1.3878,0
0.5,2.4,27.0,34.0,21.3,54.5,1.3682,0
1.0,6.8,70.0,61.0,20.6,57.4,1.3753,0
2.7,18.9,176.0,95.0,21.3,56.9,1.4226,0
5.0,30.2,310.0,142.0,22.9,52.4,1.4442,1
3.3,14.9,221.0,128.0,24.1,46.5,1.3802,1
2.4,12.2,168.0,115.0,27.1,38.8,1.3705,0
1.7,8.3,109.0,84.0,28.4,34.4,1.314,0
1.7,9.0,102.0,85.0,30.1,30.9,1.2958,0
2.4,13.7,129.0,110.0,32.7,25.8,1.2547,0
2.2,14.1,117.0,107.0,32.4,25.7,1.2271,0
2.2,12.0,112.0,107.0,33.6,24.4,1.2472,0
2.3,12.2,122.0,113.0,33.0,26.0,1.2877,0
2.6,13.1,114.0,107.0,33.2,23.7,1.1855,0
2.3,12.6,111.0,106.0,31.3,25.4,1.1415,0
3.3,18.3,158.0,125.0,28.3,31.7,1.1968,1
3.5,17.2,202.0,139.0,26.5,35.0,1.1981,1
2.5,12.9,166.0,117.0,24.4,40.0,1.2079,0
2.5,13.7,143.0,107.0,23.3,43.4,1.2251,0
2.4,13.4,122.0,98.0,22.5,45.3,1.2226,0
2.5,13.5,113.0,97.0,21.8,47.8,1.2325,0
2.1,9.9,109.0,95.0,20.9,51.0,1.2446,0
1.0,4.4,53.0,68.0,20.8,51.7,1.2572,0
0.8,4.3,42.5,59.5,19.3,57.1,1.2661,0
0.65,3.3,32.0,51.0,18.8,58.6,1.2581,0
0.5,3.4,35.0,44.0,20.2,53.8,1.2569,0
1.3,9.3,123.0,77.0,18.3,60.8,1.2635,0
3.6,23.4,254.0,100.0,20.2,54.5,1.2777,1
4.8,27.7,300.0,125.0,21.9,49.9,1.2957,1
3.7,22.1,281.0,154.0,25.2,43.0,1.3548,1
1.9,10.0,169.0,125.0,28.0,36.6,1.3603,0
1.7,8.9,152.0,117.0,27.1,38.3,1.3548,0
1.9,9.8,127.0,105.0,27.4,37.0,1.3319,0
1.8,9.4,118.0,103.0,29.4,32.9,1.3244,0
1.7,9.8,120.0,106.0,31.3,28.7,1.2885,0
1.8,9.5,125.0,107.0,31.5,28.7,1.3058,0
1.7,9.5,117.0,102.0,30.9,30.3,1.3306,0
2.8,15.4,166.0,124.0,31.4,30.3,1.3689,0
3.6,19.4,180.0,133.0,30.7,31.4,1.3686,1
3.3,16.5,172.0,125.0,29.0,33.4,1.3169,0
2.9,14.3,160.0,124.0,27.3,37.5,1.342,0
1.7,8.2,103.0,97.0,25.8,40.9,1.3389,0
1.7,8.7,87.0,94.0,25.2,43.0,1.358,0
2.8,15.2,147.0,120.0,24.6,45.8,1.394,0
1.8,10.6,120.0,105.0,24.0,47.3,1.3914,0
1.0,6.0,63.0,81.0,23.5,48.3,1.3777,0
0.5,3.1,30.0,43.0,24.0,45.8,1.3467,0
0.4,2.5,24.5,37.5,22.2,50.7,1.3405,0
0.3,1.8,19.0,32.0,22.8,48.1,1.3184,0
0.4,2.6,27.0,36.0,21.9,50.1,1.3002,0
0.8,6.5,65.0,59.0,20.4,54.1,1.28,0
2.2,14.5,169.0,92.0,20.8,52.6,1.2758,0
4.4,28.8,244.0,121.0,22.8,47.9,1.3156,1
3.7,21.3,274.0,151.0,25.2,42.9,1.3552,1
2.5,14.9,202.0,142.0,29.3,34.8,1.397,0
2.5,15.6,186.0,141.0,33.3,27.8,1.4013,0
2.3,14.3,153.0,129.0,34.9,24.9,1.363,0
2.0,12.6,112.0,106.0,36.1,22.7,1.3324,0
2.0,13.4,117.0,125.0,37.6,21.1,1.3478,0
2.1,12.6,109.0,126.0,37.3,21.9,1.3761,0
2.4,14.8,133.0,147.0,37.2,21.6,1.3514,0
3.1,18.6,185.0,180.0,35.6,23.4,1.341,1
2.9,16.7,167.0,164.0,33.1,24.3,1.2087,1
3.5,20.8,218.0,180.0,30.5,29.5,1.2635,1
2.9,16.0,171.0,153.0,28.7,35.8,1.3834,1
1.5,7.6,78.0,105.0,26.6,42.2,1.4452,0
1.7,10.2,84.0,98.0,25.2,46.6,1.4733,0
2.2,13.8,110.0,107.0,24.7,47.7,1.4649,0
1.6,10.4,87.0,87.0,24.4,47.4,1.4301,0
1.0,6.5,58.0,80.0,23.3,49.9,1.4135,0
0.6,4.3,39.0,62.0,23.8,47.3,1.3783,0
0.6,3.4,38.5,58.0,22.9,50.2,1.3808,0
0.6,3.9,38.0,54.0,21.2,55.0,1.3689,0
0.5,3.0,41.0,56.0,21.7,52.6,1.35,0
0.5,3.2,47.0,62.0,22.8,48.9,1.3424,0
0.9,5.6,72.0,72.0,23.5,47.6,1.3611,0
1.4,9.1,100.0,86.0,24.6,44.9,1.3661,0
1.6,9.7,104.0,99.0,27.0,39.9,1.402,0
1.6,8.6,109.0,98.0,29.3,35.9,1.4411,0
1.7,9.6,103.0,102.0,31.2,32.4,1.4517,0
1.7,9.8,75.0,84.0,34.4,26.6,1.423,0
1.5,10.3,72.0,83.0,36.1,22.1,1.3004,0
1.2,10.074358974358976,56.0,68.0,35.65897435897436,22.94871794871795,1.2975564102564103,0
1.2,9.84871794871795,51.0,63.0,35.21794871794872,23.7974358974359,1.2947128205128204,0
1.1,9.623076923076924,52.0,65.0,34.77692307692308,24.646153846153847,1.2918692307692308,0
1.0,9.397435897435898,46.0,63.0,34.33589743589744,25.494871794871795,1.289025641025641,0
1.1,9.171794871794871,44.0,56.0,33.8948717948718,26.343589743589742,1.2861820512820512,0
1.6,8.946153846153846,72.0,77.0,33.45384615384616,27.192307692307693,1.2833384615384615,0
1.7,8.720512820512822,88.0,91.0,33.01282051282051,28.04102564102564,1.280494871794872,0
1.4,8.494871794871795,56.0,70.0,32.57179487179487,28.889743589743592,1.277651282051282,0
1.7,8.26923076923077,82.0,95.0,32.13076923076923,29.73846153846154,1.2748076923076923,0
2.4,8.043589743589743,125.0,113.0,31.68974358974359,30.58717948717949,1.2719641025641026,0
2.3,7.817948717948719,144.0,109.0,31.24871794871795,31.43589743589744,1.2691205128205127,0
1.2,7.592307692307693,54.0,65.0,30.807692307692307,32.284615384615385,1.266276923076923,0
1.0,7.366666666666667,48.0,60.0,30.366666666666667,33.13333333333333,1.2634333333333334,0
1.4,7.141025641025641,44.5,61.0,29.925641025641028,33.98205128205129,1.2605897435897435,0
1.2,6.915384615384616,41.0,62.0,29.484615384615385,34.830769230769235,1.2577461538461538,0
1.0,6.68974358974359,40.0,60.0,29.04358974358974,35.67948717948718,1.2549025641025642,0
0.9,6.464102564102564,48.0,65.0,28.602564102564106,36.52820512820513,1.2520589743589745,0
0.8,6.2384615384615385,44.0,55.0,28.161538461538463,37.37692307692308,1.2492153846153846,0
1.0,6.012820512820513,59.0,66.0,27.72051282051282,38.22564102564103,1.246371794871795,0
1.2,5.787179487179487,59.0,67.0,27.279487179487177,39.07435897435897,1.243528205128205,0
1.2,5.561538461538461,53.0,64.0,26.838461538461537,39.92307692307692,1.2406846153846154,0
1.0,5.335897435897436,42.0,59.0,26.397435897435894,40.77179487179488,1.2378410256410255,0
1.0,5.11025641025641,43.0,59.0,25.95641025641025,41.62051282051282,1.2349974358974358,0
0.6,4.884615384615385,23.0,36.0,25.515384615384612,42.46923076923077,1.2321538461538462,0
0.7,4.658974358974359,22.0,35.0,25.07435897435897,43.31794871794872,1.2293102564102565,0
0.8,4.433333333333334,37.0,54.0,24.633333333333333,44.16666666666667,1.2264666666666666,0
1.1,4.207692307692308,53.0,71.0,24.192307692307693,45.01538461538462,1.223623076923077,0
1.4,3.982051282051282,68.0,86.0,23.75128205128205,45.864102564102566,1.2207794871794873,0
2.8,3.756410256410256,125.0,114.0,23.310256410256407,46.712820512820514,1.2179358974358974,0
2.5,3.5307692307692307,96.0,105.0,22.869230769230768,47.56153846153846,1.2150923076923077,0
1.6,3.305128205128205,75.0,87.0,22.42820512820513,48.41025641025641,1.212248717948718,0
1.4,3.079487179487179,74.0,85.0,21.987179487179485,49.25897435897436,1.209405128205128,0
2.3,2.853846153846153,92.0,91.0,21.54615384615384,50.107692307692304,1.2065615384615385,0
4.2,2.628205128205128,136.0,108.0,21.105128205128203,50.95641025641026,1.2037179487179488,0
3.0,2.402564102564102,119.0,99.0,20.664102564102564,51.805128205128206,1.200874358974359,0
2.2,2.1769230769230763,76.0,83.0,20.22307692307692,52.65384615384615,1.1980307692307692,0
0.6,1.9512820512820517,21.0,36.0,19.78205128205128,53.50256410256411,1.1951871794871796,0
0.3,1.7256410256410248,18.0,30.0,19.34102564102564,54.351282051282055,1.1923435897435897,0
0.3,1.5,15.0,24.0,18.9,55.2,1.1895,0
0.5,3.5,52.0,43.0,18.2,57.6,1.193,0
1.3,8.3,85.0,64.0,18.6,56.0,1.1865,0
2.5,17.3,177.0,91.0,20.8,48.0,1.1702,0
3.7,23.3,232.0,109.0,23.3,38.6,1.0919,1
2.5,13.8,201.0,110.0,25.1,32.4,1.017,0
1.8,10.2,134.0,111.0,27.8,25.8,0.9473,0
1.5,7.9,104.0,106.0,29.6,21.0,0.8548,0
1.5,8.8,89.0,104.0,30.2,18.0,0.7613,0
1.2,7.2,66.0,76.0,30.1,18.5,0.7747,0
1.4,8.3,85.0,84.0,29.5,19.4,0.7872,0
1.6,9.6,105.0,102.0,31.1,18.2,0.8079,0
1.6,9.0,99.0,102.0,30.3,19.0,0.8103,0
2.2,12.4,132.0,124.0,30.1,19.3,0.8083,0
3.0,15.3,186.0,147.0,28.6,22.3,0.859,1
3.0,16.1,174.0,138.0,26.1,28.3,0.9407,0
2.7,14.1,149.0,126.0,24.5,35.7,1.0807,0
2.1,11.4,114.0,112.0,23.1,41.5,1.1582,0
1.6,9.5,92.0,95.0,21.8,46.3,1.1913,0
1.3,7.4,75.0,80.0,20.9,48.9,1.1945,0
1.1,6.4,74.0,79.0,20.5,49.9,1.1903,0
0.7,4.1,35.0,49.0,20.0,50.9,1.1794,0
0.4,1.9,22.0,36.0,22.1,44.3,1.1665,0
0.2,1.4,23.0,38.0,21.0,47.5,1.1666,0
0.2,1.2,24.0,40.0,19.8,50.3,1.1444,0
0.3,2.2,30.0,37.0,19.0,52.8,1.1489,0
0.9,6.4,93.0,67.0,17.8,56.5,1.1375,0
3.1,18.5,332.0,106.0,18.2,55.8,1.1529,1
5.0,30.2,387.0,134.0,20.6,47.7,1.1448,1
2.8,14.2,267.0,123.0,22.8,41.9,1.1496,0
2.8,14.3,269.0,136.0,27.1,31.7,1.1147,1
2.1,12.6,193.0,109.0,30.4,26.4,1.131,0
3.1,18.0,239.0,144.0,31.1,26.2,1.1647,1
3.0,17.1,232.0,154.0,31.4,25.3,1.1444,1
2.1,13.0,152.0,126.0,30.8,26.7,1.168,0
1.7,11.2,115.0,98.0,31.8,25.6,1.1868,0
2.2,13.6,169.0,120.0,33.5,22.9,1.1649,0
3.5,20.5,226.0,145.0,33.1,23.5,1.1673,1
3.6,20.2,218.0,139.0,31.7,25.9,1.1883,1
4.1,23.1,245.0,148.0,29.0,30.4,1.2013,1
4.0,20.3,236.0,139.0,27.4,33.6,1.2095,1
1.8,9.3,104.0,93.0,25.2,36.4,1.1528,0
1.7,10.5,104.0,96.0,24.0,39.6,1.1662,0
2.4,13.6,144.0,104.0,23.8,39.6,1.1558,0
1.2,8.0,79.0,83.0,22.9,43.6,1.1974,0
0.8,4.6,51.0,66.0,22.8,43.9,1.202,0
0.5,3.2,38.0,55.0,21.8,47.3,1.2189,0
0.3,2.4,31.0,46.0,21.7,47.3,1.2135,0
0.35,2.1,24.0,37.0,20.8,50.3,1.2207,0
0.4,2.2,30.0,40.0,21.7,46.8,1.2031,0
1.0,6.7,73.0,51.0,20.3,52.3,1.2367,0
3.8,23.1,305.0,117.0,20.5,52.3,1.245,1
3.2,19.0,295.0,110.0,21.7,49.6,1.2673,1
3.5,20.1,331.0,136.0,24.0,43.1,1.2677,1
3.2,16.4,304.0,152.0,28.5,31.7,1.2144,1
2.3,13.0,210.0,119.0,32.2,25.1,1.189,0
2.2,13.1,163.0,106.0,34.9,20.5,1.1279,0
2.1,11.8,132.0,101.0,35.4,19.9,1.1222,0
1.9,12.7,126.0,110.0,34.4,22.5,1.205,0
2.4,14.1,150.0,124.0,34.8,22.8,1.2488,0
2.5,14.4,171.0,137.0,34.3,22.4,1.1907,0
3.6,20.7,234.0,159.0,32.5,25.3,1.2165,1
3.9,21.6,251.0,152.0,31.3,27.3,1.2234,1
4.4,24.2,294.0,166.0,30.2,29.0,1.2224,1
4.8,21.8,300.0,163.0,28.5,33.3,1.2775,1
2.5,13.0,159.0,121.0,27.3,35.3,1.2606,0
2.8,15.1,176.0,125.0,26.1,37.8,1.2575,0
3.2,16.6,192.0,120.0,24.7,47.1,1.44,1
2.6,12.7,152.0,103.0,23.6,59.8,1.7193,0
1.5,8.6,63.0,64.0,23.3,60.5,1.706,0
1.0,5.3,35.0,44.0,23.3,59.4,1.6753,0
0.8,3.6,28.0,39.5,22.9,57.7,1.5902,0
0.6,2.8,21.0,35.0,23.7,53.5,1.546,0
0.6,3.1,41.0,46.0,21.2,60.9,1.5092,0
0.7,3.7,48.0,54.0,22.1,56.2,1.48,0
1.2,6.9,102.0,68.0,21.9,57.0,1.4742,0
1.5,8.6,111.0,77.0,24.7,45.9,1.4061,0
1.3,7.1,93.0,74.0,27.0,40.8,1.4286,0
1.6,6.6,118.0,92.0,29.1,37.4,1.4833,0
1.5,7.2,93.0,83.0,31.1,32.4,1.4351,0
1.2,5.0,56.0,58.0,31.9,30.3,1.4125,0
1.1,5.7,51.0,55.0,32.8,28.9,1.412,0
1.2,6.0,52.0,61.0,33.4,27.8,1.4119,0
1.3,6.1,59.0,65.0,35.3,23.7,1.3331,0
1.4,8.0,62.0,74.0,35.8,22.4,1.2915,0
1.6,7.8,85.0,89.0,35.3,20.8,1.1664,0
2.1,11.1,109.0,103.0,33.3,23.9,1.2085,0
3.0,15.9,168.0,128.0,30.3,30.8,1.3044,0
2.8,13.7,166.0,122.0,28.3,34.5,1.3084,0
3.8,21.6,149.0,125.0,27.1,38.9,1.3758,1
3.2,16.8,118.0,119.0,25.4,43.2,1.3805,0
4.1,20.5,160.0,126.0,24.6,45.3,1.3767,1
2.6,14.1,124.0,100.0,23.7,46.0,1.3346,0
2.0,10.9,95.0,94.0,23.0,48.1,1.3322,0
0.9,3.6,34.0,52.0,24.8,43.4,1.3366,0
0.7,3.3,39.5,58.0,23.1,47.4,1.3208,0
0.6,2.4,45.0,64.0,21.7,50.2,1.2917,0
0.6,3.0,35.0,46.0,21.9,50.7,1.3138,0
1.6,8.9,141.0,88.0,20.1,57.0,1.3216,0
2.6,14.8,199.0,104.0,21.5,51.8,1.3129,0
2.9,16.2,224.0,125.0,22.9,48.7,1.3416,1
2.8,14.6,245.0,151.0,25.7,41.0,1.3351,1
1.9,8.0,153.0,113.0,29.9,33.2,1.3793,0
1.9,9.1,145.0,102.0,32.9,28.0,1.3789,0
2.1,10.0,130.0,108.0,34.0,25.6,1.3363,0
1.9,9.8,95.0,93.0,34.7,22.6,1.2297,0
1.6,8.3,88.0,89.0,35.5,20.3,1.1586,0
1.6,7.5,89.0,84.0,35.9,18.8,1.0912,0
2.1,11.7,127.0,111.0,36.2,18.6,1.0945,0
2.4,13.3,149.0,115.0,35.4,15.3,0.8613,0
2.8,14.4,170.0,127.0,32.9,15.5,0.7649,0
3.4,17.9,210.0,129.0,29.9,19.8,0.8211,1
3.4,15.9,230.0,140.0,28.1,22.4,0.8394,1
2.7,14.2,203.0,137.0,26.1,24.7,0.8233,0
2.6,13.8,174.0,130.0,25.0,28.7,0.8944,0
2.3,11.7,164.0,121.0,24.3,31.0,0.9268,0
1.2,6.2,76.0,79.0,24.0,31.2,0.919,0
1.0,5.1,52.0,69.0,22.4,34.9,0.9362,0
0.9,4.5,47.0,61.0,21.2,37.6,0.9355,0
1.1,4.9,42.0,59.5,19.5,42.3,0.9461,0
0.75,2.5,37.0,58.0,21.2,39.4,0.9802,0
0.4,2.3,41.0,58.0,19.5,42.4,0.9515,0
0.9,5.5,74.0,70.0,18.6,45.8,0.9723,0
1.8,10.4,168.0,104.0,19.7,44.1,1.0039,0
2.2,12.4,176.0,109.0,21.9,39.4,1.0243,0
2.4,14.0,184.0,129.0,24.5,34.3,1.0407,0
2.3,12.7,187.0,144.0,30.0,25.6,1.0674,0
1.6,9.0,118.0,101.0,34.5,18.9,1.0168,0
1.4,8.5,89.0,90.0,36.3,17.5,1.0411,0
1.4,8.2,70.0,86.0,37.7,16.0,1.0231,0
1.0,5.9,51.0,69.0,38.3,15.8,1.0465,0
1.0,5.6,52.0,65.0,38.4,17.5,1.1609,0
1.2,6.7,70.0,73.0,37.2,20.5,1.2813,0
1.3,6.1,80.0,73.0,34.0,26.4,1.3781,0
1.5,6.7,90.0,78.0,32.3,30.4,1.445,0
1.9,9.2,111.0,98.0,30.5,33.9,1.4564,0
1.8,8.2,107.0,99.0,29.2,37.8,1.5098,0
1.4,7.0,73.0,83.0,28.4,39.1,1.4881,0
1.7,9.5,75.0,88.0,27.7,40.6,1.4828,0
2.7,15.1,144.0,117.0,27.2,42.5,1.5069,0
2.1,11.7,120.0,97.0,26.5,44.8,1.528,0
1.4,9.3,71.0,75.0,25.5,47.6,1.5318,0
1.0,6.4,40.0,53.0,25.2,47.8,1.5076,0
1.0,6.7,37.0,49.0,23.2,53.7,1.5046,0
0.8,4.2,34.0,45.0,23.2,52.3,1.4668,0
0.5,2.6,27.0,42.0,24.0,50.3,1.4811,0
0.6,2.8,30.0,44.0,23.5,51.2,1.4634,0
0.6,3.1,40.0,50.0,23.5,50.8,1.452,0
1.0,6.2,56.0,60.0,24.7,47.6,1.4597,0
1.6,7.9,104.0,100.0,27.2,41.1,1.4611,0
1.9,10.5,121.0,111.0,31.0,32.4,1.4294,0
1.7,9.0,100.0,110.0,35.2,24.8,1.3854,0
1.1,6.3,59.0,74.0,37.8,18.5,1.1977,0
0.8,3.5,42.0,56.0,39.0,15.1,1.0424,0
0.7,4.0,38.0,50.0,41.3,12.8,0.9933,0
0.7,4.2,40.0,54.0,41.8,11.9,0.9476,0
1.2,6.9,70.0,90.0,42.2,14.2,1.1609,0
1.6,7.9,95.0,109.0,41.4,15.5,1.2089,0
1.6,7.9,90.0,110.0,38.9,21.4,1.4605,0
1.7,10.3,90.0,103.0,34.3,26.0,1.3865,0
2.0,10.5,111.0,120.0,32.7,27.7,1.3439,0
2.3,12.7,135.0,134.0,30.5,30.4,1.3031,0
2.4,11.9,146.0,137.0,29.0,33.6,1.3277,0
1.7,9.3,100.0,99.0,28.2,36.6,1.3781,0
1.2,7.9,69.0,78.0,27.2,38.9,1.3821,0
1.0,5.0,47.0,63.0,26.7,40.0,1.3754,0
0.6,3.4,26.0,41.0,26.0,41.2,1.3598,0
0.5,3.2,25.0,40.0,22.8,50.1,1.3677,0
0.4,2.7,24.0,39.0,24.0,46.6,1.37,0
0.5,3.1,55.0,60.0,24.0,46.4,1.3689,0
0.7,5.0,47.0,54.0,23.7,47.1,1.3602,0
3.2,20.7,209.0,119.0,23.6,47.3,1.3634,1
5.6,32.4,348.0,159.0,25.5,43.1,1.3891,1
4.6,24.2,337.0,182.0,28.5,36.8,1.4128,1
3.3,16.6,280.0,183.0,32.6,28.0,1.3566,1
2.1,13.2,169.0,144.0,36.3,23.4,1.3902,0
1.9,12.3,126.0,118.0,37.5,21.5,1.3673,0
1.9,12.1,108.0,106.0,39.6,19.0,1.3447,0
1.6,11.1,93.0,97.0,40.1,19.3,1.4013,0
2.0,13.1,112.0,129.0,40.4,20.0,1.4854,0
1.8,11.6,110.0,130.0,39.9,20.1,1.4495,0
2.9,17.7,188.0,163.0,39.1,19.6,1.3542,1
3.4,19.5,203.0,160.0,37.0,21.9,1.3503,1
3.1,19.7,167.0,140.0,33.9,26.8,1.3899,1
2.5,15.1,116.0,115.0,31.9,30.6,1.4201,0
1.8,11.1,89.0,92.0,29.7,33.9,1.3874,0
1.8,11.7,103.0,99.0,28.6,36.8,1.416,0
2.0,11.7,100.0,96.0,27.8,38.7,1.4187,0
1.5,9.7,86.0,80.0,27.8,40.0,1.4691,0
0.8,6.0,52.0,65.0,27.5,41.3,1.4962,0
0.4,3.9,27.0,46.0,27.3,41.6,1.4906,0
0.3,2.6,31.0,51.5,26.0,44.2,1.4657,0
0.4,2.8,35.0,57.0,24.8,48.0,1.4857,0
0.5,3.0,42.0,54.0,25.9,45.1,1.4889,0
0.7,5.4,57.0,62.0,25.3,47.6,1.5108,0
3.4,23.5,228.0,102.0,24.7,49.5,1.5201,1
5.7,33.5,350.0,140.0,27.1,43.1,1.5224,1
3.2,15.5,232.0,121.0,28.3,39.8,1.5053,1
2.7,15.3,206.0,132.0,32.4,32.3,1.5484,0
2.1,12.8,159.0,122.0,35.4,27.8,1.5733,0
2.8,15.2,184.0,148.0,35.5,27.4,1.5635,0
2.5,15.7,136.0,133.0,37.8,24.4,1.5722,0
2.1,12.3,124.0,130.0,37.2,25.5,1.5914,0
2.5,15.3,133.0,141.0,37.2,25.6,1.6014,0
2.7,17.6,156.0,172.0,38.0,25.0,1.6312,1
3.7,21.5,200.0,198.0,37.1,26.9,1.6635,1
3.7,23.2,202.0,181.0,36.9,27.8,1.7099,1
4.6,25.6,286.0,202.0,34.7,31.9,1.7325,1
2.6,14.3,141.0,120.0,31.9,38.4,1.7897,0
2.5,14.4,117.0,115.0,30.5,42.3,1.8173,0
2.3,12.6,110.0,112.0,29.3,45.8,1.8362,0
2.2,13.7,100.0,97.0,28.2,48.1,1.8144,0
2.5,13.1,112.0,100.0,27.3,51.0,1.8287,0
0.9,6.1,35.0,47.0,26.8,52.4,1.8141,0
0.8,5.8,33.0,44.0,26.0,54.9,1.8141,0
0.7,3.7,30.5,43.0,26.8,51.9,1.8058,0
0.5,2.6,28.0,42.0,26.9,51.8,1.805,0
0.7,4.6,49.0,57.0,24.6,59.1,1.8013,0
0.9,7.4,81.0,61.0,26.4,53.1,1.7987,0
2.2,15.2,178.0,106.0,27.3,46.4,1.6542,0
2.8,16.7,223.0,136.0,28.4,40.4,1.5442,1
2.9,17.0,290.0,157.0,30.8,37.1,1.6169,1
2.9,18.0,274.0,171.0,34.2,30.7,1.6252,1
3.0,16.1,278.0,190.0,37.0,26.5,1.6352,1
2.5,13.4,152.0,155.0,36.6,27.8,1.676,0
2.3,14.0,118.0,139.0,36.9,26.9,1.6477,0
2.1,13.4,141.0,152.0,39.3,22.2,1.552,0
1.9,10.4,131.0,143.0,38.5,22.4,1.5018,0
2.3,12.7,171.0,168.0,39.7,20.4,1.4594,0
4.2,24.5,287.0,226.0,38.8,24.2,1.6433,1
4.9,27.8,267.0,207.0,33.5,38.0,1.939,1
4.9,23.3,280.0,197.0,34.0,32.9,1.7251,1
3.5,17.6,224.0,158.0,31.9,33.7,1.5663,1
2.5,14.5,137.0,124.0,30.2,37.6,1.587,0
2.5,14.4,118.0,110.0,28.9,41.0,1.6096,0
2.6,14.2,128.0,112.0,27.8,45.2,1.6604,0
2.3,12.9,111.0,102.0,27.1,47.4,1.6701,0
1.5,9.9,66.0,77.0,26.2,49.4,1.6555,0
0.9,5.1,36.0,50.0,26.9,49.3,1.7196,0
0.6,2.8,33.5,45.0,26.3,50.8,1.7058,0
0.6,3.2,31.0,40.0,24.9,54.6,1.6908,0
0.8,5.4,75.0,66.0,23.4,58.6,1.6651,0
0.9,6.4,66.0,60.0,24.4,55.2,1.6604,0
2.4,17.1,154.0,85.0,25.1,54.3,1.7057,0
3.9,22.3,239.0,120.0,26.6,51.2,1.7565,1
2.9,14.6,246.0,134.0,28.2,47.1,1.7752,1
2.7,13.3,261.0,149.0,31.6,39.4,1.7969,0
2.0,10.5,179.0,125.0,34.2,31.8,1.6837,0
2.4,14.2,159.0,132.0,36.6,27.1,1.6352,0
2.0,12.2,111.0,114.0,37.6,26.9,1.715,0
1.8,10.1,101.0,110.0,38.1,26.3,1.7213,0
1.9,11.7,118.0,121.0,37.8,26.9,1.7392,0
1.8,10.9,120.0,127.0,37.8,22.7,1.4653,0
2.9,17.3,177.0,157.0,36.9,24.7,1.5134,1
3.3,18.0,186.0,169.0,34.5,28.5,1.531,1
4.4,22.9,235.0,179.0,32.5,30.9,1.4875,1
3.4,16.5,195.0,149.0,30.9,30.4,1.338,1
1.9,10.2,106.0,111.0,28.7,34.7,1.3457,0
2.1,11.6,107.0,112.0,27.7,39.3,1.4372,0
2.5,14.3,134.0,120.0,26.8,45.1,1.5645,0
2.3,13.3,117.0,105.0,26.1,45.3,1.5115,0
1.7,10.0,83.0,90.0,25.9,46.1,1.5174,0
1.5,7.6,77.0,87.0,25.3,47.6,1.513,0
0.8,3.4,57.0,70.5,26.6,43.0,1.4773,0
0.65,3.3,37.0,54.0,25.3,47.2,1.5025,0
0.5,2.9,50.0,61.0,25.1,48.0,1.5115,0
0.8,5.6,60.0,63.0,24.8,50.6,1.5654,0
2.6,17.5,179.0,102.0,25.7,49.7,1.615,0
4.9,29.0,300.0,149.0,27.4,45.5,1.6396,1
2.9,17.0,263.0,147.0,29.3,40.0,1.6082,1
2.8,15.6,265.0,158.0,33.6,28.7,1.4693,1
1.8,10.1,164.0,112.0,34.6,27.7,1.4991,0
1.8,11.7,122.0,108.0,35.6,27.2,1.5557,0
1.9,12.0,125.0,120.0,36.9,23.3,1.4313,0
1.7,11.0,125.0,117.0,38.8,20.7,1.4036,0
1.7,11.2,115.0,119.0,38.1,22.6,1.4868,0
1.9,10.5,162.0,149.0,37.1,23.0,1.4229,0
2.1,11.8,149.0,174.0,34.8,19.3,1.0543,0
2.4,13.8,161.0,163.0,33.6,20.7,1.059,0
3.0,17.3,201.0,161.0,31.4,18.5,0.8376,1
2.8,14.2,209.0,154.0,29.5,23.8,0.9623,1
1.9,10.7,133.0,124.0,27.4,27.1,0.9736,0
2.1,12.7,133.0,122.0,26.1,31.1,1.0338,0
1.8,10.1,134.0,119.0,25.5,34.0,1.0935,0
2.5,13.1,164.0,131.0,24.0,37.8,1.1125,0
1.1,7.4,72.0,84.0,24.2,37.3,1.1118,0
0.7,4.6,50.0,77.0,23.4,40.6,1.1571,0
0.7,4.7,38.5,59.0,21.8,46.6,1.1991,0
0.4,2.8,27.0,41.0,22.6,43.0,1.1629,0
0.7,4.5,74.0,68.0,20.2,50.7,1.1844,0
0.7,5.9,69.0,69.0,20.5,49.3,1.176,0
1.8,11.1,162.0,101.0,21.4,48.0,1.2086,0
2.3,14.4,208.0,120.0,23.2,43.9,1.2344,0
1.9,11.1,168.0,124.0,25.3,40.7,1.2921,0
1.7,9.9,139.0,113.0,29.9,31.1,1.2883,0
1.3,8.8,104.0,97.0,33.9,21.3,1.1067,0
1.5,9.9,99.0,94.0,36.3,16.0,0.9465,0
1.3,7.4,89.0,86.0,36.6,15.2,0.9177,0
0.8,6.1,57.0,70.0,37.4,15.8,0.9998,0
0.8,6.2,64.0,70.0,37.9,15.0,0.9721,0
1.1,7.1,65.0,82.0,38.0,16.8,1.0933,0
1.2,8.0,79.0,93.0,36.9,17.5,1.0789,0
1.2,7.3,80.0,89.0,35.3,17.0,0.9561,0
1.4,8.7,81.0,90.0,31.9,20.4,0.9462,0
1.1,7.5,59.0,67.0,29.1,29.6,1.1792,0
1.5,9.0,90.0,94.0,27.4,33.4,1.2022,0
2.0,11.6,122.0,109.0,26.7,35.8,1.2318,0
1.9,10.2,120.0,103.0,25.2,42.7,1.3473,0
2.2,12.3,126.0,101.0,24.0,51.9,1.5252,0
1.1,6.4,68.0,71.0,24.5,44.4,1.3476,0
1.1,7.2,65.0,71.0,22.6,51.0,1.3805,0
0.8,6.1,51.5,60.0,22.2,52.7,1.3891,0
0.6,4.3,38.0,49.0,21.2,56.8,1.4094,0
0.6,3.8,31.0,43.0,20.3,59.6,1.3994,0
0.6,4.0,40.0,44.0,21.3,56.7,1.4178,0
0.6,4.2,36.0,42.0,23.0,54.6,1.5177,0
1.1,6.1,64.0,69.0,23.7,54.3,1.5731,0
1.0,6.0,56.0,65.0,25.4,49.3,1.5732,0
1.0,5.9,56.0,68.0,29.6,37.7,1.544,0
1.0,5.4,43.0,58.0,33.9,26.2,1.3664,0
0.8,4.9,40.0,52.0,35.8,22.4,1.2933,0
0.7,3.9,34.0,46.0,37.9,18.8,1.222,0
0.4,3.2,28.0,40.0,38.5,14.8,0.9942,0
0.5,4.1,32.0,47.0,39.3,14.5,1.0149,0
0.6,4.0,39.0,56.0,38.9,15.6,1.0613,0
0.7,4.8,52.0,64.0,37.9,12.7,0.8211,0
0.9,5.5,60.0,71.0,35.8,13.4,0.7749,0
1.6,9.1,104.0,103.0,32.3,19.7,0.9345,0
1.6,9.1,102.0,97.0,30.1,23.5,0.9869,0
1.7,10.1,120.0,108.0,28.2,28.7,1.0806,0
1.3,7.4,89.0,87.0,26.0,35.7,1.1842,0
1.9,9.9,121.0,104.0,25.3,39.2,1.2452,0
1.5,9.0,107.0,93.0,24.7,38.7,1.1845,0
0.6,3.7,41.0,55.0,25.5,35.7,1.1499,0
0.4,3.0,34.0,49.0,22.5,43.2,1.1589,0
0.3,2.5,37.5,52.5,21.6,46.1,1.1761,0
0.35,2.6,41.0,56.0,19.7,51.4,1.1688,0
0.4,2.4,38.0,43.0,21.6,45.7,1.1665,0
0.7,5.6,59.0,57.0,21.1,47.3,1.1654,0
2.0,14.3,165.0,80.0,21.6,44.1,1.1269,0
3.9,27.7,287.0,134.0,23.7,37.9,1.0988,1
3.6,19.1,317.0,157.0,26.0,30.1,0.9953,1
3.2,15.9,330.0,175.0,30.6,23.2,1.001,1
2.2,12.3,204.0,147.0,34.1,19.1,1.0048,0
2.2,12.2,189.0,140.0,36.2,18.0,1.0636,0
2.1,11.7,165.0,137.0,37.4,17.3,1.0914,0
1.8,10.4,139.0,123.0,39.5,15.6,1.102,0
2.0,12.7,156.0,138.0,40.4,14.9,1.1033,0
1.8,11.1,130.0,132.0,40.1,16.1,1.1699,0
3.0,19.0,173.0,174.0,39.3,18.9,1.3251,1
4.3,24.1,302.0,203.0,37.3,19.9,1.2437,1
3.5,19.1,239.0,176.0,33.6,22.9,1.1747,1
2.5,13.6,139.0,125.0,30.7,28.9,1.2501,0
1.8,10.7,92.0,98.0,28.8,32.8,1.2776,0
1.9,11.3,104.0,103.0,27.3,36.8,1.3207,0
1.9,9.6,108.0,104.0,26.2,39.7,1.3249,0
1.9,9.8,107.0,105.0,25.4,43.0,1.37,0
0.9,4.9,55.0,75.0,25.8,41.0,1.3461,0
0.7,4.1,43.0,60.0,23.3,48.4,1.3677,0
0.6,3.3,33.0,48.0,23.5,47.8,1.3607,0
0.4,2.2,23.0,36.0,23.5,46.7,1.3361,0
0.7,4.6,65.0,66.0,21.8,52.3,1.3539,0
1.6,10.2,165.0,97.0,21.8,52.5,1.3529,0
3.8,23.3,274.0,115.0,22.9,49.1,1.3546,1
5.1,31.0,369.0,145.0,24.9,43.3,1.3422,1
3.4,17.6,308.0,162.0,26.7,39.4,1.3556,1
2.6,14.3,227.0,147.0,30.5,32.9,1.4135,0
2.2,13.7,178.0,132.0,34.2,27.2,1.4404,0
3.4,19.3,267.0,179.0,38.2,20.9,1.3701,1
3.4,19.3,278.0,174.0,39.6,16.9,1.2028,1
1.8,11.3,165.0,132.0,39.9,15.8,1.141,0
2.0,12.7,172.0,151.0,40.2,13.9,1.02,0
2.4,15.3,216.0,168.0,39.6,13.2,0.9332,0
3.8,22.5,306.0,192.0,39.5,12.6,0.8894,1
4.4,25.0,317.0,194.0,37.9,13.9,0.9015,1
3.9,21.1,251.0,155.0,34.2,17.9,0.9444,1
4.0,23.8,230.0,159.0,32.6,20.6,0.9939,1
2.5,14.9,154.0,125.0,30.4,23.2,0.9889,0
2.1,12.8,137.0,108.0,28.8,25.1,0.9793,0
2.4,14.3,133.0,110.0,27.8,29.9,1.1018,0
2.1,14.3,117.0,99.0,26.9,32.6,1.1381,0
1.6,9.2,106.0,95.0,26.3,33.7,1.1377,0
0.8,5.1,55.0,69.0,25.7,33.9,1.1065,0
0.5,3.0,41.0,57.0,24.8,36.0,1.1109,0
0.4,2.6,27.0,45.0,25.5,34.6,1.1096,0
0.5,4.0,46.0,53.0,24.0,37.8,1.1077,0
1.3,9.9,144.0,88.0,23.9,39.3,1.1522,0
4.1,27.3,392.0,136.0,24.8,38.4,1.1808,1
4.1,27.9,358.0,141.0,26.9,34.4,1.2036,1
4.0,24.5,381.0,189.0,29.6,28.7,1.1706,1
2.2,14.2,261.0,166.0,34.6,21.1,1.1398,0
2.0,11.9,207.0,154.0,38.3,17.0,1.1216,0
2.0,13.1,155.0,149.0,40.4,14.5,1.0736,0
2.2,15.1,193.0,142.0,42.6,9.6,0.8012,0
2.2,14.1,195.0,130.0,42.5,10.2,0.8478,0
1.8,11.3,159.0,121.0,41.0,11.6,0.8872,0
1.8,10.8,120.0,116.0,41.3,13.0,1.0154,0
3.3,21.5,228.0,177.0,39.2,14.5,1.0106,1
4.3,21.8,348.0,233.0,36.9,17.9,1.096,1
5.3,29.8,337.0,223.0,35.6,20.4,1.1646,1
4.3,22.5,282.0,184.0,33.7,22.6,1.1658,1
3.6,21.8,228.0,165.0,31.5,27.8,1.2671,1
2.4,17.1,168.0,132.0,31.1,29.3,1.3055,0
2.1,15.4,173.0,122.0,30.2,30.9,1.3026,0
1.2,10.2,87.0,88.0,29.8,30.2,1.2502,0
0.9,7.2,65.0,79.0,28.4,32.5,1.2361,0
0.6,5.8,43.0,60.0,27.5,34.0,1.231,0
0.5,4.2,43.0,60.0,26.8,35.3,1.2243,0
0.55,5.1,43.0,60.0,24.5,40.4,1.2251,0
0.6,5.4,66.0,74.0,25.6,38.8,1.2545,0
0.6,6.2,57.0,62.0,27.5,34.6,1.2518,0
2.2,16.9,231.0,115.0,25.9,37.4,1.2289,0
3.2,23.2,219.0,119.0,28.5,32.5,1.2441,1
3.0,18.0,288.0,155.0,29.5,32.7,1.3229,1
2.7,17.6,312.0,162.0,29.8,33.1,1.3693,1
3.2,20.3,361.0,189.0,33.4,26.8,1.3586,1
1.4,10.6,147.0,115.0,40.3,15.8,1.1604,0
1.3,9.9,111.0,109.0,41.8,15.0,1.1989,0
1.4,10.7,98.0,108.0,41.1,15.7,1.2071,0
2.1,16.5,156.0,145.0,41.9,14.8,1.1944,0
2.4,16.9,213.0,167.0,40.9,14.6,1.114,1
3.1,20.5,250.0,200.0,39.1,16.9,1.1705,1
3.5,19.4,253.0,178.0,36.4,27.3,1.6308,1
5.1,30.0,317.0,206.0,34.9,29.3,1.611,1
4.5,24.6,309.0,192.0,33.6,26.4,1.3515,1
2.9,16.9,201.0,137.0,32.2,27.6,1.3044,0
2.6,15.8,173.0,128.0,30.5,29.7,1.2742,0
2.7,16.6,156.0,121.0,29.4,35.6,1.4383,0
3.2,19.5,190.0,136.0,29.1,34.8,1.38,1
2.3,16.6,129.0,109.0,27.7,41.9,1.537,0
1.0,6.2,65.0,74.0,27.9,41.6,1.5425,0
0.5,2.7,47.0,57.0,27.8,43.7,1.6039,0
0.4,2.3,29.0,40.0,27.4,42.2,1.5177,0
0.6,3.9,58.0,61.0,26.6,42.8,1.4713,0
1.0,7.2,92.0,83.0,26.9,40.3,1.4041,0
2.9,18.1,228.0,129.0,27.0,37.3,1.3081,1
2.7,15.1,172.0,122.0,27.0,35.3,1.2396,0
1.8,9.7,154.0,115.0,27.4,32.0,1.1545,0
1.8,9.4,166.0,130.0,30.5,24.7,1.0592,0
1.7,9.6,149.0,137.0,32.9,20.1,0.9902,0
1.5,9.5,111.0,116.0,33.9,18.4,0.9587,0
1.7,9.6,145.0,129.0,34.4,19.3,1.0325,0
1.3,9.6,105.0,117.0,34.2,19.6,1.0399,0
1.5,10.3,113.0,138.0,33.2,20.4,1.0195,0
1.5,10.2,115.0,139.0,32.4,19.1,0.915,0
2.3,14.0,202.0,180.0,32.2,17.1,0.8124,1
2.2,14.0,180.0,162.0,31.0,17.1,0.7526,0
2.8,16.6,190.0,158.0,28.3,24.9,0.9412,1
2.7,13.6,207.0,162.0,26.6,30.2,1.033,1
1.7,10.2,113.0,112.0,24.8,36.8,1.1357,0
1.5,9.5,98.0,104.0,23.7,43.4,1.2495,0
2.3,11.8,152.0,125.0,23.0,46.2,1.2815,0
2.3,13.0,161.0,127.0,22.7,47.7,1.2977,0
1.5,9.6,91.0,95.0,22.2,49.5,1.3081,0
1.0,6.7,57.0,70.0,21.6,51.9,1.3254,0
0.5,2.9,39.5,51.5,22.3,50.4,1.3379,0
0.3,2.6,22.0,33.0,22.4,49.7,1.3333,0
0.4,4.0,41.0,45.0,21.7,52.0,1.3313,0
0.5,4.3,53.0,56.0,21.1,53.2,1.3181,0
0.9,5.9,92.0,74.0,22.0,51.0,1.3296,0
1.1,6.8,91.0,84.0,25.0,41.6,1.301,0
1.4,8.8,89.0,93.0,26.7,36.4,1.2596,0
1.1,6.7,81.0,97.0,29.1,29.7,1.1751,0
0.9,6.4,66.0,83.0,31.2,23.4,1.0487,0
0.8,6.0,53.0,71.0,32.4,20.5,0.9806,0
0.8,6.0,61.0,78.0,33.3,19.2,0.9634,0
0.6,5.0,48.0,62.0,33.1,16.8,0.8391,0
0.6,4.4,39.0,54.0,33.1,18.3,0.9081,0
0.5,4.4,41.0,59.0,32.4,18.0,0.8599,0
0.7,5.5,48.0,69.0,31.8,18.7,0.8624,0
0.8,5.8,50.0,67.0,30.3,21.4,0.9064,0
0.9,5.3,51.0,58.0,27.2,28.2,1.0013,0
1.3,8.0,70.0,77.0,26.1,33.7,1.1228,0
1.3,7.2,89.0,94.0,24.7,38.8,1.1929,0
1.4,8.0,100.0,97.0,23.4,43.2,1.229,0
1.9,10.4,139.0,110.0,23.1,44.2,1.2317,0
2.3,11.6,176.0,116.0,22.7,45.3,1.2299,0
1.0,6.4,71.0,74.0,21.6,47.5,1.2118,0
0.5,4.1,37.0,51.0,22.0,45.8,1.1965,0
1.0,6.4,33.5,45.5,20.4,51.3,1.2131,0
0.4,2.7,30.0,40.0,20.6,50.3,1.2041,0
0.3,2.6,29.0,36.0,20.6,50.6,1.2119,0
0.2,2.3,25.0,35.0,21.3,48.8,1.2189,0
0.4,3.1,40.0,48.0,20.4,52.6,1.247,0
0.3,3.1,32.0,38.0,23.5,44.0,1.2596,0
0.6,4.0,43.0,54.0,25.7,37.9,1.2334,0
0.6,4.6,44.0,57.0,27.9,33.6,1.2433,0
0.6,3.9,35.0,54.0,29.0,28.3,1.1116,0
0.5,3.8,32.0,46.0,29.5,25.9,1.0489,0
0.4,2.8,21.0,36.0,31.8,22.3,1.0366,0
0.2,2.5,10.0,19.0,32.2,20.0,0.9488,0
0.4,3.0,22.0,34.0,32.4,19.3,0.922,0
0.6,4.7,46.0,63.0,33.0,17.7,0.8758,0
0.9,5.0,66.0,86.0,32.0,19.8,0.9273,0
0.7,4.5,49.0,65.0,29.6,24.1,0.9831,0
1.2,7.7,86.0,101.0,26.9,27.1,0.948,0
1.6,9.7,111.0,116.0,25.3,30.9,0.9815,0
1.8,11.0,143.0,124.0,24.2,35.9,1.0684,0
2.4,11.8,184.0,136.0,23.2,43.2,1.2104,0
1.5,8.7,134.0,108.0,22.7,43.9,1.1962,0
0.9,7.5,78.0,82.0,21.6,44.0,1.1244,0
0.8,5.7,50.0,68.0,20.7,46.4,1.1198,0
0.2,2.0,13.0,22.0,21.2,46.2,1.1482,0
0.1,1.4,18.5,28.0,22.7,42.3,1.1491,0
0.3,1.8,24.0,34.0,19.9,51.3,1.1803,0
0.5,3.3,43.0,43.0,20.0,51.8,1.1967,0
1.4,9.4,146.0,84.0,18.5,57.4,1.2076,0
3.3,21.1,333.0,108.0,19.6,54.3,1.2278,1
3.6,17.2,298.0,112.0,21.3,49.7,1.2452,1
1.7,8.5,178.0,104.0,21.7,46.3,1.1867,0
1.5,6.8,177.0,107.0,23.4,39.4,1.1172,0
1.6,7.4,172.0,102.0,25.7,33.0,1.0763,0
2.1,12.1,183.0,104.0,28.5,27.3,1.0479,0
2.1,9.6,164.0,96.0,27.0,27.9,0.9812,0
1.6,7.4,122.0,80.0,24.2,36.9,1.0966,0
1.3,6.4,105.0,72.0,26.0,34.9,1.1509,0
1.6,8.3,144.0,106.0,24.8,33.1,1.0222,0
3.1,14.0,220.0,119.0,24.0,36.3,1.0708,0
3.3,15.3,207.0,119.0,23.6,35.5,1.0187,0
3.4,15.4,210.0,128.0,23.6,35.7,1.0282,1
2.8,10.9,175.0,112.0,23.3,34.5,0.9768,0
1.5,7.5,117.0,95.0,22.5,36.8,0.988,0
1.3,5.2,93.0,85.0,21.3,38.7,0.9686,0
1.6,7.1,118.0,101.0,20.9,39.4,0.9596,0
1.5,7.6,132.0,94.0,19.8,47.7,1.093,0
1.0,5.0,88.0,76.0,19.3,51.4,1.1387,0
0.5,2.0,43.0,50.0,18.4,53.4,1.117,0
0.4,1.5,43.5,50.5,18.8,51.1,1.1,0
0.6,2.5,44.0,51.0,16.3,59.8,1.1042,0
0.7,3.3,50.0,42.0,16.6,56.8,1.0629,0
1.3,7.3,101.0,62.0,16.2,57.4,1.0515,0
4.0,23.8,339.0,111.0,17.3,54.3,1.0631,1
5.0,27.6,379.0,129.0,19.2,48.8,1.0751,1
3.6,16.7,321.0,135.0,21.7,42.4,1.0859,1
2.8,14.3,272.0,139.0,26.4,29.9,1.0138,1
2.6,13.3,278.0,134.0,31.3,19.1,0.8634,0
2.7,14.5,253.0,141.0,33.7,15.4,0.7913,0
2.3,11.5,187.0,112.0,34.5,13.3,0.7158,0
2.0,10.8,149.0,105.0,33.8,13.9,0.7172,0
1.3,6.4,89.0,72.0,30.1,19.4,0.8157,0
1.7,8.8,124.0,90.0,28.3,21.3,0.8054,0
2.8,14.3,206.0,126.0,31.9,18.3,0.8523,0
3.8,19.4,241.0,154.0,32.0,20.1,0.9364,1
4.9,27.1,303.0,173.0,28.9,24.1,0.9495,1
4.3,19.7,294.0,162.0,27.3,27.1,0.967,1
2.6,13.6,203.0,128.0,26.0,28.5,0.9484,0
2.4,12.1,176.0,120.0,25.2,28.6,0.9008,0
1.9,11.0,155.0,111.0,24.3,31.1,0.9316,0
1.4,8.8,108.0,89.0,23.6,33.8,0.9685,0
1.1,6.7,72.0,69.0,23.0,33.8,0.9406,0
0.9,6.3,65.0,70.0,22.2,38.4,1.0126,0
0.7,4.1,52.0,64.5,20.4,42.6,1.0083,0
0.5,2.9,39.0,59.0,20.5,42.3,1.0091,0
0.8,5.0,79.0,73.0,18.8,49.0,1.0505,0
1.3,9.9,140.0,89.0,18.8,49.4,1.0624,0
4.7,27.5,427.0,142.0,19.9,46.5,1.071,1
4.6,30.4,366.0,145.0,22.1,41.7,1.098,1
3.7,19.8,311.0,156.0,24.0,36.4,1.0706,1
2.8,15.7,275.0,148.0,30.2,22.8,0.9616,1
1.8,11.3,195.0,122.0,33.4,17.1,0.8627,0
1.9,12.6,144.0,106.0,35.1,15.0,0.8381,0
2.0,11.9,162.0,106.0,34.1,16.0,0.8408,0
2.0,14.4,200.0,127.0,35.7,13.6,0.7836,0
2.1,12.4,176.0,113.0,35.3,13.8,0.7767,0
2.1,11.7,203.0,136.0,32.3,16.7,0.7946,0
3.2,18.4,237.0,153.0,36.0,13.3,0.7773,1
4.0,22.9,263.0,172.0,35.8,13.7,0.7868,1
4.6,25.0,300.0,190.0,32.3,18.4,0.8753,1
3.0,15.5,189.0,160.0,29.7,25.0,1.0246,1
2.9,16.7,185.0,159.0,27.8,26.6,0.9748,1
1.9,11.2,134.0,123.0,26.3,27.3,0.9238,0
1.4,9.0,96.0,101.0,25.3,30.0,0.9508,0
2.1,12.1,122.0,116.0,24.0,34.9,1.0271,0
1.2,8.9,64.0,80.0,23.4,38.6,1.0968,0
0.6,3.7,30.0,51.0,23.5,38.3,1.0972,0
0.4,3.1,26.5,44.0,22.0,42.6,1.1146,0
0.4,2.5,23.0,37.0,21.6,44.0,1.1225,0
0.4,3.1,36.0,46.0,21.4,45.6,1.1493,0
0.7,5.7,58.0,64.0,21.1,47.1,1.1641,0
2.3,15.6,168.0,108.0,21.3,48.4,1.2119,0
4.0,25.2,306.0,151.0,22.9,47.9,1.3208,1
2.8,15.4,231.0,153.0,24.4,45.5,1.3721,1
1.6,8.4,157.0,116.0,27.6,38.0,1.3818,0
1.6,8.0,132.0,116.0,31.1,29.6,1.318,0
2.0,12.1,136.0,130.0,33.4,24.7,1.2516,0
2.0,12.6,127.0,131.0,35.7,18.9,1.0865,0
1.7,10.6,125.0,131.0,36.2,18.1,1.0724,0
2.0,12.6,138.0,135.0,37.1,17.7,1.094,0
2.2,14.3,163.0,152.0,36.5,18.1,1.0887,0
3.2,20.3,259.0,198.0,35.5,19.1,1.0888,1
3.6,20.5,236.0,183.0,33.7,20.0,1.0275,1
3.8,22.1,245.0,175.0,30.5,22.7,0.9763,1
4.8,23.8,344.0,193.0,28.7,26.2,1.0144,1
2.8,14.7,188.0,140.0,26.7,28.9,0.9981,0
2.6,15.1,149.0,128.0,25.7,31.6,1.0285,0
1.9,10.8,102.0,100.0,24.5,35.7,1.0807,0
1.7,10.2,99.0,97.0,24.3,36.3,1.0852,0
1.0,6.5,48.0,67.0,23.8,36.9,1.0748,0
0.7,3.9,36.0,58.0,23.7,37.3,1.076,0
0.5,2.8,33.0,51.5,22.2,40.6,1.0729,0
0.4,2.1,30.0,45.0,21.6,42.2,1.0762,0
0.6,3.4,56.0,62.0,20.3,46.8,1.1,0
0.7,4.7,51.0,59.0,20.7,45.9,1.1088,0
2.4,15.8,172.0,102.0,20.5,47.7,1.1419,0
4.4,26.6,316.0,154.0,22.4,46.6,1.247,1
3.1,14.8,269.0,157.0,24.2,48.5,1.4452,1
2.0,9.3,196.0,138.0,28.8,33.0,1.2825,0
2.1,12.0,206.0,142.0,32.8,25.2,1.2325,0
2.1,10.9,156.0,125.0,34.4,19.9,1.0647,0
2.1,11.9,120.0,120.0,36.5,16.7,1.0045,0
2.2,13.2,161.0,150.0,37.5,14.3,0.9099,0
1.6,8.9,114.0,120.0,38.0,15.5,1.0119,0
2.4,13.0,191.0,173.0,38.1,16.5,1.0828,0
3.3,18.2,236.0,187.0,37.3,17.3,1.084,1
4.0,23.7,287.0,206.0,35.9,17.7,1.0316,1
4.1,21.6,266.0,187.0,32.4,21.5,1.0303,1
4.2,21.6,274.0,170.0,30.3,25.6,1.0879,1
2.9,16.5,196.0,149.0,28.5,27.8,1.0665,1
2.3,12.3,144.0,124.0,26.9,30.5,1.0671,0
2.2,13.6,142.0,119.0,25.7,33.5,1.0918,0
2.1,12.8,124.0,108.0,24.7,36.9,1.1302,0
1.6,9.4,93.0,93.0,23.6,39.2,1.1306,0
1.2,8.3,71.0,77.0,22.2,43.0,1.1363,0
1.2,6.7,63.5,76.5,21.2,45.8,1.1353,0
0.9,4.6,56.0,76.0,21.3,45.9,1.1471,0
0.6,3.6,46.0,58.0,21.6,45.0,1.151,0
0.7,5.0,51.0,63.0,21.3,46.5,1.1608,0
1.3,8.2,83.0,75.0,21.1,46.9,1.1585,0
2.0,10.7,175.0,111.0,22.8,43.0,1.1731,0
1.9,10.3,148.0,116.0,25.0,38.3,1.198,0
2.2,12.9,167.0,138.0,30.9,26.9,1.1835,0
1.9,11.0,120.0,117.0,35.1,19.2,1.0664,0
1.5,8.3,78.0,94.0,36.9,17.2,1.0576,0
1.4,8.2,76.0,91.0,39.3,13.9,0.9715,0
1.0,5.2,45.0,60.0,40.3,12.6,0.9302,0
1.0,4.6,54.0,66.0,39.7,13.5,0.965,0
1.4,7.2,70.0,87.0,41.1,13.1,1.0124,0
1.6,9.4,87.0,106.0,40.1,14.9,1.0828,0
1.6,8.0,69.0,94.0,37.4,17.0,1.0757,0
2.1,10.7,95.0,112.0,34.0,19.2,1.0073,0
2.0,9.6,107.0,120.0,31.7,21.6,0.9959,0
1.9,8.7,88.0,106.0,29.7,24.2,0.9926,0
2.3,11.6,100.0,112.0,27.9,27.6,1.0252,0
2.4,11.8,125.0,120.0,26.8,29.9,1.0402,0
2.2,10.5,132.0,114.0,25.8,33.0,1.0826,0
1.2,5.5,57.0,70.0,26.3,33.1,1.1199,0
1.1,5.5,46.0,64.0,24.3,38.1,1.1398,0
0.8,3.8,40.0,59.5,24.7,36.4,1.1158,0
0.7,2.9,34.0,55.0,23.3,39.5,1.1176,0
0.6,3.4,33.0,50.0,21.1,45.6,1.1246,0
0.7,4.1,50.0,62.0,20.2,48.5,1.1319,0
0.4,4.1,39.0,53.0,21.3,45.5,1.1405,0
0.6,4.7,84.0,85.0,22.6,31.0,0.8372,0
0.9,7.1,93.0,102.0,25.7,34.8,1.1292,0
0.9,7.4,82.0,97.0,31.6,23.8,1.0842,0
0.8,7.3,73.0,91.0,36.3,16.3,0.9727,0
0.4,4.2,43.0,62.0,37.9,15.0,0.9728,0
0.3,4.1,39.0,57.0,39.4,13.7,0.9639,0
0.1,3.8,27.0,40.0,40.2,12.3,0.8983,0
0.5,5.8,46.0,60.0,41.3,11.9,0.9252,0
0.4,5.6,53.0,70.0,41.4,11.8,0.9282,0
0.3,4.8,38.0,53.0,40.1,13.6,0.9953,0
0.4,5.3,39.0,54.0,37.6,16.4,1.0458,0
0.6,6.1,49.0,58.0,33.9,20.3,1.0522,0
0.8,7.4,68.0,73.0,31.6,22.9,1.0469,0
1.2,9.0,102.0,99.0,29.7,24.8,1.016,0
1.6,11.7,123.0,102.0,29.0,27.0,1.063,0
1.2,11.0,106.0,101.0,27.9,30.4,1.1249,0
0.5,6.0,66.0,77.0,28.0,30.6,1.1396,0
0.3,4.3,43.0,55.0,26.8,32.3,1.1235,0
0.1,2.8,33.0,51.0,26.6,33.0,1.1338,0
0.1,2.3,33.0,50.5,23.7,38.6,1.1159,0
0.1,2.9,33.0,50.0,22.2,42.8,1.1317,0
0.3,4.1,75.0,75.0,21.2,46.3,1.1501,0
0.8,8.3,111.0,89.0,21.4,46.5,1.172,0
2.3,16.6,250.0,112.0,22.9,43.0,1.1826,0
3.4,25.6,313.0,142.0,25.2,38.6,1.2215,1
2.5,17.7,263.0,145.0,27.1,34.9,1.231,1
2.4,16.2,282.0,165.0,32.4,24.8,1.1886,1
2.1,15.1,226.0,159.0,36.8,18.0,1.0945,0
2.136363636363636,14.3,176.0,159.0,39.1,16.0,1.11,0
2.172727272727273,10.8,120.0,131.0,39.2,16.4,1.1439,0
2.209090909090909,10.1,96.0,123.0,40.5,14.9,1.111,0
2.2454545454545456,10.9,115.0,129.0,41.4,13.8,1.0786,0
2.2818181818181817,11.0,108.0,126.0,40.5,14.9,1.114,0
2.3181818181818183,16.8,142.0,149.0,39.6,17.0,1.2064,0
2.3545454545454545,20.7,219.0,200.0,37.7,19.8,1.2715,1
2.390909090909091,19.5,193.0,174.0,34.3,24.2,1.2857,1
2.4272727272727272,14.6,128.0,131.0,31.7,28.1,1.2912,0
2.463636363636364,14.3,127.0,135.0,30.2,30.8,1.3008,0
2.5,15.9,132.0,134.0,29.4,33.0,1.3343,0
2.536363636363636,10.3,77.0,96.0,29.2,33.1,1.3202,0
2.5727272727272728,8.8,72.0,94.0,27.6,36.6,1.332,0
2.609090909090909,6.8,57.0,79.0,27.2,36.9,1.3147,0
2.645454545454545,6.3,56.0,79.0,25.4,41.0,1.3079,0
2.6818181818181817,3.9,60.0,84.0,25.2,41.5,1.3106,0
2.7181818181818183,4.1,64.0,89.0,23.4,47.4,1.3475,0
2.7545454545454544,4.7,52.0,69.0,25.1,44.0,1.3794,0
2.790909090909091,9.9,122.0,91.0,23.9,46.5,1.3637,0
2.827272727272727,24.8,314.0,135.0,24.8,43.2,1.3387,1
2.8636363636363638,37.3,395.0,166.0,27.0,38.7,1.361,1
2.9,26.2,357.0,189.0,29.4,33.6,1.3526,1
2.9363636363636365,21.6,308.0,193.0,34.8,23.4,1.2781,1
2.9727272727272727,16.1,184.0,164.0,38.1,18.5,1.2108,1
3.009090909090909,13.0,128.0,139.0,38.9,18.0,1.2318,0
3.0454545454545454,13.4,125.0,130.0,39.8,16.0,1.1444,0
3.0818181818181816,13.7,135.0,129.0,41.7,12.5,0.9941,0
3.118181818181818,14.0,158.0,132.0,42.8,12.3,1.0326,0
3.1545454545454543,10.4,106.0,101.0,41.4,14.2,1.1128,0
3.1909090909090905,17.5,163.0,145.0,41.3,15.5,1.21,1
3.227272727272727,12.9,143.0,133.0,38.3,19.4,1.2851,0
3.263636363636364,14.9,96.0,110.0,34.7,23.3,1.2653,0
3.3,15.5,127.0,126.0,32.6,26.3,1.2754,0
3.336363636363636,11.2,95.0,102.0,30.9,29.0,1.275,0
3.372727272727273,14.3,104.0,104.0,30.1,30.2,1.2711,0
3.409090909090909,14.2,131.0,112.0,29.0,33.4,1.3149,0
3.4454545454545453,10.0,92.0,89.0,28.3,36.8,1.3906,0
3.481818181818181,7.6,53.0,67.0,27.6,38.2,1.3911,0
3.5181818181818176,5.8,45.0,63.0,25.8,43.1,1.4113,0
3.5545454545454542,3.1,32.0,48.5,27.4,39.1,1.4072,0
3.590909090909091,2.7,19.0,34.0,26.3,40.9,1.3803,0
3.627272727272727,5.4,75.0,73.0,23.3,50.1,1.41,0
3.663636363636363,7.3,84.0,76.0,23.1,49.7,1.3863,0
3.7,18.4,160.0,102.0,24.2,46.4,1.3834,1
3.736363636363636,27.7,286.0,140.0,25.8,42.2,1.3774,1
3.772727272727273,16.9,212.0,150.0,28.1,37.3,1.3922,1
3.8090909090909086,22.1,279.0,194.0,33.9,26.8,1.397,1
3.845454545454545,17.0,207.0,162.0,38.0,17.2,1.1227,1
3.881818181818181,12.4,140.0,138.0,38.9,15.9,1.0896,0
3.918181818181818,11.5,110.0,123.0,40.4,15.0,1.1125,0
3.954545454545454,7.5,67.0,86.0,40.1,15.2,1.1065,0
3.9909090909090894,10.3,98.0,107.0,42.0,14.2,1.1517,0
4.027272727272727,10.2,97.0,106.0,42.7,14.4,1.2092,0
4.063636363636364,11.5,87.0,99.0,41.6,14.5,1.1483,0
4.1,17.0,124.0,140.0,39.6,18.8,1.3413,1
3.8,21.5,165.0,163.0,36.1,25.5,1.4949,1
3.4,18.6,164.0,144.0,33.3,29.9,1.5079,1
2.9,15.3,122.0,120.0,31.2,33.2,1.4831,0
3.1,17.0,134.0,120.0,30.1,35.8,1.5034,0
3.5,14.4,121.0,106.0,28.9,39.1,1.537,0
2.4,13.6,112.0,95.0,27.8,43.3,1.5929,0
1.6,9.6,62.0,70.0,26.9,46.1,1.608,0
1.3,6.4,50.0,67.0,26.4,47.1,1.5947,0
0.9,4.8,61.0,68.5,25.2,51.4,1.621,0
1.0,5.4,72.0,70.0,23.8,55.4,1.6073,0
0.8,4.1,48.0,50.0,24.9,50.6,1.5755,0
1.1,6.3,58.0,60.0,25.0,49.2,1.5418,0
4.4,26.9,306.0,127.0,24.7,50.9,1.5593,1
4.033333333333333,35.6,351.0,149.0,26.4,46.3,1.5722,1
3.6666666666666665,17.5,252.0,158.0,28.1,42.0,1.5735,1
3.3,19.9,266.0,190.0,34.0,29.9,1.5614,1
2.1,12.6,159.0,127.0,37.3,22.9,1.4373,0
2.1,14.0,144.0,130.0,40.1,19.0,1.3849,0
2.0,12.2,117.0,125.0,42.0,15.8,1.2759,0
1.5,11.1,108.0,113.0,42.8,14.3,1.2003,0
2.1,14.3,153.0,143.0,44.3,13.0,1.183,0
2.3,15.1,166.0,157.0,44.6,12.6,1.1684,0
2.8,18.6,179.0,170.0,43.4,14.8,1.2882,1
3.6,22.0,225.0,187.0,40.6,18.2,1.368,1
4.0,23.0,261.0,181.0,37.1,21.3,1.3223,1
3.7,21.1,228.0,158.0,34.5,25.5,1.368,1
2.5,15.0,137.0,112.0,32.2,30.4,1.4433,0
2.3,13.6,116.0,100.0,30.4,35.4,1.5144,0
2.5,14.6,143.0,105.0,29.4,38.7,1.5581,0
2.7,16.3,157.0,107.0,28.6,38.7,1.4921,0
1.3,8.8,72.0,72.0,27.7,40.5,1.4835,0
0.8,6.0,42.0,59.0,28.0,39.8,1.4803,0
0.9,5.5,38.0,57.0,24.8,48.5,1.4953,0
0.5,3.9,34.0,55.0,25.6,45.8,1.4801,0
0.8,5.8,74.0,70.0,23.6,51.5,1.4852,0
1.0,8.2,75.0,59.0,25.1,46.5,1.4615,0
2.9,20.1,199.0,95.0,24.5,48.3,1.4593,0
3.8,25.5,262.0,120.0,26.6,42.8,1.4675,1
3.5,21.6,236.0,133.0,29.0,37.6,1.4866,1
2.4,15.5,186.0,133.0,34.2,28.5,1.5071,0
1.8,11.2,132.0,120.0,37.3,22.9,1.4369,0
2.1,15.4,140.0,132.0,40.1,17.5,1.2721,0
2.1,14.6,143.0,135.0,42.2,14.6,1.192,0
1.5,12.5,99.0,121.0,41.9,15.2,1.2173,0
1.5,12.3,107.0,123.0,43.1,13.8,1.1803,0
1.8,13.2,130.0,129.0,42.8,13.8,1.1681,0
2.1,14.7,133.0,129.0,41.1,16.5,1.2701,0
3.0,19.9,188.0,156.0,38.7,20.3,1.3743,1
2.8,19.1,155.0,131.0,35.8,24.1,1.3924,0
2.5,14.8,154.0,115.0,33.1,28.3,1.4121,0
1.4,8.6,95.0,79.0,30.1,33.9,1.4257,0
1.7,11.0,110.0,86.0,29.0,36.6,1.4431,0
1.8,13.0,116.0,91.0,28.5,38.4,1.468,0
2.4,15.2,153.0,99.0,27.8,39.9,1.4682,0
1.9,12.1,111.0,83.0,27.0,42.8,1.503,0
1.4,9.9,79.0,74.0,26.4,44.5,1.5119,0
0.8,6.0,63.0,69.0,25.8,46.6,1.5269,0
0.7,6.3,47.0,64.0,25.1,48.5,1.5266,0
0.8,5.5,61.0,61.0,24.6,52.2,1.5881,0
0.7,5.8,56.0,62.0,24.4,50.5,1.5243,0
1.0,8.1,69.0,65.0,25.2,49.1,1.5546,0
1.7,10.0,109.0,79.0,26.6,50.8,1.7419,0
1.9,9.9,111.0,90.0,28.0,46.9,1.748,0
2.3,13.1,150.0,116.0,32.7,34.5,1.6798,0
1.7,9.2,87.0,89.0,36.6,26.5,1.599,0
1.3,6.7,64.0,68.0,37.8,26.3,1.6951,0
1.2,6.5,47.0,53.0,38.3,27.1,1.797,0
0.8,3.4,34.0,34.0,35.4,32.4,1.837,0
0.9,3.8,37.0,38.0,37.3,28.8,1.8087,0
1.1,5.2,49.0,53.0,36.6,28.2,1.697,0
1.2,6.0,54.0,62.0,35.1,29.6,1.6452,0
1.3,6.0,70.0,82.0,32.3,33.4,1.59,0
1.4,5.6,76.0,88.0,29.9,37.9,1.5745,0
1.2,4.4,59.0,70.0,28.2,41.9,1.5776,0
0.9,3.7,44.0,53.0,27.2,45.9,1.6316,0
1.1,5.0,47.0,57.0,27.3,45.7,1.6308,0
1.5,7.1,71.0,73.0,27.0,47.1,1.6573,0
1.7,7.9,90.0,83.0,23.7,69.3,2.0042,0
0.9,3.7,45.0,52.0,23.8,63.5,1.8495,0
0.7,3.6,44.0,52.0,24.7,56.9,1.739,0
0.4,2.1,29.5,39.0,25.0,53.1,1.6541,0
0.35,2.0,15.0,26.0,24.1,59.6,1.7657,0
0.3,1.3,10.0,17.0,22.5,69.1,1.8578,0
0.4,1.7,19.0,28.0,23.4,64.4,1.835,0
0.4,1.5,20.0,29.0,24.4,57.9,1.7476,0
0.5,1.6,30.0,37.0,24.5,56.9,1.7225,0
0.5,1.7,24.0,31.0,24.9,54.8,1.7063,0
0.7,2.7,35.0,46.0,27.0,47.4,1.6661,0
0.9,3.6,48.0,66.0,27.6,43.7,1.5877,0
0.8,3.0,41.0,54.0,28.2,42.6,1.6062,0
0.8,2.9,37.0,50.0,29.1,40.8,1.6203,0
0.7,2.5,32.0,44.0,29.8,38.6,1.5911,0
0.8,3.1,43.0,52.0,31.5,34.5,1.5666,0
0.7,2.3,28.0,37.0,31.2,36.3,1.6217,0
0.8,3.0,38.0,51.0,30.0,41.3,1.7259,0
1.2,4.0,72.0,78.0,27.6,47.5,1.7266,0
1.6,6.3,89.0,90.0,28.8,41.3,1.6164,0
1.6,6.6,103.0,110.0,28.5,41.6,1.5959,0
1.5,7.3,77.0,86.0,27.7,43.4,1.5833,0
1.5,6.8,84.0,88.0,27.3,44.1,1.5751,0
1.5,6.3,82.0,91.0,26.9,45.5,1.5926,0
1.5,5.9,81.0,93.0,26.6,47.2,1.616,0
1.2,4.8,50.0,68.0,26.0,48.0,1.5882,0
0.8,2.9,30.0,48.0,26.2,45.7,1.5324,0
0.8,2.2,22.0,35.0,25.9,46.3,1.524,0
0.8,1.8,14.0,22.0,25.6,46.8,1.5111,0
0.8,2.5,51.0,59.0,25.3,47.6,1.5159,0
0.8,6.8,120.0,102.0,25.4,48.5,1.5507,0
0.8,11.2,180.0,116.0,26.5,46.3,1.5768,0
0.8,9.7,168.0,109.0,27.9,42.7,1.5754,0
0.8,7.2,111.0,98.0,28.8,38.9,1.5184,0
0.8,6.8,111.0,97.0,31.7,31.5,1.4487,0
0.8,8.1,97.0,97.0,33.9,26.9,1.3964,0
0.8,8.3,90.0,90.0,34.7,26.5,1.4408,0
0.8,8.6,87.0,92.0,35.4,24.8,1.4017,0
0.8,5.3,67.0,76.0,35.2,24.1,1.351,0
0.8,8.1,84.0,97.0,36.3,22.8,1.3564,0
0.8,8.2,86.0,101.0,35.4,23.8,1.3443,0
0.8,12.0,124.0,118.0,34.6,23.5,1.2691,0
0.8,17.6,144.0,129.0,33.0,28.2,1.3921,0
0.8,14.5,130.0,131.0,32.5,27.9,1.3373,0
0.8,11.8,122.0,130.0,30.5,29.9,1.2875,0
0.8,9.4,82.0,106.0,29.1,33.1,1.3126,0
0.8,7.0,62.0,92.0,28.4,35.8,1.3665,0
0.8,8.0,65.0,97.0,27.7,37.9,1.3842,0
0.8,6.0,52.0,80.0,28.3,35.5,1.3414,0
0.8,4.3,22.0,40.0,27.1,38.6,1.3632,0
0.8,4.1,27.0,49.0,25.8,40.9,1.3377,0
0.8,2.0,28.0,47.5,26.0,40.6,1.3467,0
0.8,2.4,29.0,46.0,24.6,43.4,1.3248,0
0.8,2.7,29.0,37.0,25.1,42.3,1.326,0
0.8,6.9,135.0,92.0,23.1,48.8,1.3638,0
0.8,9.2,181.0,115.0,24.7,46.8,1.4337,0
0.8,9.6,119.0,102.0,24.6,45.1,1.3714,0
0.8,9.1,116.0,104.0,26.2,38.5,1.2932,0
0.8,9.3,143.0,109.0,29.3,31.0,1.2445,0
0.8,8.5,126.0,108.0,31.2,26.6,1.192,0
0.8,6.9,94.0,90.0,31.1,26.2,1.1619,0
0.8,6.9,96.0,81.0,31.7,26.4,1.2153,0
0.8,6.4,90.0,87.0,31.7,25.6,1.179,0
0.8,6.2,93.0,82.0,32.6,22.5,1.0901,0
0.8,7.3,101.0,99.0,32.8,22.2,1.0835,0
0.8,10.7,123.0,119.0,32.4,22.4,1.0701,0
0.8,11.9,136.0,128.0,31.4,22.7,1.027,0
0.8,10.6,109.0,111.0,28.4,24.7,0.9404,0
0.8,9.3,124.0,114.0,27.7,24.2,0.882,0
0.8,6.7,82.0,100.0,26.1,28.3,0.9456,0
0.8,7.2,69.0,88.0,25.3,28.4,0.9041,0
0.8,5.9,60.0,78.0,25.2,27.7,0.874,0
0.8,8.7,90.0,101.0,24.5,28.0,0.8489,0
0.8,6.8,58.0,77.0,23.6,31.9,0.9195,0
0.8,3.8,53.0,78.0,22.8,34.7,0.9514,0
0.8,2.2,49.0,71.5,23.6,33.2,0.9577,0
0.8,3.2,45.0,65.0,20.5,41.2,0.9802,0
0.8,3.9,61.0,74.0,20.6,41.5,0.9982,0
0.8,6.3,76.0,83.0,20.2,42.5,0.9949,0
0.8,13.6,144.0,96.0,20.9,40.4,0.9884,0
0.8,26.7,221.0,120.0,22.4,38.0,1.0201,0
0.8,22.8,282.0,147.0,26.0,29.7,0.9831,0
0.8,16.2,235.0,148.0,31.4,18.6,0.8398,0
0.8,10.4,113.0,91.0,34.2,15.8,0.8371,0
0.8,11.3,93.0,94.0,35.4,15.3,0.8649,0
0.8,9.6,88.0,95.0,34.6,15.5,0.8435,0
0.8,7.8,87.0,92.0,33.9,16.2,0.8454,0
0.8,10.7,109.0,113.0,35.3,15.0,0.8463,0
0.8,10.8,106.0,111.0,36.8,13.7,0.8335,0
0.8,17.3,182.0,166.0,34.4,16.4,0.8761,0
0.8,17.7,163.0,154.5,35.3,16.8,0.9448,0
0.8,15.5,144.0,143.0,32.3,20.7,0.9875,0
0.8,13.6,144.0,131.0,29.6,26.1,1.0682,0
0.8,9.6,84.0,102.0,28.6,27.2,1.048,0
0.8,9.5,74.0,94.0,27.6,27.4,0.9926,0
0.8,8.5,80.0,96.0,26.3,29.0,0.9807,0
0.8,9.0,78.0,88.0,25.4,30.1,0.9602,0
0.8,7.8,50.0,72.0,24.7,32.1,0.9878,0
0.8,2.6,18.0,33.0,25.7,30.9,1.0048,0
0.8,2.4,19.5,33.0,25.1,32.6,1.0203,0
0.8,1.9,21.0,33.0,23.9,34.4,1.0079,0
0.8,3.7,62.0,60.0,21.4,40.3,1.0157,0
0.8,7.1,74.0,72.0,21.2,41.2,1.0246,0
0.8,16.6,171.0,97.0,21.6,40.9,1.0468,0
0.8,26.6,287.0,136.0,24.0,36.6,1.0763,1
0.8,17.9,230.0,140.0,26.8,29.5,1.0209,0
0.8,17.9,261.0,171.0,31.8,19.4,0.8936,0
0.8,14.0,178.0,150.0,34.4,16.6,0.8892,0
0.8,10.1,116.0,117.0,35.3,16.7,0.9402,0
0.8,9.5,96.0,106.0,36.4,16.8,1.0033,0
0.8,7.1,83.0,95.0,34.8,19.5,1.0667,0
0.8,12.3,120.0,137.0,38.6,16.1,1.0853,0
0.8,11.7,108.0,129.0,38.5,16.5,1.1037,0
0.8,12.8,115.0,135.0,37.4,18.1,1.1467,0
0.8,14.0,102.0,127.0,35.7,19.8,1.1399,0
0.8,13.9,118.0,122.0,32.0,24.9,1.1663,0
0.8,11.7,107.0,118.0,29.7,28.1,1.1544,0
0.8,13.8,129.0,135.0,28.5,32.1,1.2296,0
0.8,14.8,133.0,134.0,27.6,40.5,1.4715,0
0.8,11.9,98.0,105.0,26.3,45.6,1.5349,0
0.8,11.1,110.0,104.0,25.7,46.1,1.5025,0
0.8,8.0,62.0,81.0,25.1,46.3,1.4486,0
0.8,5.6,55.0,69.0,23.5,51.3,1.467,0
0.8,7.1,45.0,60.0,23.1,52.1,1.4518,0
0.8,3.5,35.0,51.0,23.7,51.2,1.4795,0
0.8,4.1,52.0,52.0,23.0,52.2,1.4516,0
0.8,4.9,36.0,48.0,23.0,49.9,1.3849,0
0.8,19.4,182.0,105.0,23.0,50.9,1.4105,0
0.8,26.3,297.0,150.0,24.4,49.3,1.4814,1
0.8,22.0,237.0,160.0,26.8,46.6,1.6157,0
0.8,18.1,235.0,167.0,32.2,32.6,1.5412,0
0.8,12.1,158.0,141.0,34.8,26.0,1.4241,0
0.8,9.4,89.0,104.0,36.1,24.8,1.4628,0
0.8,10.1,80.0,101.0,37.7,21.8,1.3977,0
0.8,10.5,93.0,118.0,36.9,21.8,1.3384,0
0.8,10.8,96.0,121.0,39.1,18.7,1.2884,0
0.8,9.6,98.0,124.0,39.3,18.9,1.318,0
0.8,13.0,104.0,127.0,38.2,21.8,1.4312,0
0.8,15.5,121.0,137.0,36.6,23.3,1.4042,0
0.8,16.5,116.0,137.0,33.3,28.7,1.4454,0
0.8,14.5,121.0,135.0,30.9,34.2,1.5064,0
0.8,13.2,114.0,118.0,29.1,38.9,1.5384,0
0.8,14.8,112.0,111.0,28.1,40.3,1.5086,0
0.8,10.7,81.0,85.0,27.0,41.6,1.4596,0
0.8,8.55,220.0,158.0,26.35,44.2,1.4912999999999998,0
0.8,6.4,81.0,77.0,25.7,46.8,1.523,0
0.8,5.5,43.0,56.0,25.1,51.1,1.6044,0
0.8,5.2,34.5,46.5,23.7,56.5,1.6341,0
0.8,3.9,26.0,37.0,23.8,55.3,1.6068,0
0.8,4.7,40.0,49.0,23.7,54.6,1.5823,0
1.2,7.3,72.0,71.0,22.6,58.8,1.5903,0
1.0,6.4,68.0,71.0,24.0,53.4,1.5748,0
1.5,9.2,89.0,86.0,25.2,51.0,1.6131,0
2.8,12.5,151.0,125.0,27.3,47.1,1.6807,0
3.4,15.7,215.0,160.0,32.8,33.4,1.633,1
3.3,15.9,196.0,174.0,36.0,28.0,1.6304,1
2.9,14.6,161.0,146.0,38.5,23.8,1.5944,0
2.2,11.7,120.0,127.0,39.8,20.5,1.4687,0
1.6,7.4,88.0,114.0,38.1,22.0,1.4402,0
0.9,6.1,38.0,65.0,40.0,20.0,1.4517,0
1.1,6.9,47.0,77.0,40.4,19.8,1.4724,0
1.0,6.2,40.0,68.0,39.1,20.7,1.427,0
1.3,8.1,58.0,92.0,37.3,24.3,1.5222,0
1.6,10.2,71.0,104.0,34.0,30.9,1.6158,0
1.8,10.7,90.0,114.0,31.8,34.5,1.5911,0
2.2,13.0,95.0,105.0,30.1,37.7,1.5799,0
1.8,11.4,85.0,85.0,28.6,42.3,1.6251,0
2.3,13.3,119.0,92.0,27.7,44.6,1.6304,0
2.0,11.2,106.0,82.0,26.6,47.5,1.6265,0
1.8,9.8,77.0,70.0,25.7,50.7,1.6491,0
0.9,6.2,28.0,40.0,25.1,53.9,1.689,0
0.5,3.6,24.5,33.0,24.8,58.7,1.8089,0
0.6,4.0,21.0,26.0,23.5,63.6,1.8223,0
0.4,2.6,17.0,21.0,24.3,59.4,1.7838,0
0.4,2.6,24.0,30.0,23.3,62.0,1.7547,0
0.4,2.9,19.0,21.0,24.1,63.1,1.8619,0
0.8,4.2,39.0,35.0,25.0,60.7,1.892,0
0.8,5.5,46.0,36.0,27.3,52.4,1.8707,0
0.9,5.8,53.0,48.0,32.4,37.3,1.7808,0
0.7,4.5,32.0,39.0,35.4,31.3,1.7736,0
0.6,4.3,30.0,34.0,37.4,28.2,1.7808,0
0.5,3.5,24.0,33.0,39.2,20.2,1.4104,0
0.6,3.5,34.0,42.0,38.1,18.5,1.2141,0
0.7,3.9,63.0,85.0,40.2,17.7,1.2989,0
0.9,4.7,69.0,92.0,39.7,19.1,1.3646,0
0.9,5.3,61.0,84.0,38.5,19.8,1.326,0
1.2,6.4,73.0,100.0,36.6,24.6,1.4872,0
1.4,8.0,75.0,95.0,33.1,32.7,1.62,0
1.5,9.2,69.0,77.0,30.7,38.7,1.678,0
1.7,9.1,71.0,85.0,29.5,42.7,1.7316,0
1.7,9.1,73.0,83.0,27.8,52.6,1.9398,0
1.7,9.5,86.0,88.0,27.4,55.5,1.9998,0
1.9,9.1,65.0,68.0,27.3,57.1,2.0426,0
1.2,5.0,74.0,97.0,26.7,60.1,2.067,0
0.7,3.7,45.0,51.0,26.2,61.6,2.0575,0
0.3,2.2,23.5,28.0,25.5,62.8,2.0236,0
0.2,1.6,2.0,5.0,25.5,61.8,1.9831,0
0.4,2.7,29.0,35.0,25.1,62.4,1.9602,0
0.8,5.6,42.0,56.0,24.6,62.7,1.9158,0
1.9,13.0,146.0,110.0,25.7,58.9,1.9156,0
1.9,17.8,154.5,117.0,27.1,54.4,1.9206,0
1.9,11.5,163.0,124.0,28.4,50.7,1.9329,0
1.9,11.1,144.0,115.0,32.7,36.9,1.7953,0
1.9,11.0,125.0,119.0,34.0,32.7,1.7146,0
1.7,10.7,90.0,107.0,35.6,29.2,1.6684,0
1.4,8.5,76.0,99.0,37.1,25.6,1.5868,0
1.2,8.7,73.0,95.0,36.1,26.4,1.5505,0
1.4,9.4,73.0,105.0,37.9,23.8,1.5392,0
1.4,9.5,80.0,117.0,38.0,22.2,1.4483,0
1.9,12.9,121.0,157.0,36.9,22.7,1.3887,0
2.2,13.7,129.0,173.0,35.5,25.7,1.4626,0
1.9,12.2,103.0,139.0,32.8,32.2,1.5779,0
1.7,11.8,87.0,116.0,30.5,38.2,1.6376,0
1.2,9.9,58.0,91.0,28.8,43.5,1.6989,0
0.3,10.7,64.0,98.0,28.0,46.2,1.721,0
0.1,9.4,58.0,93.0,27.1,49.4,1.7398,0
0.1,8.1,44.0,74.0,26.4,52.2,1.7708,0
0.1077922077922078,6.6,28.0,50.0,26.2,52.3,1.7561,0
0.1155844155844156,3.3,19.0,36.0,27.1,47.4,1.6809,0
0.1233766233766233,1.7,33.5,45.5,28.0,45.2,1.6832,0
0.1311688311688311,2.3,48.0,55.0,25.8,50.9,1.6605,0
0.1389610389610389,2.5,77.0,86.0,27.2,47.2,1.6803,0
0.1467532467532467,3.2,110.0,137.0,27.0,48.3,1.6946,0
0.1545454545454545,19.3,282.0,140.0,25.9,51.5,1.7,0
0.1623376623376623,21.3,275.0,142.0,27.4,48.6,1.7447,0
0.1701298701298701,17.2,253.0,185.0,29.1,45.5,1.7998,0
0.1779220779220779,15.2,211.0,173.0,32.8,36.9,1.803,0
0.1857142857142857,10.6,176.0,158.0,34.7,32.1,1.741,0
0.1935064935064935,12.3,153.0,127.0,33.7,35.1,1.8022,0
0.2012987012987013,10.5,144.0,111.0,35.1,32.4,1.7996,0
0.2090909090909091,9.3,127.0,114.0,35.4,30.9,1.7505,0
0.2168831168831169,9.3,112.0,109.0,36.5,28.7,1.7256,0
0.2246753246753247,11.0,130.0,123.0,38.0,24.7,1.6073,0
0.2324675324675324,12.1,148.0,137.0,37.5,24.4,1.5515,0
0.2402597402597402,13.7,140.0,134.0,35.5,28.9,1.6468,0
0.248051948051948,12.9,125.0,114.0,31.9,37.5,1.7442,0
0.2558441558441559,10.3,111.0,100.0,30.1,45.0,1.8891,0
0.2636363636363636,9.5,102.0,92.0,28.8,48.9,1.9105,0
0.2714285714285714,10.3,108.0,97.0,28.8,48.8,1.9039,0
0.2792207792207792,11.2,132.0,111.0,28.0,49.0,1.8237,0
0.287012987012987,9.2,104.0,89.0,27.5,51.5,1.8664,0
0.2948051948051948,8.0,92.0,87.0,27.3,51.5,1.844,0
0.3025974025974026,5.8,78.0,69.0,26.7,53.3,1.8366,0
0.3103896103896104,4.0,78.78787878787878,70.39393939393939,25.9,55.1,1.8117,0
0.3181818181818182,3.0,79.57575757575758,71.78787878787878,27.0,51.8,1.8147,0
0.3259740259740259,3.0,80.36363636363636,73.18181818181819,26.8,50.9,1.7693,0
0.3337662337662337,7.8,81.15151515151516,74.57575757575758,25.0,57.0,1.7792,0
0.3415584415584415,19.3,81.93939393939394,75.96969696969697,26.2,52.8,1.7729,0
0.3493506493506493,26.0,82.72727272727272,77.36363636363636,28.3,47.6,1.7981,0
0.3571428571428571,10.6,83.51515151515152,78.75757575757575,29.9,42.1,1.7474,0
0.3649350649350649,8.2,84.3030303030303,80.15151515151516,33.0,35.4,1.7504,0
0.3727272727272727,9.9,85.0909090909091,81.54545454545455,35.6,30.6,1.7493,0
0.3805194805194805,8.6,85.87878787878788,82.93939393939394,37.1,27.9,1.7309,0
0.3883116883116883,8.7,86.66666666666667,84.33333333333333,37.9,25.7,1.6651,0
0.396103896103896,6.0,87.45454545454545,85.72727272727272,37.2,23.6,1.4764,0
0.4038961038961038,8.0,88.24242424242425,87.12121212121212,39.1,21.7,1.5031,0
0.4116883116883116,7.6,89.03030303030303,88.51515151515152,39.3,22.0,1.5366,0
0.4194805194805194,10.7,89.81818181818181,89.9090909090909,38.2,23.8,1.5666,0
0.4272727272727272,8.7,90.6060606060606,91.30303030303033,34.0,33.2,1.7395,0
0.435064935064935,8.0,91.3939393939394,92.6969696969697,25.5,58.6,1.8891,0
0.4428571428571428,7.2,92.1818181818182,94.0909090909091,27.2,46.0,1.6376,0
0.4506493506493506,5.7,92.96969696969695,95.48484848484848,27.6,45.2,1.6479,0
0.4584415584415584,5.5,93.75757575757576,96.87878787878788,25.4,52.7,1.6867,0
0.4662337662337662,4.6,94.54545454545456,98.27272727272728,26.1,49.4,1.6491,0
0.474025974025974,6.6,95.33333333333331,99.66666666666669,25.0,53.6,1.6721,0
0.4818181818181818,4.5,96.12121212121212,101.06060606060606,25.4,52.9,1.698,0
0.4896103896103896,3.8,96.9090909090909,102.45454545454544,25.4,54.4,1.7384,0
0.4974025974025974,2.3,97.69696969696967,103.84848484848484,25.4,54.6,1.7432,0
0.5051948051948052,2.1,98.48484848484848,105.24242424242424,24.5,57.1,1.7327,0
0.512987012987013,3.9,99.27272727272728,106.63636363636364,22.8,63.7,1.7392,0
0.5207792207792208,6.5,100.06060606060606,108.03030303030305,22.6,64.1,1.7358,0
0.5285714285714286,14.5,100.84848484848484,109.42424242424244,24.3,58.0,1.7429,0
0.5363636363636364,15.1,101.63636363636364,110.8181818181818,26.5,50.4,1.7215,0
0.5441558441558442,9.0,102.42424242424242,112.21212121212122,28.1,45.4,1.697,0
0.551948051948052,11.4,103.21212121212122,113.6060606060606,31.7,36.7,1.6843,0
0.5597402597402598,11.2,104.0,115.0,35.8,28.7,1.6626,0
0.5675324675324676,10.2,98.0,108.0,36.8,27.2,1.6623,0
0.5753246753246753,8.2,66.0,86.0,38.3,24.5,1.622,0
0.5831168831168831,6.6,60.0,84.0,34.2,30.8,1.6299,0
0.5909090909090909,6.4,85.0,97.0,28.7,51.4,1.9871,0
0.5987012987012987,7.0,90.0,102.0,23.9,69.1,2.0202,0
0.6064935064935064,9.6,122.0,102.0,21.5,78.8,1.9939,0
0.6142857142857142,9.4,117.0,99.0,21.6,78.5,1.994,0
0.622077922077922,10.2,115.0,97.0,21.5,78.4,1.9818,0
0.6298701298701298,7.7,127.0,101.0,20.8,80.9,1.9637,0
0.6376623376623376,5.4,79.0,92.0,20.7,81.8,1.9717,0
0.6454545454545454,5.5,61.0,70.0,23.1,70.1,1.9582,0
0.6532467532467532,5.7,67.0,72.0,22.7,68.4,1.8627,0
0.661038961038961,7.2,93.0,80.0,22.1,72.6,1.9105,0
0.6688311688311688,6.8,77.0,71.0,21.8,74.1,1.915,0
0.6766233766233766,5.0,60.0,69.0,21.9,72.8,1.8944,0
0.6844155844155844,4.1,52.5,62.0,21.7,73.2,1.8763,0
0.6922077922077922,3.4,45.0,55.0,21.4,75.5,1.9033,0
0.7,4.4,65.0,57.0,21.4,75.5,1.9069,0
1.2,7.7,94.0,56.0,21.9,74.9,1.9396,0
2.3,13.6,205.0,72.0,22.0,75.9,1.9817,0
3.0,19.1,240.0,84.0,22.5,74.9,2.019,0
2.9,16.3,237.0,97.0,24.5,66.2,2.0011,0
2.6,14.2,245.0,107.0,25.6,61.2,1.9808,0
2.6,15.6,206.0,117.0,29.3,48.4,1.9367,0
2.6,14.4,156.0,120.0,33.5,36.0,1.8395,0
2.1,10.5,126.0,110.0,35.6,29.8,1.7045,0
1.7,10.2,108.0,104.0,33.7,33.4,1.7186,0
1.9,10.7,102.0,110.0,34.1,33.3,1.7509,0
2.5,11.6,110.0,111.0,31.5,43.5,1.9797,0
1.1,7.9,57.0,64.0,32.5,40.6,1.9481,0
2.1,11.7,109.0,92.0,29.8,45.2,1.8642,0
2.6,14.6,151.0,114.0,27.7,49.9,1.8189,0
2.6,13.2,153.0,116.0,26.4,54.6,1.8459,0
1.7,9.8,103.0,94.0,25.5,58.0,1.8611,0
1.5,8.8,76.0,77.0,25.1,59.9,1.8797,0
1.8,10.4,93.0,74.0,24.1,63.5,1.8828,0
1.4,8.5,75.0,62.0,23.8,65.0,1.8897,0
1.2,6.4,57.0,57.0,23.4,64.9,1.843,0
0.7,3.4,32.0,45.0,24.4,58.6,1.7714,0
0.6,2.6,37.0,47.0,23.3,63.3,1.7895,0
0.7,2.9,42.0,49.0,21.9,67.1,1.7414,0
0.5,2.3,37.0,45.0,23.6,61.2,1.7588,0
0.6,3.3,44.0,44.0,22.6,63.4,1.7136,0
0.9,5.1,51.0,43.0,22.9,62.6,1.7253,0
1.2,7.7,74.0,51.0,23.3,61.8,1.7504,0
2.0,10.5,115.0,84.0,25.4,56.2,1.7961,0
1.9,10.9,109.0,96.0,30.6,41.9,1.8104,0
1.7,8.4,80.0,88.0,33.5,34.0,1.73,0
1.2,6.0,57.0,67.0,35.5,29.8,1.7004,0
1.1,6.0,56.0,64.0,37.5,24.7,1.5637,0
1.0,4.7,43.0,54.0,35.1,25.2,1.402,0
1.0,5.3,43.0,56.0,38.1,21.1,1.3863,0
1.0,5.8,51.0,68.0,38.5,21.8,1.4653,0
1.2,6.5,46.0,67.0,36.8,29.5,1.8037,0
1.6,8.4,71.0,95.0,34.9,33.4,1.8384,0
1.6,8.3,65.0,86.0,32.2,37.4,1.7655,0
1.6,8.4,78.0,93.0,29.7,41.7,1.7081,0
1.3,6.4,51.0,68.0,27.7,47.4,1.7344,0
1.9,10.3,84.0,95.0,27.3,49.4,1.7602,0
1.9,10.9,89.0,93.0,26.3,51.3,1.7251,0
1.5,7.4,65.0,69.0,25.7,54.1,1.7546,0
1.1,5.8,43.0,55.0,25.4,55.1,1.7628,0
0.8,4.5,32.0,39.0,24.9,57.3,1.7822,0
0.9,4.6,27.0,36.0,24.1,61.8,1.8339,0
0.6,2.4,22.0,33.0,23.9,61.2,1.7871,0
0.6,2.4,21.0,29.0,23.8,61.3,1.7881,0
0.7,2.6,27.0,36.0,23.4,61.7,1.7495,0
0.6,2.8,31.0,38.0,24.3,58.4,1.7508,0
1.0,4.5,46.0,47.0,25.1,56.6,1.7798,0
1.2,5.2,62.0,64.0,27.3,51.3,1.835,0
1.0,4.2,43.0,49.0,29.5,45.9,1.8662,0
1.3,4.8,53.0,64.0,27.6,52.4,1.9055,0
1.4,4.6,87.0,79.0,25.4,68.0,2.1806,0
0.8,3.6,36.0,45.0,32.2,40.3,1.8999,0
0.6,2.6,21.0,30.0,31.6,38.9,1.7838,0
0.7,3.0,27.0,35.0,33.0,37.3,1.8481,0
0.8,3.6,29.0,37.0,35.1,32.1,1.7841,0
0.9,4.1,38.0,46.0,35.0,31.1,1.7173,0
1.0,5.0,41.0,54.0,33.8,32.1,1.6596,0
1.5,6.5,66.0,79.0,31.1,38.8,1.7295,0
1.5,7.3,63.0,79.0,29.0,46.1,1.8141,0
1.7,8.1,88.0,98.0,28.1,50.6,1.8969,0
1.9,10.4,87.0,93.0,27.1,54.7,1.9284,0
1.7,9.0,86.0,89.0,26.6,56.4,1.9349,0
1.2,6.5,49.0,57.0,25.8,60.4,1.9759,0
1.1,6.3,40.0,51.0,25.5,61.6,1.9804,0
0.8,4.4,27.0,39.0,24.9,63.5,1.9647,0
0.5,2.8,25.0,34.5,24.3,65.1,1.9475,0
0.6,2.2,23.0,30.0,23.8,65.7,1.9079,0
0.7,3.7,58.0,46.0,23.2,68.0,1.9045,0
1.2,7.4,87.0,55.0,23.2,67.5,1.899,0
2.3,15.1,143.0,63.0,24.3,63.3,1.8929,0
2.5,15.1,96.0,42.0,25.5,59.7,1.9193,0
2.4,14.7,16.0,5.0,27.7,52.5,1.9138,0
1.4,9.8,54.0,39.0,31.8,38.9,1.8005,0
1.2,8.0,42.0,39.0,32.7,34.1,1.6592,0
1.6,8.3,72.0,71.0,34.3,31.5,1.6745,0
1.4,7.7,54.0,65.0,34.2,31.5,1.6675,0
1.2,6.7,52.0,71.0,33.9,32.3,1.6809,0
1.5,7.5,64.0,72.0,34.4,31.9,1.7005,0
1.4,7.72,70.0,76.0,33.48,33.86,1.7037399999999998,0
1.5,7.939999999999999,65.0,75.0,32.56,35.82,1.70698,0
1.7,8.16,80.0,86.0,31.64,37.78,1.71022,0
2.2,8.379999999999999,88.0,96.0,30.72,39.74,1.71346,0
1.9,8.6,81.0,95.0,29.8,41.7,1.7167,0
1.6,9.7,59.0,74.0,28.8,45.9,1.7884,0
1.5,9.1,69.0,76.0,28.2,51.1,1.9221,0
1.4,9.1,58.0,66.0,27.5,54.4,1.9705,0
1.0,7.0,33.0,49.0,27.4,55.0,1.9827,0
0.7,4.9,17.0,29.0,28.1,51.6,1.9269,0
0.5,3.5,6.0,11.0,26.3,56.5,1.9027,0
0.5,3.9,13.0,18.0,24.4,65.0,1.9612,0
0.5,3.2,20.0,25.0,24.4,63.6,1.9218,0
0.7,4.7,58.0,34.0,23.5,67.4,1.9305,0
1.2,7.6,106.0,42.0,23.4,65.7,1.872,0
2.2,14.7,143.0,47.0,24.5,61.3,1.8522,0
2.9,18.7,167.0,62.0,26.0,55.8,1.8536,0
2.6,14.8,188.0,81.0,28.5,48.5,1.8607,0
2.6,14.5,164.0,90.0,33.6,35.7,1.8229,0
2.2,12.7,128.0,95.0,36.5,28.9,1.7359,0
1.5,9.2,88.0,86.0,39.0,23.7,1.6346,0
0.9,4.8,51.0,64.0,38.8,23.7,1.6093,0
1.0,5.4,52.0,62.0,38.0,24.0,1.5686,0
1.1,7.2,59.0,75.0,40.5,23.3,1.7416,0
1.2,6.7,67.0,88.0,39.8,25.4,1.8213,0
1.8,9.7,105.0,126.0,39.6,23.3,1.6535,0
1.8,10.9,91.0,96.0,38.8,24.7,1.6772,0
1.7,10.6,69.0,79.0,34.7,35.9,1.9528,0
1.7,9.7,65.0,67.0,32.3,43.6,2.07,0
1.6,8.6,58.0,62.0,30.7,48.1,2.0821,0
1.7,10.2,67.0,64.0,29.5,50.6,2.0492,0
1.8,10.5,64.0,63.0,28.8,52.0,2.0297,0
1.5,8.8,65.0,60.0,28.2,55.0,2.0697,0
1.2,6.6,47.0,49.0,27.2,59.1,2.0997,0
0.8,5.3,29.0,36.0,26.7,60.7,2.0977,0
0.5,3.0,22.5,30.0,26.9,60.3,2.1074,0
0.5,3.2,16.0,24.0,26.4,61.6,2.0931,0
0.7,3.5,50.0,32.0,25.9,63.6,2.102,0
1.1,7.2,78.0,42.0,26.1,63.7,2.117,0
1.4,9.5,89.0,42.0,26.8,60.5,2.1008,0
1.7,11.1,97.0,51.0,27.9,56.5,2.0895,0
1.8,9.7,93.0,58.0,29.8,51.1,2.1054,0
1.8,9.5,105.0,67.0,33.6,41.0,2.0995,0
1.7,8.3,89.0,68.0,35.1,38.1,2.1144,0
1.3,6.0,63.0,56.0,36.2,34.9,2.0578,0
1.3,5.8,52.0,47.0,38.0,30.7,2.0022,0
1.0,5.1,48.0,46.0,36.6,30.8,1.8617,0
1.0,4.5,50.0,50.0,38.8,25.4,1.7282,0
1.4,6.6,80.0,65.0,38.7,25.8,1.7426,0
1.6,8.0,78.0,69.0,37.4,29.9,1.8848,0
1.4,7.6,64.0,63.0,36.2,31.1,1.8371,0
1.7,10.1,84.0,69.0,33.8,34.5,1.7788,0
1.4,7.8,72.0,57.0,31.4,40.7,1.8377,0
1.5,8.4,70.0,59.0,30.8,45.0,1.9733,0
1.4,7.7,59.0,54.0,29.4,50.0,2.0181,0
1.5,7.6,63.0,57.0,28.1,54.1,2.029,0
1.6,7.9,58.0,46.0,27.3,57.8,2.0646,0
1.2,6.3,68.0,65.0,26.7,60.6,2.0942,0
0.9,3.8,57.0,62.0,25.9,64.5,2.1247,0
0.6,2.4,36.0,43.5,25.6,63.5,2.0566,0
0.6499999999999999,2.5,15.0,25.0,26.7,61.0,2.101,0
0.7,4.2,47.0,37.0,25.8,64.6,2.1195,0
0.7,4.5,39.0,41.0,26.5,60.6,2.063,0
1.7,11.0,87.0,60.0,26.4,61.7,2.0929,0
2.2,14.1,122.0,65.0,27.5,60.1,2.1719,0
1.9,9.5,122.0,71.0,29.4,53.1,2.1362,0
1.5,6.9,101.0,61.0,33.4,39.9,2.0177,0
1.6,7.2,92.0,65.0,33.2,39.2,1.9642,0
1.3,5.5,70.0,54.0,34.5,35.1,1.8856,0
1.1,5.1,58.0,58.0,37.1,30.5,1.8962,0
1.0,5.0,44.0,56.0,35.9,32.1,1.8697,0
1.0,5.6,44.0,60.0,37.3,28.0,1.7537,0
1.1,5.7,52.0,69.0,38.1,26.3,1.7252,0
1.3,7.0,53.0,67.0,37.1,27.2,1.6844,0
1.5,8.1,65.0,79.0,35.2,31.2,1.7485,0
1.6,8.7,67.0,86.0,32.1,38.7,1.819,0
1.5,7.9,67.0,79.0,30.3,45.1,1.9129,0
1.3,7.5,53.0,67.0,29.3,50.2,2.0127,0
1.2,6.0,53.0,65.0,28.6,53.7,2.0691,0
1.6,8.5,60.0,67.0,27.8,57.4,2.1107,0
1.4,7.0,60.0,62.0,27.4,59.4,2.1395,0
1.1,5.6,39.0,48.0,27.2,59.3,2.1059,0
0.7,2.6,22.0,33.0,26.7,61.0,2.1005,0
0.4,1.5,14.5,22.0,26.0,62.7,2.0737,0
0.5,1.7,7.0,11.0,25.4,63.1,2.0184,0
0.5,2.0,25.0,34.0,26.1,60.3,2.012,0
0.8,4.0,47.0,52.0,25.2,67.1,2.1164,0
1.6,8.6,101.0,80.0,26.0,61.9,2.0511,0
1.6,10.1,100.0,86.0,27.0,57.5,2.0183,0
1.4,8.7,79.0,77.0,30.5,44.4,1.9076,0
1.5,7.9,91.0,93.0,33.4,35.1,1.781,0
1.2,5.8,83.0,109.0,35.7,29.0,1.6716,0
1.1,5.3,65.0,89.0,35.8,27.7,1.6041,0
0.8,4.2,55.0,71.0,36.3,27.4,1.6264,0
0.7,3.3,40.0,56.0,33.6,28.8,1.4695,0
0.7,4.0,48.0,68.0,35.2,20.5,1.1418,0
0.7,4.3,46.0,61.0,35.0,22.4,1.2371,0
1.0,4.6,54.0,70.0,34.0,25.2,1.314,0
1.0,5.1,55.0,76.0,32.0,28.2,1.3204,0
1.2,5.9,60.0,78.0,29.4,34.4,1.3899,0
1.1,5.7,62.0,80.0,28.1,41.1,1.535,0
1.0,4.7,51.0,71.0,26.9,47.5,1.6595,0
1.2,5.1,57.0,74.0,26.6,50.4,1.724,0
1.4,5.9,72.0,90.0,25.9,52.9,1.7478,0
1.3,5.6,63.0,78.0,25.4,54.6,1.7483,0
1.0,4.5,49.0,63.0,25.1,55.7,1.7471,0
0.6,2.5,30.0,42.0,25.1,55.3,1.733,0
0.4,1.7,24.0,34.5,25.0,56.0,1.7428,0
0.4,1.8,18.0,27.0,25.2,55.0,1.7405,0
0.4,1.9,22.0,29.0,25.6,53.5,1.7291,0
0.5,2.6,39.0,41.0,24.7,55.9,1.7114,0
1.1,6.3,68.0,61.0,24.0,57.2,1.6835,0
1.2,6.8,84.0,68.0,25.0,53.2,1.663,0
0.9,4.7,54.0,58.0,28.0,43.4,1.6162,0
0.9,4.7,51.0,52.0,31.6,35.5,1.6269,0
1.0,4.0,52.0,57.0,35.0,29.0,1.6017,0
0.8,4.3,44.0,51.0,35.3,27.6,1.5512,0
0.8,3.8,47.0,53.0,36.2,24.1,1.4235,0
0.7,3.4,37.0,49.0,34.8,24.5,1.3373,0
0.7,3.6,33.0,44.0,38.2,19.6,1.2915,0
0.7,3.6,36.0,48.0,38.9,20.3,1.382,0
0.7,3.6,33.0,46.0,36.9,27.1,1.6683,0
0.9,5.1,40.0,56.0,35.2,32.1,1.7898,0
1.2,6.6,56.0,73.0,32.0,38.2,1.788,0
1.4,7.3,71.0,85.0,29.8,41.8,1.7269,0
1.2,6.1,57.0,72.0,28.2,45.9,1.7272,0
1.0,5.2,43.0,53.0,27.1,48.2,1.7075,0
0.9,4.9,40.0,47.0,26.7,49.5,1.7048,0
0.7,3.5,26.0,37.0,26.1,50.8,1.6917,0
0.5,3.0,24.0,34.0,25.7,52.5,1.7077,0
0.5,2.7,24.0,33.0,24.8,55.4,1.7054,0
0.4,2.2,21.0,30.0,23.8,57.5,1.6723,0
0.4,2.0,18.0,27.0,22.4,62.2,1.6648,0
0.4,2.4,18.0,27.0,22.5,61.8,1.6654,0
0.4,2.0,19.0,27.0,22.7,59.2,1.6139,0
0.5,2.5,22.0,28.0,23.0,58.4,1.6223,0
0.7,3.5,34.0,36.0,23.9,56.3,1.6489,0
1.1,6.0,61.0,59.0,26.3,50.1,1.6889,0
1.0,5.3,46.0,56.0,32.1,34.0,1.6039,0
1.2,6.3,56.0,70.0,35.8,25.7,1.4861,0
1.1,4.8,31.0,36.0,38.3,19.8,1.3067,0
0.6,3.2,11.0,17.0,37.3,20.5,1.286,0
0.4,2.6,8.0,14.0,36.3,18.4,1.0976,0
0.4,2.4,14.0,24.0,36.8,16.9,1.0347,0
0.5,3.0,21.0,36.0,37.9,15.9,1.0296,0
0.6,3.1,26.0,43.0,36.7,17.1,1.0398,0
0.8,3.4,37.0,60.0,33.8,21.9,1.1303,0
1.0,4.6,53.0,81.0,32.6,24.6,1.1885,0
1.1,4.4,56.0,87.0,30.6,28.4,1.2247,0
1.1,5.5,51.0,85.0,29.4,30.5,1.2288,0
1.6,8.2,79.0,91.0,28.4,34.4,1.314,0
0.9,5.0,38.0,55.0,28.3,34.1,1.2951,0
0.7,4.0,25.0,42.0,27.8,35.2,1.2968,0
0.7,3.7,24.0,43.0,25.3,39.7,1.2656,0
0.5,3.1,11.0,20.0,24.5,41.5,1.2589,0
0.4,1.8,13.5,21.5,24.8,39.8,1.2231,0
0.3,1.5,16.0,23.0,23.3,41.9,1.1856,0
0.4,2.4,43.0,43.0,21.5,45.6,1.1558,0
0.9,5.4,86.0,68.0,21.3,47.0,1.1793,0
1.3,8.5,92.0,62.0,22.2,45.0,1.1867,0
1.6,10.9,102.0,65.0,23.6,40.8,1.1746,0
2.1,12.0,171.0,93.0,27.1,32.4,1.1462,0
2.0,10.6,148.0,110.0,33.4,20.1,1.0142,0
1.4,7.4,119.0,106.0,35.3,17.0,0.9546,0
1.4,7.3,71.0,77.0,37.4,14.7,0.9295,0
0.9,4.6,53.0,60.0,38.6,14.6,0.9821,0
0.8,4.0,61.0,67.0,35.8,17.8,1.0274,0
0.8,3.8,53.0,57.0,38.4,16.4,1.0957,0
1.0,5.0,61.0,60.0,39.7,15.3,1.0963,0
1.3,6.9,72.0,69.0,38.8,15.8,1.0706,0
1.3,7.0,67.0,77.0,35.2,22.3,1.2467,0
1.3,6.8,70.0,77.0,31.7,28.2,1.2962,0
1.6,8.5,81.0,87.0,30.4,30.9,1.3219,0
1.4,8.0,79.0,88.0,29.5,32.1,1.3005,0
1.3,5.7,73.0,84.0,28.0,34.9,1.2989,0
1.0,5.1,57.0,65.0,28.2,36.6,1.3722,0
0.9,5.5,45.0,54.0,26.5,40.7,1.3873,0
0.6,3.1,25.0,37.0,28.3,36.7,1.3878,0
0.5,2.9,23.0,36.0,25.7,43.8,1.4233,0
0.5,2.6,20.5,32.5,24.3,49.0,1.4666,0
0.4,2.2,18.0,29.0,24.3,48.3,1.4449,0
0.4,2.5,23.0,25.0,23.6,49.2,1.4153,0
1.0,5.6,59.0,41.0,22.2,53.9,1.4201,0
2.2,12.9,135.0,68.0,22.5,52.3,1.41,0
2.5,16.0,167.0,82.0,24.3,47.8,1.4321,0
2.3,12.2,190.0,137.0,27.3,40.7,1.4548,0
2.0,10.0,142.0,119.0,33.3,28.2,1.4189,0
1.98,7.8,140.03333333333333,117.4,35.3,23.1,1.2989,0
1.96,5.9,138.06666666666666,115.8,36.1,21.3,1.2502,0
1.94,6.6,136.1,114.2,38.5,18.0,1.2055,0
1.92,4.8,134.13333333333333,112.6,36.5,20.8,1.2446,0
1.9,5.9,132.16666666666666,111.0,38.8,19.1,1.3035,0
1.88,6.0,130.2,109.4,38.8,19.8,1.3513,0
1.86,5.0,128.23333333333335,107.8,38.1,19.7,1.2928,0
1.84,4.2,126.26666666666668,106.2,36.1,20.7,1.2151,0
1.82,5.0,124.3,104.6,32.8,24.3,1.1894,0
1.8,7.5,122.33333333333334,103.0,30.4,29.8,1.2712,0
1.78,9.3,120.36666666666667,101.4,29.1,33.6,1.3314,0
1.76,10.0,118.4,99.8,28.6,35.7,1.3726,0
1.74,8.2,116.43333333333334,98.2,28.0,36.1,1.3425,0
1.72,6.4,114.46666666666668,96.6,25.8,39.5,1.2949,0
1.7,6.0,112.5,95.0,25.1,40.1,1.2544,0
1.68,5.4,110.53333333333332,93.4,24.4,42.5,1.2854,0
1.66,4.4,108.56666666666666,91.8,23.0,46.2,1.2783,0
1.64,4.1,106.6,90.2,22.5,46.7,1.261,0
1.62,4.3,104.63333333333333,88.6,22.9,45.7,1.2621,0
1.6,6.3,102.66666666666669,87.0,23.8,41.8,1.2149,0
1.5799999999999998,10.9,100.7,85.4,24.4,42.6,1.2866,0
1.56,11.2,98.73333333333332,83.8,27.3,36.8,1.3189,0
1.54,6.5,96.76666666666668,82.19999999999999,29.6,35.4,1.4426,0
1.52,5.7,94.8,80.6,34.6,28.3,1.5338,0
1.5,7.0,92.83333333333334,79.0,33.1,32.6,1.6188,0
1.48,5.6,90.86666666666667,77.4,33.3,33.1,1.6642,0
1.46,5.5,88.9,75.8,34.6,30.1,1.6296,0
1.44,5.4,86.93333333333334,74.19999999999999,34.9,29.5,1.6275,0
1.42,7.0,84.96666666666667,72.6,35.6,28.5,1.6293,0
1.4,7.4,83.0,71.0,36.4,27.1,1.6226,0
1.7,9.1,94.0,78.0,36.8,26.2,1.5984,0
1.5,8.9,84.0,72.0,36.4,26.8,1.6038,0
1.7,9.2,90.0,74.0,33.3,32.8,1.6527,0
1.6,8.5,91.0,70.0,31.3,39.5,1.7798,0
1.4,7.9,70.0,55.0,29.9,44.7,1.8511,0
1.4,6.1,75.0,54.0,29.1,48.4,1.9186,0
1.4,6.4,72.0,53.0,28.0,52.9,1.964,0
1.2,5.7,59.0,46.0,27.7,53.0,1.9423,0
0.9,4.4,48.0,38.0,27.7,52.6,1.9202,0
0.6,2.3,41.0,30.0,28.3,49.5,1.8782,0
0.4,1.8,26.0,23.0,28.8,49.0,1.9112,0
0.5,1.9,11.0,16.0,27.7,52.5,1.923,0
0.5,2.4,11.0,12.0,27.5,53.0,1.9097,0
0.8,4.7,37.0,38.0,27.1,54.4,1.9168,0
1.4,7.8,72.0,56.0,27.6,52.1,1.8936,0
1.2,7.8,53.0,57.0,29.0,48.5,1.9133,0
1.0,6.3,31.0,39.0,31.0,42.9,1.8909,0
1.2,6.5,47.0,47.0,32.5,39.4,1.8982,0
1.1,6.1,33.0,35.0,36.9,30.9,1.8934,0
1.2,6.3,35.0,44.0,36.2,30.6,1.8105,0
1.1,5.6,32.0,43.0,37.7,27.7,1.778,0
1.0,5.8,23.0,34.0,37.1,27.2,1.6874,0
1.0,5.4,27.0,36.0,39.5,24.3,1.7216,0
1.2,6.8,32.0,44.0,39.9,23.8,1.7127,0
1.7,9.3,51.0,63.0,39.6,24.3,1.7255,0
1.7,8.5,46.0,60.0,37.2,29.1,1.8185,0
1.7,9.3,62.0,66.0,33.9,37.1,1.9264,0
1.7,7.4,65.0,68.0,31.6,43.6,1.9944,0
1.7035294117647055,6.4,65.54117647058824,68.17241379310344,30.3,47.3,2.0034,0
1.7070588235294115,7.8,66.08235294117647,68.34482758620689,29.8,49.1,2.0248,0
1.7105882352941175,5.6,66.62352941176471,68.51724137931035,29.0,51.7,2.0375,0
1.7141176470588235,5.3,67.16470588235295,68.6896551724138,28.5,52.1,2.0036,0
1.7176470588235293,5.0,67.70588235294117,68.86206896551724,27.7,53.7,1.9661,0
1.7211764705882353,4.2,68.24705882352941,69.03448275862068,27.4,53.5,1.9267,0
1.724705882352941,1.4,68.78823529411764,69.20689655172414,28.5,48.7,1.872,0
1.728235294117647,1.0,69.32941176470588,69.37931034482759,28.9,48.4,1.8982,0
1.7317647058823529,2.4,69.87058823529412,69.55172413793103,27.1,54.8,1.9309,0
1.7352941176470589,4.5,70.41176470588235,69.72413793103448,26.1,59.0,1.9669,0
1.7388235294117649,8.9,70.95294117647059,69.89655172413794,26.7,58.0,2.0023,0
1.7423529411764704,12.9,71.49411764705883,70.06896551724138,27.9,54.9,2.0353,0
1.7458823529411764,8.6,72.03529411764706,70.24137931034483,29.7,50.5,2.0767,0
1.7494117647058822,7.8,72.5764705882353,70.41379310344827,32.2,41.4,1.9624,0
1.7529411764705882,7.7,73.11764705882354,70.58620689655173,35.6,32.2,1.8408,0
1.756470588235294,7.3,73.65882352941176,70.75862068965517,35.7,31.4,1.8025,0
1.76,3.8,74.2,70.93103448275862,35.5,34.9,1.9841,0
1.7635294117647058,3.3,74.74117647058823,71.10344827586206,35.0,35.5,1.962,0
1.7670588235294118,3.3,75.28235294117647,71.27586206896552,35.1,34.6,1.9255,0
1.7705882352941176,4.8,75.82352941176471,71.44827586206897,36.8,30.5,1.8572,0
1.7741176470588236,5.7,76.36470588235294,71.62068965517241,34.5,34.7,1.8667,0
1.7776470588235294,5.6,76.90588235294118,71.79310344827586,33.0,38.1,1.8813,0
1.7811764705882354,5.7,77.4470588235294,71.96551724137932,30.8,43.1,1.8761,0
1.7847058823529411,7.0,77.98823529411764,72.13793103448276,29.1,46.9,1.8652,0
1.788235294117647,6.8,78.52941176470588,72.3103448275862,28.2,49.8,1.8795,0
1.791764705882353,8.3,79.07058823529411,72.48275862068965,27.5,50.4,1.823,0
1.7952941176470587,6.9,79.61176470588235,72.65517241379311,27.3,49.1,1.7503,0
1.7988235294117647,6.0,80.15294117647059,72.82758620689656,26.7,46.7,1.6121,0
1.8023529411764705,5.4,80.69411764705882,73.0,26.0,45.0,1.4913,0
1.8058823529411765,3.9,81.23529411764706,73.17241379310344,25.0,47.3,1.4771,0
1.8094117647058825,2.0,81.7764705882353,73.34482758620689,25.3,44.3,1.4032,0
1.8129411764705885,2.2,82.31764705882352,73.51724137931035,24.3,46.3,1.3857,0
1.816470588235294,3.0,82.85882352941177,73.6896551724138,24.8,43.4,1.3347,0
1.82,3.5,83.4,73.86206896551724,24.5,40.6,1.2327,0
1.8235294117647056,3.8,83.94117647058823,74.0344827586207,25.7,36.9,1.1991,0
1.827058823529412,3.2,84.48235294117647,74.20689655172414,26.8,35.0,1.2175,0
1.8305882352941176,2.6,85.02352941176471,74.37931034482759,28.0,34.9,1.3008,0
1.8341176470588236,3.5,85.56470588235294,74.55172413793103,29.0,34.1,1.3445,0
1.8376470588235292,3.1,86.10588235294118,74.72413793103448,30.4,30.8,1.3155,0
1.8411764705882352,3.1,86.6470588235294,74.89655172413794,32.4,26.3,1.2523,0
1.8447058823529408,3.0,87.18823529411765,75.06896551724138,31.0,28.9,1.277,0
1.848235294117647,2.2,87.72941176470587,75.24137931034483,29.3,33.1,1.322,0
1.851764705882353,3.0,88.27058823529411,75.41379310344827,26.9,35.2,1.2334,0
1.8552941176470588,3.5,88.81176470588235,75.58620689655173,28.1,34.2,1.2802,0
1.8588235294117648,3.7,89.35294117647058,75.75862068965517,28.5,29.4,1.1298,0
1.8623529411764703,5.4,89.89411764705882,75.93103448275862,27.3,31.0,1.111,0
1.8658823529411763,8.9,90.43529411764706,76.10344827586206,25.4,36.2,1.1562,0
1.8694117647058823,7.8,90.97647058823529,76.27586206896552,24.6,38.0,1.158,0
1.8729411764705883,5.6,91.51764705882351,76.44827586206897,24.3,41.6,1.2467,0
1.876470588235294,5.2,92.05882352941175,76.62068965517241,24.9,40.8,1.2696,0
1.88,6.7,92.6,76.79310344827586,23.8,44.7,1.3019,0
1.883529411764706,8.0,93.14117647058823,76.96551724137932,22.8,49.8,1.367,0
1.887058823529412,6.4,93.68235294117648,77.13793103448276,22.8,49.4,1.3568,0
1.8905882352941177,5.2,94.2235294117647,77.3103448275862,20.9,57.4,1.4037,0
1.8941176470588237,5.1,94.76470588235294,77.48275862068965,20.5,60.6,1.447,0
1.8976470588235292,4.0,95.30588235294118,77.65517241379311,19.6,63.7,1.4396,0
1.9011764705882352,3.7,95.8470588235294,77.82758620689656,19.4,64.5,1.4394,0
1.9047058823529408,2.8,96.38823529411764,78.0,18.6,67.4,1.4302,0
1.908235294117647,4.5,96.92941176470588,78.17241379310344,19.6,63.7,1.4419,0
1.9117647058823528,4.7,97.47058823529412,78.34482758620689,21.7,56.4,1.4496,0
1.9152941176470588,6.0,98.01176470588234,78.51724137931035,25.2,47.4,1.4978,0
1.9188235294117648,5.8,98.55294117647058,78.6896551724138,30.4,34.1,1.4577,0
1.9223529411764704,5.2,99.09411764705882,78.86206896551724,33.4,25.1,1.2665,0
1.9258823529411764,4.6,99.63529411764704,79.0344827586207,35.5,18.2,1.0376,0
1.9294117647058824,2.1,100.17647058823528,79.20689655172414,35.1,15.7,0.8757,0
1.932941176470588,1.8,100.71764705882352,79.37931034482759,33.3,17.1,0.8592,0
1.9364705882352944,2.8,101.25882352941176,79.55172413793103,36.6,11.8,0.7107,0
1.94,3.6,101.8,79.72413793103448,38.3,10.0,0.6591,0
1.943529411764706,4.0,102.34117647058824,79.89655172413794,37.3,10.9,0.6846,0
1.947058823529412,5.3,102.88235294117646,80.06896551724138,34.6,20.0,1.0817,0
1.9505882352941175,7.4,103.4235294117647,80.24137931034483,30.4,28.2,1.204,0
1.9541176470588235,8.0,103.96470588235294,80.41379310344828,28.1,34.3,1.2821,0
1.9576470588235293,7.4,104.50588235294116,80.58620689655173,26.5,36.6,1.2484,0
1.9611764705882355,6.1,105.0470588235294,80.75862068965517,25.7,38.5,1.2548,0
1.9647058823529413,5.5,105.58823529411764,80.93103448275862,24.7,41.6,1.2751,0
1.968235294117647,6.2,106.12941176470588,81.10344827586206,23.6,45.4,1.3067,0
1.9717647058823529,4.4,106.6705882352941,81.27586206896552,23.4,46.3,1.3134,0
1.9752941176470589,3.4,107.21176470588236,81.44827586206897,21.6,51.6,1.3171,0
1.9788235294117649,2.4,107.7529411764706,81.62068965517241,21.2,53.3,1.328,0
1.9823529411764709,2.0,108.2941176470588,81.79310344827586,20.6,55.1,1.3237,0
1.9858823529411764,2.0,108.83529411764708,81.96551724137932,22.1,49.6,1.3022,0
1.9894117647058824,3.8,109.37647058823528,82.13793103448276,21.1,51.6,1.2784,0
1.992941176470588,7.6,109.91764705882352,82.3103448275862,21.8,48.6,1.2556,0
1.9964705882352944,14.9,110.45882352941176,82.48275862068965,21.7,49.1,1.2602,0
2.0,12.0,111.0,82.65517241379311,25.3,41.7,1.3243,0
1.8,9.2,98.5,82.82758620689656,30.3,30.9,1.3096,0
1.6,8.2,86.0,83.0,32.9,24.9,1.2269,0
1.3,5.9,57.0,64.0,34.4,23.5,1.2541,0
1.0,4.7,39.0,50.0,34.3,22.5,1.1974,0
0.9,4.1,41.0,53.0,33.4,21.6,1.0927,0
1.0,4.9,47.0,57.0,36.1,18.4,1.0827,0
1.1,5.2,45.0,55.0,37.3,15.4,0.9692,0
1.5,7.5,60.0,70.0,36.8,16.2,0.9922,0
1.5,7.4,51.0,68.0,34.9,20.9,1.1463,0
1.6,7.8,53.0,73.0,30.8,26.5,1.1603,0
1.7,8.6,72.0,92.0,28.9,28.3,1.1078,0
1.4,6.5,62.0,80.0,27.0,30.7,1.079,0
1.2,6.8,41.0,60.0,26.6,30.6,1.0459,0
1.1,5.7,32.0,49.0,26.0,33.1,1.0955,0
1.1,5.8,44.0,53.0,24.1,37.9,1.1204,0
1.2,5.7,29.0,50.0,22.2,43.1,1.1396,0
0.7,3.2,18.0,34.0,22.8,41.3,1.1284,0
0.5,2.1,15.0,27.5,21.2,43.8,1.088,0
0.4,1.7,12.0,21.0,21.7,42.6,1.0907,0
0.7,2.8,39.0,48.0,20.2,47.1,1.1021,0
1.1,5.7,83.0,71.0,20.1,47.8,1.1093,0
1.6,10.0,149.0,94.0,20.6,45.5,1.0925,0
2.3,14.5,216.0,118.0,22.4,41.1,1.0979,0
1.6,9.9,153.0,105.0,25.0,36.6,1.143,0
2.0,11.2,177.0,122.0,29.9,26.2,1.0891,0
1.6,8.3,126.0,121.0,32.9,21.8,1.0714,0
1.6,9.5,96.0,115.0,35.0,17.9,0.99,0
1.3,7.1,92.0,107.0,34.6,18.2,0.9832,0
1.0,6.0,75.0,86.0,33.8,22.8,1.1781,0
1.6,9.1,109.0,118.0,36.3,19.5,1.1539,0
2.0,10.4,133.0,129.0,38.3,17.9,1.181,0
1.7,8.7,87.0,90.0,36.9,20.9,1.2864,0
1.7,9.0,80.0,87.0,33.9,30.0,1.56,0
1.4,6.8,70.0,65.0,29.8,43.4,1.7988,0
1.3,5.2,67.0,61.0,27.5,50.4,1.8274,0
1.3,5.7,66.0,62.0,27.5,50.4,1.8284,0
1.6,6.9,97.0,85.0,28.1,48.0,1.7933,0
1.8,7.8,90.0,83.0,26.9,49.6,1.7299,0
1.5,6.8,99.0,84.0,26.0,48.0,1.5899,0
1.3,6.3,71.0,71.0,24.9,50.6,1.5747,0
1.1,4.7,59.0,62.0,23.7,53.2,1.5418,0
0.5,2.0,42.5,51.0,24.5,50.9,1.5416,0
0.6,3.6,26.0,40.0,22.9,56.1,1.5492,0
0.7,4.4,47.0,50.0,23.3,55.5,1.5636,0
1.1,6.4,108.0,78.0,23.6,54.2,1.5583,0
1.9,11.9,160.0,89.0,24.9,52.9,1.643,0
3.5,21.0,204.0,106.0,26.4,50.8,1.7166,1
2.9,15.6,193.0,107.0,28.1,47.4,1.7753,0
2.2,12.1,146.0,93.0,30.2,43.2,1.823,0
2.0,9.3,126.0,95.0,31.2,41.9,1.871,0
1.7,8.7,90.0,78.0,33.9,36.0,1.8692,0
1.6,7.9,84.0,76.0,33.9,34.1,1.7754,0
1.3,6.2,60.0,66.0,34.4,30.6,1.6402,0
1.3,6.3,66.0,71.0,35.3,28.5,1.6034,0
1.3,6.0,57.0,61.0,36.3,28.3,1.6851,0
1.6,7.9,71.0,73.0,35.3,29.4,1.6577,0
1.3,5.8,51.0,54.0,32.5,34.1,1.6453,0
1.4,6.3,49.0,53.0,29.1,42.1,1.6695,0
1.4,6.0,59.0,69.0,27.8,35.6,1.3116,0
1.3,6.3,66.0,77.0,27.0,30.0,1.0542,0
1.4,6.8,72.0,83.0,26.3,37.3,1.2555,0
1.5,7.0,89.0,94.0,25.2,40.8,1.2877,0
1.5,7.0,75.0,84.0,24.3,43.3,1.2973,0
0.9,5.0,38.0,55.0,23.3,45.3,1.2794,0
0.6,2.8,24.0,35.0,24.1,44.0,1.3034,0
0.5,2.1,21.5,33.0,23.8,44.8,1.3061,0
0.5,1.7,19.0,31.0,23.0,47.7,1.3232,0
0.5,2.8,40.0,45.0,23.7,46.7,1.3501,0
1.0,2.8217391304347825,63.0,59.0,23.61521739130435,46.97391304347826,1.350108695652174,0
1.9,2.843478260869565,121.0,83.0,23.53043478260869,47.24782608695652,1.3501173913043478,0
2.6,2.8652173913043475,143.0,90.0,23.445652173913043,47.52173913043479,1.350126086956522,0
1.7,2.88695652173913,104.0,87.0,23.360869565217392,47.79565217391305,1.3501347826086958,0
1.7,2.908695652173913,111.0,83.0,23.276086956521738,48.06956521739131,1.3501434782608697,0
1.4,2.930434782608696,83.0,71.0,23.191304347826087,48.34347826086957,1.3501521739130435,0
1.6,2.9521739130434783,90.0,77.0,23.10652173913044,48.61739130434783,1.3501608695652174,0
1.3,2.973913043478261,82.0,75.0,23.02173913043478,48.891304347826086,1.3501695652173913,0
0.9,2.9956521739130437,48.0,52.0,22.93695652173913,49.16521739130435,1.3501782608695654,0
1.4,3.017391304347826,89.0,76.0,22.85217391304348,49.43913043478261,1.3501869565217393,0
1.0,3.0391304347826087,58.0,60.0,22.767391304347825,49.71304347826087,1.3501956521739131,0
2.2,3.060869565217391,129.0,99.0,22.68260869565217,49.98695652173913,1.350204347826087,0
1.9,3.0826086956521737,103.0,88.0,22.597826086956523,50.26086956521739,1.3502130434782609,0
2.1,3.1043478260869564,115.0,91.0,22.51304347826087,50.53478260869565,1.3502217391304348,0
1.7,3.126086956521739,108.0,91.0,22.428260869565214,50.80869565217392,1.3502304347826088,0
1.0,3.1478260869565213,60.0,68.0,22.343478260869563,51.082608695652176,1.3502391304347827,0
1.1,3.169565217391304,68.0,71.0,22.258695652173916,51.35652173913044,1.3502478260869566,0
0.7,3.1913043478260867,36.0,49.0,22.17391304347826,51.630434782608695,1.3502565217391305,0
1.3,3.213043478260869,81.0,71.0,22.089130434782607,51.90434782608696,1.3502652173913043,0
1.3,3.234782608695652,91.0,76.0,22.00434782608696,52.17826086956522,1.3502739130434782,0
1.0,3.2565217391304344,65.0,67.0,21.919565217391305,52.45217391304348,1.3502826086956523,0
0.7,3.278260869565217,55.5,62.5,21.83478260869565,52.72608695652174,1.3502913043478262,0
0.6,3.3,46.0,58.0,21.75,53.0,1.3503,0
0.7,3.3217391304347825,71.0,53.0,21.66521739130435,53.27391304347826,1.350308695652174,0
1.1,3.343478260869565,92.0,52.0,21.58043478260869,53.54782608695652,1.3503173913043478,0
2.4,3.3652173913043475,201.0,68.0,21.495652173913044,53.82173913043478,1.350326086956522,0
2.4,3.38695652173913,169.0,69.0,21.410869565217396,54.095652173913045,1.3503347826086958,0
2.3,3.408695652173913,158.0,83.0,21.32608695652174,54.369565217391305,1.3503434782608696,0
2.2,3.430434782608696,147.0,99.0,21.241304347826087,54.64347826086957,1.3503521739130435,0
1.8,3.4521739130434783,119.0,101.0,21.15652173913044,54.917391304347824,1.3503608695652174,0
2.0,3.473913043478261,114.0,104.0,21.071739130434786,55.19130434782608,1.3503695652173913,0
1.5,3.4956521739130437,92.0,89.0,20.98695652173913,55.46521739130435,1.3503782608695654,0
1.4,3.517391304347826,82.0,88.0,20.90217391304348,55.73913043478261,1.3503869565217392,0
1.5,3.539130434782608,85.0,89.0,20.817391304347822,56.01304347826087,1.350395652173913,0
1.6,3.560869565217391,96.0,92.0,20.73260869565217,56.28695652173913,1.350404347826087,0
1.9,3.5826086956521737,104.0,109.0,20.64782608695652,56.56086956521739,1.3504130434782609,0
2.0,3.604347826086957,101.0,107.0,20.56304347826087,56.83478260869565,1.3504217391304347,0
2.3,3.626086956521739,128.0,116.0,20.47826086956522,57.10869565217391,1.3504304347826088,0
2.4,3.647826086956521,147.0,124.0,20.393478260869564,57.38260869565217,1.3504391304347827,0
1.8,3.669565217391304,115.0,112.0,20.308695652173917,57.65652173913043,1.3504478260869566,0
1.7,3.691304347826087,97.0,99.0,20.223913043478262,57.93043478260869,1.3504565217391304,0
1.2,3.713043478260869,74.0,85.0,20.139130434782608,58.20434782608695,1.3504652173913043,0
0.8,3.734782608695652,50.0,69.0,20.05434782608696,58.47826086956522,1.3504739130434782,0
0.7,3.7565217391304335,41.0,58.0,19.969565217391303,58.75217391304348,1.3504826086956525,0
0.6,3.778260869565217,36.0,49.0,19.88478260869565,59.02608695652174,1.3504913043478262,0
0.6,3.8,38.0,52.5,19.8,59.3,1.3505,0
0.6,2.5,40.0,56.0,20.0,59.3,1.3681,0
0.4,1.7,25.0,33.0,22.5,48.6,1.3077,0
0.5,3.4,38.0,39.0,19.5,57.0,1.2739,0
0.7,4.3,38.0,43.0,19.6,56.1,1.2651,0
1.2,7.1,75.0,62.0,20.7,53.3,1.287,0
1.7,8.3,104.0,81.0,24.7,41.8,1.2839,0
1.8,9.1,134.0,102.0,29.9,30.5,1.2616,0
1.5,7.7,85.0,86.0,32.3,27.2,1.2933,0
1.2,7.2,30.0,37.0,34.3,24.5,1.3021,0
1.1,5.8,49.0,64.0,33.4,22.5,1.1398,0
1.1246575342465754,3.5,51.16216216216216,64.5,32.7,22.8,1.1069,0
1.1493150684931508,4.7,53.32432432432432,65.0,34.5,20.5,1.1028,0
1.173972602739726,6.7,55.48648648648648,65.5,35.9,20.3,1.18,0
1.1986301369863015,8.9,57.648648648648646,66.0,35.8,23.0,1.3323,0
1.2232876712328768,8.0,59.81081081081081,66.5,33.5,29.0,1.4797,0
1.2479452054794522,9.0,61.972972972972975,67.0,29.8,39.6,1.6324,0
1.2726027397260276,7.1,64.13513513513513,67.5,27.9,43.1,1.6004,0
1.297260273972603,8.8,66.29729729729729,68.0,27.3,44.5,1.5885,0
1.3219178082191785,8.4,68.45945945945945,68.5,26.0,47.6,1.5806,0
1.3465753424657534,9.3,70.62162162162161,69.0,25.3,52.9,1.6765,0
1.3712328767123287,6.4,72.78378378378379,69.5,24.5,56.3,1.7026,0
1.395890410958904,6.9,74.94594594594595,70.0,23.5,59.8,1.7141,0
1.4205479452054794,7.3,77.10810810810811,70.5,22.6,62.6,1.6945,0
1.4452054794520548,5.9,79.27027027027027,71.0,21.8,64.6,1.6721,0
1.46986301369863,4.8,81.43243243243244,71.5,21.0,66.9,1.6454,0
1.4945205479452055,3.5,83.5945945945946,72.0,21.2,66.4,1.6468,0
1.5191780821917809,3.0,85.75675675675676,72.5,21.0,66.5,1.6344,0
1.5438356164383562,2.8,87.91891891891892,73.0,21.3,64.1,1.6043,0
1.5684931506849316,4.8,90.08108108108108,73.5,22.7,58.1,1.5856,0
1.593150684931507,3.9,92.24324324324324,74.0,25.1,51.8,1.6304,0
1.617808219178082,6.9,94.40540540540542,74.5,29.5,39.0,1.5868,0
1.6424657534246574,6.8,96.56756756756758,75.0,32.3,31.8,1.5128,0
1.6671232876712327,5.0,98.72972972972974,75.5,33.6,28.9,1.4792,0
1.691780821917808,4.0,100.8918918918919,76.0,31.9,28.2,1.3116,0
1.7164383561643834,3.5,103.05405405405406,76.5,32.5,25.9,1.2437,0
1.7410958904109588,4.1,105.21621621621622,77.0,34.1,23.4,1.2307,0
1.7657534246575342,5.4,107.3783783783784,77.5,36.2,21.4,1.2664,0
1.7904109589041095,8.6,109.54054054054056,78.0,35.6,22.6,1.2984,0
1.8150684931506849,8.8,111.70270270270272,78.5,33.6,25.7,1.3101,0
1.83972602739726,13.7,113.86486486486488,79.0,29.9,35.2,1.4603,0
1.864383561643836,11.8,116.02702702702705,79.5,28.3,39.2,1.4826,0
1.889041095890411,8.6,118.1891891891892,80.0,27.0,43.0,1.5118,0
1.9136986301369865,9.2,120.35135135135135,80.5,26.2,46.8,1.5669,0
1.9383561643835616,12.2,122.51351351351352,81.0,25.1,51.5,1.621,0
1.963013698630137,7.8,124.67567567567568,81.5,24.1,55.3,1.6363,0
1.9876712328767123,4.5,126.83783783783784,82.0,23.8,57.8,1.677,0
2.012328767123288,2.9,129.0,82.5,23.7,56.2,1.6255,0
2.036986301369863,1.8,131.16216216216216,83.0,24.8,52.2,1.6086,0
2.0616438356164384,1.7,133.32432432432432,83.5,22.9,59.4,1.6353,0
2.0863013698630137,3.9,135.48648648648648,84.0,22.0,62.3,1.6266,0
2.110958904109589,7.6,137.64864864864865,84.5,21.5,64.0,1.6256,0
2.1356164383561644,23.3,139.81081081081084,85.0,22.6,60.3,1.6287,0
2.16027397260274,30.7,141.97297297297297,85.5,23.8,56.5,1.64,1
2.184931506849315,20.4,144.13513513513516,86.0,25.7,50.6,1.6475,0
2.2095890410958905,13.7,146.2972972972973,86.5,27.8,45.4,1.6751,0
2.234246575342466,11.8,148.45945945945948,87.0,29.9,39.6,1.6397,0
2.258904109589041,10.1,150.6216216216216,87.5,31.6,34.7,1.589,0
2.283561643835617,9.3,152.7837837837838,88.0,31.5,34.4,1.5665,0
2.308219178082192,7.6,154.94594594594594,88.5,31.2,35.0,1.5669,0
2.3328767123287677,13.1,157.10810810810813,89.0,33.0,31.4,1.5583,0
2.3575342465753426,12.2,159.27027027027026,89.5,33.8,29.2,1.5143,0
2.382191780821918,11.9,161.43243243243245,90.0,33.0,29.5,1.4613,0
2.4068493150684933,14.1,163.59459459459458,90.5,32.3,30.2,1.4347,0
2.4315068493150687,11.3,165.75675675675677,91.0,28.4,38.4,1.4616,0
2.456164383561644,10.3,167.9189189189189,91.5,26.9,43.2,1.5052,0
2.480821917808219,10.8,170.0810810810811,92.0,26.0,43.6,1.4407,0
2.5054794520547943,9.4,172.24324324324326,92.5,25.0,47.6,1.4872,0
2.5301369863013696,7.1,174.40540540540542,93.0,24.6,50.9,1.5508,0
2.554794520547945,5.1,176.56756756756758,93.5,24.0,55.6,1.6381,0
2.5794520547945203,4.7,178.72972972972974,94.0,23.5,58.3,1.6672,0
2.604109589041096,2.9,180.8918918918919,94.5,22.7,60.8,1.6519,0
2.628767123287671,2.1,183.0540540540541,95.0,24.1,55.5,1.6481,0
2.6534246575342464,2.9,185.21621621621625,95.5,22.5,60.9,1.6424,0
2.6780821917808217,4.3,187.3783783783784,96.0,22.0,64.5,1.6847,0
2.702739726027397,6.6,189.54054054054052,96.5,22.3,62.9,1.6754,0
2.7273972602739724,21.0,191.7027027027027,97.0,23.1,60.0,1.6711,0
2.752054794520548,26.2,193.86486486486487,97.5,24.7,55.1,1.6872,1
2.776712328767123,16.1,196.02702702702703,98.0,27.7,46.1,1.6852,0
2.8013698630136985,15.3,198.1891891891892,98.5,29.8,38.8,1.6029,0
2.826027397260274,16.5,200.35135135135133,99.0,31.5,32.6,1.478,0
2.850684931506849,14.1,202.51351351351352,99.5,31.8,30.5,1.4083,0
2.875342465753425,12.2,204.67567567567568,100.0,31.4,31.8,1.441,0
2.9,8.9,206.83783783783784,100.5,32.5,28.7,1.3796,0
1.9,11.0,209.0,101.0,33.8,25.8,1.3338,0
1.4,7.6,132.0,71.0,34.5,28.6,1.5393,0
2.0,10.1,166.0,82.0,32.7,33.0,1.5987,0
2.7,14.1,243.0,104.0,31.4,35.4,1.5972,0
2.8,14.1,247.0,105.0,27.7,43.5,1.592,0
2.0,10.3,165.0,87.0,26.2,47.8,1.5979,0
2.1,11.5,187.0,98.0,25.7,48.7,1.5825,0
2.0,10.9,206.0,105.0,25.2,50.1,1.58,0
1.8,10.4,200.0,104.0,24.4,53.4,1.6031,0
1.9,9.5,189.0,96.0,23.7,55.4,1.6031,0
1.3,7.0,136.0,79.0,22.8,58.5,1.5992,0
0.7,3.3,83.0,61.0,22.8,58.5,1.5985,0
0.5,2.6,77.5,54.5,22.3,59.7,1.5889,0
0.5,2.8,72.0,48.0,20.8,64.9,1.571,0
0.6,4.3,121.0,63.0,19.7,66.8,1.5184,0
1.3,8.5,268.0,92.0,19.8,64.3,1.4678,0
3.6,20.9,451.0,99.0,20.6,62.3,1.4915,1
4.9,35.2,458.0,117.0,23.2,54.0,1.5143,1
3.9,18.7,487.0,142.0,26.3,43.1,1.4542,1
2.2,12.8,319.0,121.0,29.1,35.4,1.4008,0
1.9,11.2,269.0,122.0,30.0,31.6,1.3176,0
2.2,13.3,224.0,108.0,32.4,26.3,1.2594,0
2.0,11.3,162.0,80.0,31.3,29.1,1.3054,0
1.7,10.4,189.0,93.0,31.1,28.6,1.2718,0
2.0,12.3,213.0,108.0,33.3,24.4,1.232,0
2.1,12.3,245.0,118.0,35.5,21.2,1.2022,0
3.2,19.4,341.0,149.0,34.6,22.0,1.189,1
4.0,21.5,382.0,171.0,33.3,23.6,1.1842,1
4.4,25.7,358.0,154.0,30.0,28.5,1.1896,1
3.0,14.5,288.0,122.0,28.0,33.0,1.2264,1
2.2,11.4,252.0,126.0,27.2,37.4,1.3279,0
1.7,9.5,201.0,121.0,26.6,39.9,1.3657,0
1.9,11.6,225.0,125.0,25.3,41.7,1.3247,0
2.0,11.4,242.0,126.0,24.3,44.7,1.3432,0
1.5,7.5,167.0,96.0,24.4,45.6,1.3779,0
0.8,5.3,99.0,73.0,23.1,49.9,1.3891,0
0.6,3.1,93.0,69.0,22.7,51.3,1.3977,0
0.6,4.0,87.0,65.0,21.8,54.1,1.4004,0
0.7,4.6,164.0,90.0,21.0,56.9,1.3999,0
0.8,5.8,87.0,58.0,21.8,55.5,1.4323,0
2.9,20.0,93.0,27.0,21.6,57.2,1.4607,0
5.2,30.0,417.0,67.0,22.8,54.2,1.4886,1
3.3,18.7,406.0,96.0,26.2,45.0,1.5098,1
3.340625,15.8,403.97435897435895,95.72649572649571,30.8,34.8,1.5165,1
3.38125,14.3,401.948717948718,95.45299145299144,34.1,28.8,1.5105,1
3.421875,14.4,399.9230769230769,95.17948717948718,35.9,24.7,1.437,1
3.4625,11.6,397.8974358974359,94.90598290598292,33.7,25.1,1.2915,0
3.503125,11.1,395.87179487179486,94.63247863247864,34.4,24.0,1.279,0
3.54375,13.5,393.84615384615387,94.35897435897436,36.4,20.3,1.214,1
3.584375,13.7,391.8205128205128,94.08547008547008,38.7,17.3,1.1729,1
3.625,15.3,389.7948717948718,93.8119658119658,37.2,18.9,1.1774,1
3.665625,26.0,387.7692307692308,93.53846153846152,36.1,20.0,1.1767,1
3.70625,28.6,385.7435897435897,93.26495726495726,32.8,29.4,1.4344,1
3.746875,17.0,383.71794871794873,92.991452991453,30.0,35.9,1.4958,1
3.7875,12.0,381.6923076923077,92.71794871794872,28.7,38.2,1.4794,1
3.828125,10.1,379.6666666666667,92.44444444444444,28.1,40.4,1.512,0
3.86875,9.7,377.6410256410256,92.17094017094016,27.4,41.4,1.4877,0
3.909375,9.6,375.61538461538464,91.8974358974359,26.4,44.0,1.4919,0
3.95,8.5,373.5897435897436,91.62393162393164,24.9,47.9,1.4855,0
3.990625,5.7,371.56410256410254,91.35042735042737,24.0,50.3,1.476,0
4.03125,3.1,369.5384615384616,91.07692307692308,25.2,47.9,1.5129,0
4.071875,2.7,367.5128205128205,90.8034188034188,24.2,50.6,1.5011,0
4.1125,3.3,365.4871794871795,90.52991452991454,23.1,55.0,1.5357,0
4.153124999999999,5.1,363.46153846153845,90.25641025641023,22.9,56.2,1.5522,0
4.19375,18.0,361.4358974358975,89.98290598290598,22.0,59.3,1.5523,1
4.234375,34.5,359.4102564102564,89.7094017094017,23.7,54.0,1.5627,1
4.275,20.0,357.38461538461536,89.43589743589743,26.7,45.7,1.5747,1
4.315625,18.9,355.3589743589744,89.16239316239316,31.4,34.5,1.5599,1
4.356249999999999,17.0,353.3333333333333,88.88888888888889,34.5,28.5,1.5324,1
4.396875,13.4,351.3076923076923,88.61538461538461,36.4,23.6,1.4064,1
4.4375,11.2,349.28205128205127,88.34188034188034,35.1,23.2,1.2884,1
4.478125,11.6,347.2564102564103,88.06837606837607,35.7,22.2,1.2765,1
4.51875,13.5,345.2307692307692,87.7948717948718,37.6,19.6,1.2534,1
4.559374999999999,13.9,343.2051282051282,87.52136752136752,38.8,17.6,1.1979,1
4.6,21.9,341.1794871794872,87.24786324786325,39.3,16.0,1.1138,1
4.3,23.2,339.1538461538462,86.97435897435898,37.0,23.6,1.4639,1
4.9,24.5,337.12820512820514,86.7008547008547,33.2,30.1,1.5095,1
4.0,16.3,335.1025641025641,86.42735042735043,31.0,33.1,1.462,1
2.6,13.1,333.0769230769231,86.15384615384616,29.5,33.4,1.3562,0
1.3,8.1,331.05128205128204,85.88034188034187,29.1,36.7,1.4502,0
1.5,8.1,329.025641025641,85.6068376068376,27.8,40.7,1.5002,0
2.2,11.4,327.0,85.33333333333333,26.0,45.3,1.4999,0
1.2,6.7,324.974358974359,85.05982905982906,25.8,45.4,1.487,0
0.9,6.2,322.948717948718,84.78632478632478,25.4,45.9,1.4684,0
0.8,4.5,320.9230769230769,84.51282051282051,25.2,46.4,1.464,0
0.8,4.7,318.8974358974359,84.23931623931624,23.0,52.7,1.4568,0
0.8,4.6,316.87179487179486,83.96581196581197,22.1,54.5,1.4337,0
1.0,5.3,314.84615384615387,83.6923076923077,22.5,53.6,1.4422,0
1.7,9.1,312.8205128205128,83.41880341880342,22.0,55.4,1.4436,0
1.9,11.0,310.7948717948718,83.14529914529915,23.4,51.6,1.4639,0
2.0,10.3,308.7692307692308,82.87179487179488,26.7,43.0,1.4808,0
2.2,11.2,306.7435897435897,82.59829059829059,31.3,32.9,1.4771,0
2.3,12.9,304.7179487179488,82.32478632478632,34.8,27.1,1.4837,0
2.3,13.2,302.6923076923077,82.05128205128204,38.3,21.5,1.4263,0
1.8,9.8,300.6666666666667,81.77777777777777,37.1,21.2,1.3107,0
1.4,7.9,298.64102564102564,81.5042735042735,37.3,20.3,1.2771,0
1.6,8.3,296.61538461538464,81.23076923076923,38.3,19.3,1.2736,0
2.3,11.9,294.5897435897436,80.95726495726495,40.7,17.0,1.2793,0
2.4,12.3,292.56410256410254,80.68376068376068,39.5,18.5,1.3076,0
2.1,10.0,290.53846153846155,80.41025641025641,36.6,22.6,1.3664,0
1.8,9.1,288.5128205128205,80.13675213675214,32.8,28.2,1.3842,0
1.7,7.8,286.4871794871795,79.86324786324786,30.7,30.7,1.3338,0
1.9,10.3,284.46153846153845,79.58974358974359,30.1,28.7,1.2052,0
1.6,8.0,282.43589743589746,79.31623931623932,29.7,25.4,1.044,0
2.6,13.3,280.4102564102564,79.04273504273505,29.6,24.3,0.9889,0
5.8,30.3,278.38461538461536,78.76923076923077,28.0,29.1,1.0846,1
3.0,18.5,276.3589743589744,78.4957264957265,27.2,33.3,1.1788,0
1.5,7.3,274.33333333333337,78.22222222222223,27.5,30.9,1.1155,0
0.9,4.2,272.3076923076923,77.94871794871794,27.1,33.3,1.1762,0
1.1,5.1,270.28205128205127,77.67521367521367,26.4,35.1,1.1919,0
0.9,4.4,268.2564102564103,77.4017094017094,25.6,37.6,1.2131,0
0.7,2.2,266.2307692307692,77.12820512820512,25.4,38.6,1.2352,0
0.6,2.9,264.2051282051282,76.85470085470085,25.5,38.2,1.2296,0
0.7,2.5,262.1794871794872,76.58119658119658,27.0,34.3,1.2089,0
0.8,2.8,260.1538461538462,76.3076923076923,29.9,29.6,1.2296,0
0.9,3.0,258.12820512820514,76.03418803418803,31.9,26.8,1.2477,0
1.0,2.7,256.1025641025641,75.76068376068376,33.0,23.5,1.1583,0
0.9,3.0,254.0769230769231,75.48717948717949,34.5,19.3,1.0369,0
0.7,2.4,252.05128205128204,75.21367521367522,33.2,19.0,0.9533,0
0.6,2.2,250.02564102564105,74.94017094017093,32.2,20.5,0.9699,0
0.6,1.9,248.0,74.66666666666666,32.6,17.5,0.8467,0
0.8,2.7,245.97435897435895,74.39316239316238,33.0,17.5,0.8683,0
0.9,3.4,243.948717948718,74.11965811965811,32.9,17.5,0.8622,0
1.1,4.3,241.92307692307693,73.84615384615384,31.6,18.0,0.8243,0
1.7,7.0,239.8974358974359,73.57264957264957,29.3,20.4,0.8162,0
1.5,5.5,237.8717948717949,73.2991452991453,27.8,24.4,0.9002,0
1.6,7.0,235.84615384615387,73.02564102564102,27.1,26.9,0.9524,0
1.7,6.7,233.8205128205128,72.75213675213675,26.3,29.5,0.9959,0
1.3,5.1,231.7948717948718,72.47863247863248,25.9,32.9,1.0826,0
1.3,4.1,229.7692307692308,72.2051282051282,25.3,36.9,1.1764,0
1.0,3.2,227.74358974358972,71.93162393162393,24.8,40.1,1.2378,0
0.6,1.7,225.71794871794876,71.65811965811966,24.3,42.9,1.2906,0
0.5,1.0,223.6923076923077,71.38461538461539,24.0,45.5,1.3404,0
0.45,1.0,221.66666666666669,71.11111111111111,23.9,47.4,1.3881,0
0.4,1.9,219.64102564102564,70.83760683760684,23.5,49.1,1.3991,0
0.7,3.1,217.6153846153846,70.56410256410257,23.7,49.2,1.4195,0
1.8,7.8,215.5897435897436,70.2905982905983,23.6,49.6,1.4247,0
1.9,8.5,213.56410256410257,70.01709401709401,24.3,45.4,1.365,0
1.7,8.0,211.53846153846155,69.74358974358974,26.3,38.3,1.2932,0
1.3,5.7,209.51282051282053,69.47008547008546,27.6,34.2,1.2464,0
1.4,6.6,207.4871794871795,69.19658119658119,29.2,29.1,1.1586,0
1.3,5.3,205.46153846153848,68.92307692307692,29.2,28.6,1.1423,0
1.4,6.0,203.43589743589743,68.64957264957265,29.4,28.3,1.1434,0
1.2,5.4,201.4102564102564,68.37606837606837,29.8,28.0,1.1558,0
1.3,6.1,199.3846153846154,68.1025641025641,30.1,26.7,1.1217,0
1.5,6.7,197.3589743589744,67.82905982905983,30.1,27.2,1.1406,0
2.3,11.7,195.33333333333331,67.55555555555556,29.6,27.5,1.1229,0
2.6,13.5,193.30769230769232,67.28205128205127,29.6,27.7,1.1278,0
2.9,13.5,191.2820512820513,67.008547008547,28.0,30.1,1.1226,0
1.8,8.5,189.25641025641028,66.73504273504273,26.8,33.8,1.1723,0
1.3,5.5,187.23076923076923,66.46153846153845,25.7,35.8,1.16,0
1.3,5.8,185.2051282051282,66.18803418803418,25.4,35.2,1.1255,0
1.2,4.8,183.1794871794872,65.91452991452991,25.0,37.3,1.1614,0
1.2,5.2,181.15384615384616,65.64102564102564,24.6,40.5,1.2362,0
0.8,3.0,179.12820512820514,65.36752136752136,24.2,43.8,1.3057,0
0.6,2.7,177.10256410256412,65.09401709401709,24.0,43.7,1.2876,0
0.6,3.6,175.0769230769231,64.82051282051282,21.9,48.3,1.2522,0
0.6,4.4,173.05128205128207,64.54700854700855,22.4,47.2,1.2593,0
0.7,4.0,171.02564102564105,64.27350427350427,22.9,46.5,1.2861,0
1.3,7.7,169.0,64.0,23.1,47.0,1.3122,0
2.5,13.9,231.0,72.0,23.7,46.2,1.3376,0
3.4,22.0,232.0,73.0,25.8,41.9,1.3688,1
2.1,10.2,145.0,64.0,27.3,38.3,1.3669,0
2.2,10.4,170.0,74.0,31.0,29.1,1.2885,0
1.7,8.0,214.0,89.0,31.6,25.5,1.1638,0
2.1,10.1,222.48387096774195,92.19354838709675,32.5,21.2,1.0173,0
2.2,10.7,230.96774193548387,95.38709677419357,31.7,20.5,0.9428,0
1.4,7.9,239.4516129032258,98.58064516129032,31.5,21.5,0.9768,0
1.4,7.1,247.93548387096772,101.7741935483871,31.6,20.8,0.9562,0
1.6,9.0,256.4193548387097,104.96774193548389,32.4,19.4,0.9279,0
2.3,11.2,264.9032258064516,108.16129032258064,31.7,20.3,0.9336,0
3.3,16.0,273.38709677419354,111.3548387096774,31.1,21.0,0.9337,1
4.1,19.9,281.8709677419355,114.5483870967742,28.9,25.4,0.9933,1
3.3,15.3,290.35483870967744,117.74193548387098,27.4,30.8,1.1112,1
2.2,11.1,298.8387096774194,120.93548387096774,26.3,34.1,1.1453,0
2.26,10.0,307.3225806451613,124.12903225806453,25.4,35.2,1.1288,0
2.3200000000000003,12.227272727272728,315.80645161290323,127.32258064516128,25.154545454545453,35.0,1.1078818181818182,0
2.38,14.454545454545451,324.2903225806452,130.51612903225805,24.909090909090907,34.800000000000004,1.0869636363636364,0
2.44,16.68181818181818,332.7741935483871,133.70967741935482,24.663636363636364,34.6,1.0660454545454543,1
2.5,18.909090909090907,341.258064516129,136.90322580645162,24.418181818181814,34.4,1.045127272727273,1
2.56,21.136363636363637,349.741935483871,140.09677419354838,24.172727272727272,34.2,1.0242090909090908,1
2.62,23.363636363636363,358.2258064516129,143.29032258064515,23.92727272727273,34.0,1.003290909090909,1
2.68,25.59090909090909,366.7096774193549,146.48387096774195,23.68181818181818,33.800000000000004,0.9823727272727272,1
2.74,27.818181818181817,375.1935483870968,149.67741935483872,23.436363636363637,33.6,0.9614545454545456,1
2.8,30.045454545454543,383.6774193548387,152.8709677419355,23.19090909090909,33.4,0.9405363636363636,1
2.86,32.272727272727266,392.1612903225807,156.06451612903226,22.945454545454545,33.2,0.919618181818182,1
2.92,34.5,400.64516129032256,159.25806451612902,22.7,33.0,0.8987,1
2.98,32.766666666666666,409.1290322580645,162.4516129032258,23.77777777777778,31.53333333333333,0.9042222222222224,1
3.04,31.03333333333333,417.61290322580646,165.64516129032256,24.855555555555554,30.066666666666663,0.9097444444444444,1
3.1,29.3,426.0967741935484,168.83870967741933,25.933333333333334,28.6,0.9152666666666668,1
3.16,27.566666666666663,434.5806451612904,172.03225806451613,27.01111111111111,27.133333333333333,0.9207888888888888,1
3.22,25.83333333333333,443.06451612903226,175.2258064516129,28.08888888888889,25.666666666666668,0.9263111111111112,1
3.28,24.1,451.5483870967742,178.4193548387097,29.166666666666664,24.200000000000003,0.9318333333333334,1
3.34,22.366666666666667,460.03225806451616,181.6129032258065,30.244444444444444,22.73333333333333,0.9373555555555556,1
3.4,20.633333333333333,468.5161290322581,184.80645161290323,31.322222222222223,21.266666666666666,0.9428777777777778,1
4.0,18.9,477.0,188.0,32.4,19.8,0.9484,1
4.7,24.1,502.0,176.0,29.9,22.3,0.9235,1
3.8,18.1,420.0,163.0,28.2,24.8,0.936,1
2.8,15.8,344.0,155.0,26.8,28.9,1.0019,1
2.6,14.6,307.0,146.0,25.1,32.3,1.0131,1
2.0,10.6,251.0,131.0,25.4,30.5,0.9722,0
1.4,7.5,180.0,119.0,24.9,28.3,0.8775,0
1.2,7.4,141.0,98.0,23.2,30.5,0.8558,0
0.6,3.8,105.0,89.0,22.3,33.6,0.8959,0
0.3,2.3,89.5,78.5,23.0,33.0,0.9184,0
0.2,2.3,74.0,68.0,21.4,35.7,0.8982,0
0.4,2.7,91.0,65.0,21.7,33.4,0.8545,0
0.6,4.9,143.0,81.0,20.3,35.5,0.8342,0
3.0,18.2,553.0,136.0,19.7,37.5,0.8501,1
3.2,21.4,542.0,130.0,21.0,35.6,0.8736,1
3.5,21.3,590.0,157.0,25.0,28.9,0.9025,1
3.1,19.9,590.0,171.0,31.0,21.9,0.9708,1
2.2,14.8,387.0,143.0,34.9,18.5,1.0189,1
1.7,12.6,252.0,116.0,37.1,15.0,0.9297,0
2.0,13.0,310.0,129.0,35.0,17.3,0.9542,0
2.5,16.2,396.0,168.0,35.1,17.5,0.9733,1
2.4,15.0,329.0,152.0,35.4,16.6,0.9385,1
2.9,16.2,393.0,175.0,38.4,13.8,0.9221,1
4.2,22.7,522.0,212.0,37.6,14.5,0.9277,1
5.4,32.3,631.0,220.0,35.2,16.6,0.9242,1
4.3,22.3,435.0,175.0,31.2,25.5,1.1379,1
3.6,16.6,407.0,165.0,29.3,30.7,1.229,1
2.0,11.0,255.0,136.0,28.3,30.1,1.1392,0
1.5,11.3,180.0,111.0,27.4,31.5,1.133,0
1.5,9.3,186.0,114.0,26.2,35.7,1.1929,0
1.2,7.3,147.0,96.0,25.2,38.1,1.2049,0
1.0,5.5,101.0,75.0,24.4,39.1,1.1784,0
0.5,3.5,69.0,58.0,23.7,39.1,1.1289,0
0.5,2.8,59.0,49.5,24.2,38.5,1.1491,0
0.4,2.9,49.0,41.0,24.5,38.5,1.1688,0
0.5,3.6,91.0,55.0,22.4,43.5,1.1624,0
0.7,5.5,144.0,73.0,22.3,43.8,1.1631,0
2.4,15.5,430.0,108.0,21.4,45.8,1.1515,1
4.1,28.3,606.0,147.0,22.9,41.3,1.1383,1
3.0,17.8,519.0,150.0,26.6,30.3,1.0378,1
2.0,12.8,353.0,131.0,30.3,23.0,0.977,0
2.5,15.7,429.0,144.0,32.8,18.9,0.9234,1
2.4,15.4,345.0,151.0,34.3,17.7,0.9416,1
2.6,15.6,417.0,165.0,33.3,18.9,0.9536,1
1.9,12.6,276.0,135.0,33.0,20.1,0.9959,0
2.1,12.2,280.0,143.0,33.6,19.6,1.0029,0
2.5,13.4,365.0,153.0,34.9,18.4,1.0106,1
2.7,14.3,363.0,149.0,33.4,20.3,1.027,1
3.3,16.5,393.0,164.0,31.6,22.7,1.041,1
3.2,17.4,385.0,180.0,29.2,26.9,1.0709,1
2.6,12.9,307.0,159.0,27.7,30.1,1.0991,1
1.4,8.2,194.0,119.0,27.1,31.0,1.0991,0
1.6,9.2,205.0,127.0,26.0,33.4,1.1071,0
1.7,9.3,223.0,131.0,25.1,35.7,1.1222,0
1.6,10.4,176.0,101.0,24.3,38.5,1.1525,0
1.6258620689655174,6.2,181.1551724137931,101.63793103448276,23.4,40.7,1.1551,0
1.6517241379310346,4.2,186.31034482758625,102.27586206896552,23.2,41.2,1.1561,0
1.677586206896552,3.1,191.4655172413793,102.91379310344828,23.6,40.5,1.1667,0
1.703448275862069,2.3,196.6206896551724,103.55172413793105,23.5,40.9,1.1677,0
1.7293103448275864,3.1,201.77586206896552,104.1896551724138,20.5,48.4,1.1557,0
1.7551724137931035,4.0,206.9310344827586,104.82758620689656,20.7,48.4,1.1663,0
1.7810344827586209,10.8,212.0862068965517,105.46551724137932,19.9,50.8,1.1694,0
1.806896551724138,13.0,217.24137931034485,106.10344827586206,21.3,47.2,1.1825,0
1.8327586206896556,10.3,222.39655172413796,106.74137931034484,24.0,40.8,1.1993,0
1.8586206896551725,16.3,227.55172413793105,107.3793103448276,28.7,30.3,1.1769,0
1.8844827586206896,12.7,232.70689655172413,108.01724137931036,31.9,24.7,1.1477,0
1.910344827586207,9.7,237.86206896551724,108.65517241379312,33.8,21.9,1.1331,0
1.9362068965517245,9.1,243.01724137931035,109.29310344827586,32.7,22.7,1.1044,0
1.9620689655172412,7.0,248.17241379310343,109.93103448275862,33.0,21.3,1.0512,0
1.9879310344827588,7.0,253.3275862068965,110.56896551724138,33.9,21.2,1.0989,0
2.013793103448276,9.5,258.48275862068965,111.20689655172414,35.9,20.3,1.1845,0
2.039655172413793,9.8,263.6379310344828,111.84482758620688,34.2,22.6,1.197,0
2.0655172413793106,11.7,268.7931034482759,112.48275862068964,32.0,27.3,1.2752,0
2.0913793103448275,13.9,273.9482758620689,113.1206896551724,29.3,32.6,1.3105,0
2.117241379310345,8.7,279.1034482758621,113.75862068965516,27.2,38.0,1.347,0
2.143103448275862,10.9,284.2586206896552,114.39655172413794,26.1,41.1,1.3705,0
2.1689655172413795,12.3,289.41379310344826,115.0344827586207,25.3,44.6,1.4161,0
2.1948275862068964,12.4,294.5689655172414,115.67241379310344,24.6,47.2,1.4424,0
2.220689655172414,12.1,299.7241379310345,116.3103448275862,24.1,48.8,1.4412,0
2.246551724137931,8.0,304.8793103448276,116.94827586206895,23.6,50.4,1.447,0
2.2724137931034485,8.4,310.0344827586207,117.58620689655172,22.0,55.8,1.4585,0
2.298275862068966,4.9,315.1896551724138,118.22413793103448,22.4,53.6,1.4379,0
2.3241379310344827,4.2,320.34482758620686,118.86206896551724,21.6,55.8,1.4228,0
2.35,2.3,325.5,119.5,21.8,55.2,1.4184,0
2.375862068965517,2.5,330.6551724137931,120.13793103448276,21.7,55.4,1.4192,0
2.4017241379310343,4.9,335.81034482758616,120.77586206896552,20.6,59.8,1.435,0
2.427586206896552,6.6,340.9655172413793,121.41379310344828,22.1,55.3,1.4495,0
2.453448275862069,6.5,346.12068965517244,122.05172413793105,24.8,48.2,1.4883,0
2.4793103448275864,6.4,351.2758620689655,122.6896551724138,27.9,43.4,1.6017,0
2.505172413793104,5.6,356.4310344827586,123.32758620689656,30.1,38.5,1.6212,0
2.5310344827586206,6.4,361.5862068965517,123.96551724137932,28.2,48.6,1.8253,0
2.556896551724138,7.6,366.7413793103448,124.60344827586206,24.8,70.4,2.1766,0
2.582758620689656,3.5,371.8965517241379,125.24137931034484,27.8,49.4,1.8209,0
2.608620689655172,3.3,377.0517241379311,125.8793103448276,25.4,59.9,1.9168,0
2.63448275862069,6.6,382.2068965517241,126.51724137931036,26.1,66.8,2.231,0
2.660344827586207,8.3,387.3620689655172,127.15517241379312,28.0,53.2,1.981,0
2.6862068965517243,8.0,392.5172413793104,127.79310344827589,27.4,51.4,1.8404,0
2.7120689655172416,12.6,397.6724137931034,128.43103448275863,25.7,55.8,1.8149,1
2.7379310344827585,17.5,402.8275862068965,129.0689655172414,24.6,60.3,1.8363,1
2.763793103448276,14.8,407.9827586206897,129.70689655172413,24.2,61.6,1.8381,1
2.789655172413793,23.3,413.13793103448273,130.3448275862069,23.8,63.5,1.8495,1
2.81551724137931,12.2,418.2931034482758,130.98275862068965,23.0,64.8,1.802,1
2.841379310344828,7.2,423.44827586206895,131.6206896551724,23.0,63.3,1.7589,1
2.867241379310345,4.6,428.6034482758621,132.25862068965515,22.8,63.3,1.7355,0
2.893103448275862,3.8,433.7586206896552,132.89655172413794,21.0,68.6,1.6873,0
2.9189655172413795,3.7,438.91379310344826,133.5344827586207,20.4,70.7,1.6734,0
2.9448275862068964,4.0,444.0689655172414,134.17241379310346,19.4,73.4,1.6417,1
2.970689655172414,5.5,449.2241379310345,134.81034482758622,19.5,72.0,1.6118,1
2.996551724137931,8.3,454.3793103448276,135.44827586206895,19.7,70.3,1.5925,1
3.022413793103448,28.2,459.5344827586207,136.08620689655174,20.4,66.7,1.577,1
3.048275862068966,32.1,464.6896551724138,136.72413793103448,21.8,61.8,1.5966,1
3.0741379310344827,17.7,469.84482758620686,137.36206896551724,23.0,60.2,1.6652,1
3.1,18.4,475.0,138.0,25.4,53.0,1.6963,1
2.9,16.3,395.0,138.0,30.0,41.6,1.7324,1
3.0,18.2,353.0,138.0,32.6,34.8,1.6872,1
3.0,17.9,397.0,137.0,32.2,34.2,1.6145,1
2.2,12.6,274.0,120.0,32.1,33.5,1.569,0
2.0,11.3,505.0,208.0,32.6,31.8,1.5361,1
2.3,14.9,275.0,128.0,35.2,25.2,1.4111,0
3.1,18.5,360.0,145.0,34.3,24.7,1.3154,1
4.65,25.2,478.5,156.5,31.5,29.9,1.3638,1
6.2,35.9,597.0,168.0,29.0,36.6,1.4452,1
4.7,26.7,728.0,177.0,27.1,42.2,1.4949,1
3.0,19.9,891.0,172.0,26.1,46.4,1.5445,1
2.1,14.6,346.0,112.0,25.1,49.4,1.548,0
1.0,6.9,98.0,39.0,26.0,46.4,1.5375,0
0.8,5.6,144.0,68.0,24.7,49.2,1.5116,0
0.7,3.9,110.0,51.0,24.8,49.0,1.5092,0
0.7649999999999999,3.2,115.775,52.525,23.5,52.6,1.5035,0
0.83,3.9,121.55,54.05,20.8,62.1,1.5044,0
0.8949999999999999,4.6,127.325,55.575,19.9,65.5,1.5078,0
0.96,5.0,133.1,57.1,20.6,62.9,1.5088,0
1.025,9.6,138.875,58.625,21.3,59.4,1.4918,0
1.09,27.8,144.65,60.15,22.0,58.3,1.5199,0
1.1549999999999998,32.1,150.425,61.675,23.2,55.4,1.5559,0
1.2199999999999998,20.9,156.2,63.2,26.5,50.2,1.713,0
1.2849999999999997,11.8,161.975,64.725,29.0,45.5,1.7976,0
1.35,15.8,167.75,66.25,30.1,42.0,1.7602,0
1.4149999999999998,15.8,173.525,67.775,32.3,35.9,1.7067,0
1.4799999999999998,14.0,179.3,69.3,33.2,33.8,1.69,0
1.545,8.2,185.075,70.825,34.0,33.6,1.7591,0
1.61,13.7,190.85,72.35,29.9,45.6,1.8942,0
1.6749999999999998,19.5,196.625,73.875,27.7,53.7,1.967,0
1.7399999999999998,26.7,202.4,75.4,28.0,52.7,1.9604,0
1.805,18.7,208.175,76.925,28.6,48.2,1.8616,0
1.87,13.9,213.95,78.45,24.8,61.6,1.9067,0
1.935,6.7,219.725,79.975,20.3,77.2,1.8204,0
2.0,4.2,225.5,81.5,19.7,82.5,1.8674,0
2.0649999999999995,3.6,231.275,83.025,20.6,78.8,1.8885,0
2.13,4.4,237.05,84.55,19.2,87.2,1.9195,0
2.1949999999999994,4.2,242.825,86.07499999999999,20.5,81.5,1.936,0
2.26,2.6,248.6,87.6,21.4,74.0,1.8683,0
2.325,3.1,254.375,89.125,20.5,78.2,1.8678,0
2.39,3.0,260.15,90.65,20.7,77.8,1.8764,0
2.455,3.4,265.925,92.175,20.5,78.0,1.8636,0
2.52,4.0,271.70000000000005,93.7,20.6,76.2,1.8272,0
2.5849999999999995,7.8,277.475,95.225,20.1,77.4,1.802,0
2.6499999999999995,16.1,283.25,96.75,20.9,73.3,1.787,0
2.715,27.6,289.025,98.275,21.2,72.3,1.8007,1
2.78,17.8,294.8,99.8,22.5,68.9,1.8511,1
2.845,18.5,300.57500000000005,101.325,23.7,64.5,1.8682,1
2.9099999999999997,21.6,306.35,102.85,23.2,68.4,1.9243,1
2.975,21.0,312.125,104.375,23.5,69.2,1.9776,1
3.039999999999999,17.2,317.9,105.9,24.1,65.5,1.9371,1
3.1049999999999995,16.1,323.675,107.425,24.2,65.6,1.9501,1
3.17,18.6,329.45000000000005,108.95,24.6,63.9,1.9459,1
3.2349999999999994,17.2,335.225,110.475,26.3,56.5,1.9018,1
3.3,17.3,341.0,112.0,26.9,53.1,1.8557,1
6.1,28.6,622.0,170.0,26.5,50.8,1.7334,1
6.7,31.8,615.0,173.0,25.1,55.8,1.7511,1
4.4,20.1,443.0,135.0,23.9,58.9,1.7276,1
1.9,9.2,219.0,93.0,23.1,62.8,1.7562,0
1.8,10.3,203.0,74.0,22.1,67.3,1.7671,0
1.5,8.6,165.0,69.0,22.1,66.5,1.7441,0
1.6,8.6,339.0,109.0,21.1,70.1,1.7366,0
0.8,4.8,103.0,55.0,21.9,67.1,1.7394,0
0.5,2.6,74.0,49.0,21.7,67.4,1.7262,0
0.7,4.3,73.0,45.5,20.2,73.8,1.7229,0
0.6,4.5,72.0,42.0,19.1,76.0,1.6668,0
0.9,6.6,180.0,50.0,19.4,75.4,1.6802,0
1.4,10.1,239.0,53.0,19.7,74.4,1.6829,0
4.2,23.4,664.0,86.0,19.9,74.3,1.7083,1
4.1,25.0,525.0,81.0,20.4,72.8,1.7198,1
3.6,21.6,543.0,96.0,21.6,67.7,1.7254,1
2.5,13.0,390.0,96.0,22.9,59.1,1.633,0
1.3,6.8,217.0,79.0,18.7,73.1,1.5608,0
1.7,10.0,248.0,95.0,21.1,58.3,1.4444,0
2.1,11.7,333.0,127.0,23.3,47.1,1.3281,0
1.7,9.8,279.0,102.0,22.9,47.9,1.3208,0
1.9,10.2,339.0,107.0,23.3,46.2,1.301,0
2.3,12.0,315.0,110.0,23.7,45.4,1.315,0
3.3,17.7,365.0,124.0,23.8,46.1,1.3373,1
3.5,18.8,338.0,113.0,23.0,49.3,1.3689,1
3.6,17.6,318.0,104.0,21.9,53.1,1.3787,1
2.9,13.8,302.0,117.0,21.3,54.8,1.3742,1
2.0,9.4,214.0,94.0,21.2,55.2,1.3699,0
1.9,9.6,263.6666666666667,99.0,21.4,54.8,1.3813,0
1.5,8.5,313.3333333333333,104.0,20.8,57.2,1.3925,0
1.1,10.7,363.0,109.0,21.3,55.8,1.3974,0
0.8,6.1,178.0,72.0,21.4,52.1,1.3125,0
0.5,3.2,55.0,40.0,20.6,56.6,1.3583,0
0.4,2.0,43.5,31.5,20.0,59.1,1.3694,0
0.3,1.2,32.0,23.0,19.7,61.9,1.4017,0
0.3,1.3,35.0,24.0,19.6,59.1,1.3346,0
0.5,2.2,84.0,41.0,19.8,56.7,1.2941,0
2.4,14.6,456.0,99.0,20.2,55.6,1.3043,1
2.2,9.7,342.0,91.0,19.7,57.8,1.3112,0
1.4,6.7,239.0,81.0,20.2,53.1,1.2442,0
1.6,7.6,337.0,95.0,22.0,47.0,1.2259,0
1.6,8.6,351.0,113.0,23.5,41.6,1.1884,0
1.6,9.0,209.0,89.0,22.8,41.8,1.1417,0
2.1,10.7,257.0,88.0,23.4,40.4,1.15,0
1.1,6.3,169.0,81.0,23.2,42.8,1.2017,0
1.6,9.4,216.0,82.0,23.6,43.2,1.2433,0
2.4,12.5,303.0,115.0,23.9,40.8,1.1937,0
2.9,15.2,320.0,112.0,23.6,42.8,1.23,1
2.7,14.8,310.0,116.0,23.2,43.3,1.2161,0
3.1,15.9,341.0,129.0,22.8,42.5,1.1608,1
2.2,10.0,272.0,110.0,22.3,42.2,1.1209,0
1.5,6.9,229.0,105.0,22.1,43.0,1.1271,0
1.2,5.5,168.0,90.0,22.2,42.7,1.1237,0
1.3,6.3,173.0,94.0,22.1,42.8,1.1265,0
1.4,6.7,186.0,96.0,22.1,43.5,1.1443,0
0.9,3.7,112.0,70.0,21.5,45.6,1.1528,0
0.7,3.2,79.0,57.0,21.1,44.5,1.098,0
0.6,2.4,70.5,51.0,20.4,47.1,1.1178,0
0.55,2.7,62.0,45.0,20.6,45.9,1.0993,0
0.5,2.3,58.0,42.0,20.2,46.7,1.0899,0
0.8,3.6,122.0,71.0,20.1,47.8,1.1144,0
1.2,6.4,173.0,82.0,20.0,50.7,1.1724,0
1.1,5.0,176.0,81.0,20.7,49.7,1.197,0
1.6,7.9,233.0,89.0,24.3,39.5,1.1842,0
1.4,6.6,210.0,83.0,25.4,34.8,1.1119,0
1.2,5.2,178.0,82.0,26.6,30.7,1.0501,0
1.4,6.6,189.0,78.0,27.7,28.1,1.0272,0
1.6,7.6,210.0,79.0,27.6,28.7,1.0406,0
1.1,5.0,162.0,78.0,27.6,29.2,1.0594,0
1.1,5.3,137.0,73.0,28.1,28.6,1.0715,0
1.3,5.3,165.0,73.0,29.1,26.8,1.0648,0
1.5,6.5,204.0,100.0,28.4,28.3,1.0798,0
2.0,9.2,266.0,122.0,26.6,32.1,1.102,0
2.4,11.6,299.0,132.0,25.3,35.3,1.1262,0
2.0,9.2,234.0,116.0,24.7,37.1,1.1397,0
1.5,7.5,181.0,109.0,23.5,40.6,1.1588,0
1.7,9.0,210.0,109.0,22.8,43.4,1.1915,0
2.5,12.1,304.0,116.0,22.2,47.9,1.2626,0
2.2,10.5,255.0,104.0,21.3,50.5,1.2652,0
1.4,7.1,149.0,81.0,20.6,53.2,1.2742,0
1.2,6.2,112.0,64.0,19.6,56.6,1.2797,0
1.2,7.8,101.0,59.0,18.8,59.8,1.2847,0
0.9,3.8,90.0,54.0,18.8,59.5,1.2758,0
0.5,2.3,46.0,35.0,19.3,57.0,1.2603,0
0.6,2.9,76.0,44.0,18.2,60.8,1.2567,0
1.0,4.8,139.0,62.0,16.8,66.8,1.2721,0
1.3,7.7,179.0,68.0,18.6,60.0,1.2757,0
1.7,8.8,224.0,85.0,22.2,48.0,1.2678,0
2.2,10.6,272.0,110.0,26.5,35.7,1.2149,0
2.1,10.2,251.0,115.0,30.0,28.5,1.1883,0
2.2,11.0,250.0,129.0,32.2,24.7,1.1696,0
2.0,11.9,178.0,106.0,29.6,28.6,1.1628,0
2.0,10.8,137.0,87.0,29.8,28.5,1.1809,0
1.2,5.1,119.0,70.0,31.1,26.1,1.163,0
1.8,8.3,193.0,106.0,34.6,22.4,1.212,0
4.3,20.7,329.0,151.0,33.2,25.4,1.2722,1
3.8,16.8,413.0,179.0,30.0,31.4,1.3074,1
4.4,20.4,489.0,188.0,27.5,38.1,1.3756,1
3.8,15.3,470.0,187.0,26.2,42.5,1.423,1
1.9,8.8,228.0,121.0,24.7,46.4,1.4206,0
1.7,8.5,169.0,99.0,23.6,50.0,1.4383,0
1.8,8.7,189.0,100.0,22.7,53.6,1.4632,0
1.1,5.7,100.0,79.0,22.7,53.8,1.4666,0
0.8,4.0,71.0,57.0,22.8,53.0,1.4577,0
0.7,3.0,52.0,43.0,21.4,57.6,1.4469,0
0.6,2.2,54.5,46.5,19.9,62.3,1.4363,0
0.5,2.2,57.0,50.0,19.5,63.5,1.4269,0
0.5,2.7,69.0,47.0,20.2,60.8,1.4243,0
0.9,4.7,126.0,60.0,19.4,63.5,1.4139,0
3.5,21.7,376.0,91.0,18.7,65.6,1.4039,1
4.6,32.2,556.5,125.0,20.1,60.6,1.4062,1
5.7,27.5,737.0,159.0,23.5,49.7,1.4156,1
3.5,18.1,481.0,173.0,26.4,41.9,1.4237,1
3.7,18.6,425.0,174.0,29.9,34.0,1.4096,1
3.1,17.6,330.0,165.0,31.5,30.8,1.4017,1
3.0,16.3,303.0,136.0,30.2,30.2,1.2744,1
2.6,11.8,283.0,125.0,30.5,29.3,1.2612,0
2.4,11.9,264.0,122.0,31.8,27.4,1.2673,0
2.6,15.5,280.0,124.0,34.3,23.2,1.2326,0
5.0,28.8,505.0,184.0,34.1,23.0,1.2081,1
5.6,31.1,566.0,200.0,30.5,29.2,1.2585,1
6.5,34.9,681.0,225.0,28.1,32.4,1.2173,1
4.1,19.5,448.0,168.0,26.5,31.7,1.0787,1
2.1,11.7,231.0,118.0,24.8,33.7,1.0377,0
2.0,9.9,230.0,115.0,23.9,38.1,1.1123,0
1.4,7.7,146.0,94.0,23.0,43.0,1.1897,0
0.8,4.4,77.0,62.0,23.5,44.7,1.2755,0
0.8,4.1,82.0,68.0,22.3,47.7,1.2643,0
0.6,3.1,55.0,50.0,22.1,49.8,1.3094,0
0.5,2.4,48.5,43.0,21.8,51.4,1.3272,0
0.4,2.1,42.0,36.0,20.8,55.9,1.3581,0
0.6,3.3,102.0,53.0,18.8,63.0,1.3582,0
1.4,8.1,231.0,79.0,18.3,65.5,1.3686,0
5.6,31.4,699.0,133.0,18.2,66.1,1.3679,1
7.3,41.2,738.0,148.0,19.6,60.7,1.3713,1
5.3,27.3,665.0,161.0,22.6,51.4,1.392,1
4.4,24.2,598.0,191.0,25.8,44.2,1.4512,1
3.1,17.0,340.0,158.0,28.5,39.0,1.4928,1
3.3,17.7,374.0,157.0,30.1,35.1,1.4782,1
3.8,19.3,401.0,188.0,29.4,36.4,1.4718,1
2.3,12.7,275.0,143.0,29.2,37.9,1.5116,0
2.6,14.6,278.0,152.0,30.5,34.9,1.5015,1
3.2,17.8,342.0,168.0,31.5,31.4,1.431,1
5.0,26.6,479.0,205.0,31.2,31.4,1.3987,1
5.6,30.3,553.0,204.0,28.5,37.2,1.4282,1
5.4,28.7,531.0,210.0,26.7,42.3,1.4618,1
4.4,20.0,428.0,173.0,24.8,49.0,1.5092,1
2.4,11.9,229.0,123.0,23.6,53.6,1.5374,0
1.5,8.1,145.0,92.0,23.0,55.8,1.548,0
1.3,7.7,112.0,77.0,22.1,58.4,1.5393,0
1.1,5.9,99.0,74.0,22.6,56.3,1.5233,0
1.0,5.1,98.0,74.0,21.0,61.3,1.5031,0
0.6,2.4,54.0,47.0,23.0,54.0,1.501,0
0.5,2.4,56.5,45.5,19.8,65.3,1.4894,0
0.6,3.8,59.0,44.0,18.3,70.8,1.4794,0
0.8,5.0,162.0,69.0,18.1,72.5,1.4876,0
1.5,9.7,268.0,79.0,18.3,71.0,1.4807,0
4.1,25.9,531.0,108.0,18.5,68.9,1.4565,1
5.5,34.3,517.0,119.0,20.1,62.7,1.461,1
5.5,29.0,701.0,165.0,23.5,52.0,1.4833,1
3.7,20.0,510.0,172.0,26.8,42.7,1.4864,1
3.3,18.3,415.0,180.0,29.1,36.7,1.4543,1
2.5,13.4,243.0,130.0,30.8,32.0,1.4014,0
2.6,14.0,267.0,120.0,27.9,37.0,1.372,0
2.2,12.1,233.0,117.0,28.5,37.3,1.4291,0
2.6,15.3,295.0,141.0,30.2,32.9,1.3865,1
2.9,16.1,309.0,151.0,32.9,27.7,1.3622,1
5.0,27.3,506.0,218.0,32.2,28.8,1.3624,1
5.1,26.2,479.0,213.0,28.8,39.0,1.5203,1
5.2,26.7,460.0,194.0,26.7,43.3,1.4881,1
3.8,18.3,363.0,167.0,24.6,54.0,1.6461,1
2.2,11.9,213.0,115.0,23.4,59.9,1.6992,0
2.1,11.5,183.0,98.0,22.5,62.6,1.6883,0
1.8,9.6,163.0,93.0,22.9,62.0,1.7127,0
1.6,8.0,152.0,87.0,22.2,64.9,1.719,0
1.4,6.9,104.0,71.0,21.4,68.5,1.7261,0
0.8,3.7,61.0,49.0,22.2,63.0,1.6673,0
0.5,2.4,57.5,46.5,22.4,59.9,1.6069,0
0.5,2.2,54.0,44.0,21.1,63.8,1.5817,0
0.5,2.5,84.0,58.0,22.9,57.5,1.5879,0
0.9,6.3,132.0,66.0,21.3,63.2,1.5794,0
3.2,21.6,422.0,112.0,21.3,63.5,1.5941,1
2.8,18.8,282.0,104.0,23.7,54.4,1.5765,1
2.7,18.1,293.0,103.0,25.0,50.8,1.5903,1
2.4,14.8,334.0,118.0,26.3,48.1,1.6199,0
2.7,15.9,324.0,129.0,26.4,47.3,1.6006,1
2.8,16.1,294.0,127.0,29.3,39.5,1.5855,1
2.9,17.2,273.0,130.0,29.0,39.6,1.5581,1
2.6,15.8,275.0,130.0,29.8,38.0,1.5642,0
2.6,15.1,282.0,118.0,30.4,37.2,1.588,0
3.2,18.9,323.0,146.0,31.5,34.9,1.5903,1
4.6,25.2,442.0,190.0,31.6,34.8,1.5925,1
4.9,26.1,431.0,189.0,29.0,40.5,1.5949,1
4.7,25.6,402.0,173.0,27.2,45.9,1.6302,1
3.3,16.9,313.0,148.0,26.2,48.7,1.6256,1
2.3,12.6,228.0,116.0,25.1,50.5,1.584,0
2.1,10.3,218.0,109.0,24.1,50.7,1.4959,0
1.7,8.9,179.0,94.0,22.5,53.7,1.4486,0
1.0,6.5,97.0,64.0,22.7,53.7,1.458,0
0.9,5.3,83.0,59.0,21.5,57.9,1.4658,0
0.7,4.6,80.0,64.0,22.3,55.8,1.4828,0
0.4,2.0,73.0,58.0,22.7,53.8,1.4673,0
0.4,2.5,66.0,52.0,21.1,59.9,1.4789,0
0.5,2.8,109.0,55.0,20.4,63.0,1.4946,0
1.3,8.4,232.0,83.0,20.8,62.2,1.5119,0
3.5,21.1,535.0,114.0,21.3,61.6,1.5452,1
5.5,34.0,684.0,137.0,21.9,60.2,1.56,1
5.6,29.4,803.0,160.0,23.0,56.4,1.5614,1
3.4,20.3,539.0,138.0,25.1,49.5,1.5572,1
3.2,18.4,364.0,134.0,26.6,44.3,1.5229,1
3.7,22.3,422.0,143.0,26.2,46.0,1.5422,1
4.6,26.9,483.0,153.0,25.4,48.7,1.5594,1
4.2,24.0,496.0,145.0,25.6,48.3,1.558,1
3.3,19.3,403.0,123.0,25.7,47.8,1.5548,1
2.7,14.5,282.0,96.0,24.9,49.2,1.5251,0
2.2,11.1,268.0,107.0,18.3,75.4,1.5682,0
2.8,10.4,306.0,119.0,16.3,73.9,1.3601,0
2.9,10.5,293.0,109.0,15.6,75.7,1.3345,0
2.0,5.8,240.0,107.0,15.4,76.6,1.3334,0
0.7,2.2,93.0,57.0,14.0,75.4,1.1988,0
0.6,2.0,99.0,60.0,14.9,60.5,1.0213,0
1.2,3.8,55.0,22.0,15.5,50.9,0.888,0
1.2,3.9,19.0,2.0,15.6,50.0,0.8773,0
1.1,3.7,26.0,7.0,15.4,53.6,0.9326,0
0.6,1.7,26.0,8.0,15.4,53.9,0.9334,0
0.3,1.0,34.0,17.5,15.3,52.4,0.9017,0
0.3,1.0,42.0,27.0,15.3,53.1,0.9181,0
0.3,0.9,32.0,14.0,15.4,53.7,0.9295,0
0.4,1.3,25.0,3.0,15.5,53.3,0.9308,0
0.6,2.1,28.0,9.0,15.4,52.7,0.9178,0
0.7,2.5,41.0,14.0,15.7,51.1,0.9056,0
1.0,4.6,130.0,52.0,16.9,47.7,0.9142,0
1.1,4.3,173.0,64.0,18.2,41.9,0.8674,0
1.5,6.5,168.0,66.0,19.1,37.0,0.8104,0
1.4,6.0,51.0,14.0,19.3,34.8,0.771,0
1.4,6.0,31.0,9.0,19.8,31.2,0.7127,0
1.0,4.5,41.0,12.0,19.8,31.1,0.7104,0
0.9,3.9,41.0,14.0,20.2,28.6,0.6717,0
1.1,4.6,54.0,21.0,22.1,24.8,0.6514,0
1.3,6.7,112.0,43.0,21.1,27.7,0.6853,0
1.8,8.9,178.0,62.0,20.1,30.3,0.7045,0
2.4,9.8,218.0,68.0,19.5,33.0,0.7384,0
2.7,10.8,241.0,81.0,19.3,32.3,0.7163,0
1.7,7.4,223.0,88.0,18.4,33.2,0.6975,0
2.2,10.3,279.0,99.0,17.8,36.5,0.7366,0
2.8,13.8,330.0,98.0,17.8,39.9,0.8035,0
2.4,10.9,330.0,97.0,17.0,43.0,0.8242,0
2.5,11.7,341.0,101.0,15.5,52.2,0.9136,0
1.4,7.8,205.0,90.0,15.6,51.9,0.9135,0
1.4,7.7,167.5,75.5,13.5,59.4,0.9176,0
1.15,5.5,130.0,61.0,13.4,59.9,0.9173,0
0.9,4.5,102.0,55.0,12.5,63.2,0.9146,0
0.6,3.3,79.0,46.0,13.6,57.6,0.8941,0
1.0,5.4,148.0,56.0,12.2,63.2,0.8964,0
1.6,8.2,261.0,83.0,14.6,56.4,0.9319,0
0.9,3.0,107.0,55.0,19.8,38.6,0.8831,0
0.9,3.0,103.0,47.0,21.6,33.4,0.8519,0
1.0,3.5,122.0,61.0,22.0,32.2,0.8407,0
1.0,3.6,127.0,58.0,22.7,30.2,0.8217,0
0.9,4.0,110.0,59.0,22.3,30.4,0.8063,0
0.9,4.2,98.0,54.0,22.1,30.5,0.7981,0
0.9,3.1,146.0,69.0,22.1,29.5,0.7761,0
0.9,3.5,119.0,54.0,23.4,27.1,0.7681,0
2.7,10.3,234.0,95.0,23.1,27.0,0.7538,0
2.2,7.8,261.0,99.0,21.5,31.4,0.7943,0
3.3,10.7,371.0,127.0,20.3,35.5,0.833,1
2.1,7.3,266.0,98.0,19.6,36.3,0.8193,0
1.8,7.7,268.0,112.0,18.7,39.7,0.8482,0
1.9,8.6,294.0,115.0,18.0,42.7,0.8745,0
2.3,10.0,303.0,114.0,17.1,47.6,0.9208,0
1.9,8.5,241.0,103.0,16.6,51.3,0.9634,0
1.3,5.8,142.0,81.0,15.9,55.2,0.9881,0
1.0,5.0,110.0,75.0,14.9,58.9,0.9891,0
0.6,2.9,107.0,69.5,14.1,61.0,0.9799,0
0.6,3.4,104.0,64.0,14.0,62.6,0.9948,0
0.9,5.6,179.0,71.0,14.1,61.7,0.9844,0
1.5,9.0,361.0,99.0,14.4,60.3,0.9802,0
5.5,26.9,799.0,132.0,15.0,57.7,0.9778,1
4.0,18.8,614.0,135.0,16.9,50.3,0.958,1
1.8,8.2,275.0,94.0,19.7,40.2,0.9108,0
1.9,9.1,325.0,103.0,22.2,33.6,0.8886,0
1.7,9.2,327.0,123.0,23.7,29.6,0.8537,0
1.6,8.3,252.0,95.0,21.9,30.7,0.7961,0
1.9,9.1,226.0,90.0,22.3,29.5,0.7838,0
1.6,9.2,230.0,99.0,23.8,27.0,0.7845,0
1.8,9.6,244.0,107.0,23.3,28.3,0.8012,0
2.0,11.8,251.0,112.0,24.2,27.2,0.8128,0
3.1,17.3,346.0,132.0,25.1,25.8,0.8065,1
3.9,17.8,407.0,148.0,22.3,29.2,0.7773,1
4.3,20.9,490.0,158.0,20.8,32.5,0.7873,1
3.5,14.9,434.0,145.0,19.1,36.8,0.8066,1
2.4,11.3,345.0,128.0,18.1,39.9,0.8232,0
1.5,8.4,192.0,105.0,17.4,42.8,0.8463,0
1.3,6.8,157.0,90.0,16.7,46.6,0.8793,0
1.0,4.9,148.0,85.0,17.1,46.8,0.9054,0
0.8,3.5,105.0,73.0,15.3,51.9,0.8982,0
0.5,2.8,141.0,74.0,15.0,52.8,0.8929,0
0.4,2.1,124.0,67.5,14.4,54.5,0.8887,0
0.5,2.2,107.0,61.0,12.8,59.8,0.8801,0
0.7,3.9,166.0,69.0,11.9,62.7,0.8726,0
1.2,7.3,241.0,82.0,12.1,62.6,0.8825,0
2.4,15.5,368.0,120.0,13.5,58.2,0.8944,1
4.3,27.1,498.0,135.0,14.4,55.7,0.9087,1
4.1,21.3,641.0,152.0,17.8,45.7,0.9224,1
3.7,19.9,667.0,177.0,21.0,37.2,0.9155,1
3.4,19.4,550.0,181.0,24.5,29.8,0.9008,1
3.8,21.8,483.0,176.0,26.4,26.4,0.8969,1
4.1,21.7,524.0,163.0,25.2,26.8,0.8451,1
3.4,18.9,481.0,174.0,26.1,24.8,0.8283,1
2.3,13.0,305.0,117.0,26.2,24.4,0.8174,0
3.2,18.8,396.0,145.0,28.9,21.3,0.8382,1
4.8,26.8,501.0,173.0,28.0,23.3,0.8681,1
6.7,36.9,702.0,204.0,24.7,27.9,0.8559,1
7.5,39.3,755.0,209.0,23.0,33.6,0.9302,1
4.5,23.1,524.0,175.0,20.9,45.8,1.1159,1
2.1,11.6,247.0,129.0,19.8,48.6,1.113,0
1.5,8.3,196.0,111.0,19.8,47.7,1.0885,0
1.1,5.7,135.0,85.0,18.6,49.1,1.0435,0
1.1,5.9,146.0,86.0,17.2,53.9,1.0498,0
0.9,4.1,106.0,71.0,16.3,56.8,1.047,0
0.5,2.2,70.0,60.0,17.4,53.4,1.0541,0
0.4,2.0,66.0,54.0,15.5,58.8,1.0309,0
0.4,2.2,62.0,48.0,14.6,62.1,1.0236,0
0.4,2.0,60.0,45.0,17.1,52.5,1.013,0
0.7,4.0,92.0,53.0,15.2,58.3,0.9986,0
2.0,13.4,277.0,94.0,14.9,59.2,0.9985,0
4.2,28.0,600.0,122.0,15.1,59.0,1.0086,1
5.2,28.6,693.0,170.0,19.0,47.8,1.0434,1
3.8,21.4,617.0,174.0,22.4,38.8,1.04,1
3.7,19.1,569.0,191.0,25.4,33.3,1.0679,1
3.4,19.6,409.0,179.0,27.2,30.4,1.081,1
3.1,15.8,335.0,148.0,25.5,34.8,1.1152,1
2.4,13.5,290.0,129.0,26.4,28.5,0.9658,0
2.8,15.9,312.0,148.0,27.7,25.1,0.9158,1
3.6,19.9,440.0,184.0,28.6,23.2,0.8917,1
4.0,21.6,450.0,188.0,27.2,26.3,0.9317,1
5.6,31.0,578.0,204.0,25.3,33.0,1.0473,1
6.3,34.1,615.0,201.0,23.2,36.9,1.0346,1
4.7,22.8,536.0,165.0,21.6,43.3,1.1019,1
1.9,12.3,238.0,133.0,21.1,44.8,1.1088,0
1.9,10.9,249.0,125.0,19.7,49.3,1.1148,0
1.2,7.1,150.0,101.0,20.3,47.8,1.1281,0
0.9,5.7,108.0,79.0,19.4,50.3,1.1201,0
0.9666666666666668,5.3,116.84615384615384,80.6923076923077,18.3,53.1,1.1056,0
1.0333333333333334,2.9,125.6923076923077,82.38461538461539,17.5,56.1,1.1103,0
1.1,1.9,134.53846153846155,84.07692307692308,19.2,50.3,1.1087,0
1.1666666666666667,2.4,143.3846153846154,85.76923076923077,16.6,59.6,1.117,0
1.2333333333333334,4.0,152.23076923076923,87.46153846153847,17.5,57.1,1.1311,0
1.3,8.1,161.0769230769231,89.15384615384616,17.6,57.6,1.1471,0
1.3666666666666667,24.8,169.92307692307693,90.84615384615384,18.0,57.0,1.1665,0
1.4333333333333331,36.3,178.76923076923077,92.53846153846152,18.5,55.9,1.1779,1
1.5,20.9,187.6153846153846,94.23076923076924,18.6,57.2,1.2146,0
1.5666666666666669,22.2,196.46153846153845,95.92307692307692,20.2,53.0,1.2407,0
1.6333333333333333,23.5,205.30769230769232,97.6153846153846,21.3,50.1,1.2539,0
1.7,10.8,214.15384615384616,99.3076923076923,24.6,42.8,1.3053,0
1.7,11.2,223.0,101.0,24.6,44.1,1.3477,0
2.2,15.1,267.0,113.0,25.6,43.4,1.4049,0
2.8,17.4,308.0,121.0,26.1,42.6,1.4172,1
3.9,23.4,422.0,146.0,25.8,44.8,1.4644,1
6.5,35.9,623.0,188.0,25.4,47.9,1.5346,1
6.3,34.0,572.0,182.0,24.6,50.0,1.5241,1
5.7,30.1,514.0,166.0,23.6,54.4,1.5687,1
4.4,20.0,414.0,142.0,22.6,59.5,1.6155,1
1.6,10.5,143.0,84.0,22.1,61.3,1.6133,0
1.5,9.0,147.0,87.0,22.1,61.3,1.6053,0
1.7,10.7,159.0,91.0,21.1,64.7,1.5956,0
1.9,10.4,206.0,91.0,20.3,66.4,1.5591,0
1.6,9.7,140.0,74.0,19.4,69.3,1.5418,0
1.3,6.9,132.0,69.0,19.0,70.8,1.5417,0
0.8,4.0,106.5,61.5,20.2,65.8,1.5442,0
0.6,3.0,81.0,54.0,19.8,67.2,1.5322,0
0.7,4.3,120.0,60.0,19.0,70.3,1.5308,0
1.6,9.8,279.0,69.0,18.8,71.8,1.5372,0
2.9,17.2,392.0,91.0,20.2,66.3,1.555,1
4.1,27.9,433.0,97.0,20.8,64.3,1.563,1
3.7,20.5,531.0,114.0,22.3,59.3,1.5705,1
3.6,21.2,619.0,129.0,23.2,56.6,1.5929,1
3.4,19.9,522.0,137.0,23.8,54.7,1.587,1
3.7,21.1,505.0,134.0,23.5,56.2,1.6048,1
4.1,22.3,465.0,132.0,23.9,54.4,1.5963,1
3.2,17.6,383.0,123.0,24.65,50.9,1.55665,1
2.4,12.9,278.0,105.0,25.4,47.4,1.517,0
3.4,18.4,372.0,136.0,26.4,45.4,1.54,1
5.6,26.5,540.0,169.0,25.8,46.9,1.5375,1
5.581118881118881,29.4,538.0909090909091,168.4265734265734,25.3,49.6,1.5805,1
5.5622377622377615,33.7,536.1818181818181,167.85314685314685,24.2,54.3,1.6117,1
5.543356643356643,19.9,534.2727272727273,167.27972027972027,22.8,58.1,1.5951,1
5.524475524475524,13.5,532.3636363636364,166.7062937062937,21.5,63.2,1.5993,1
5.5055944055944055,11.2,530.4545454545455,166.13286713286712,21.3,63.0,1.5798,1
5.486713286713286,9.1,528.5454545454545,165.55944055944056,20.8,64.1,1.554,1
5.467832167832167,10.9,526.6363636363636,164.98601398601397,20.6,64.0,1.5346,1
5.448951048951049,8.4,524.7272727272727,164.4125874125874,20.6,63.4,1.519,1
5.43006993006993,7.1,522.8181818181819,163.83916083916083,20.4,64.4,1.522,1
5.4111888111888105,4.3,520.9090909090909,163.26573426573427,21.3,61.0,1.529,1
5.392307692307692,4.0,519.0,162.69230769230768,20.5,64.0,1.5247,1
5.373426573426573,5.8,517.0909090909091,162.11888111888112,20.3,65.3,1.5321,1
5.354545454545455,6.3,515.1818181818181,161.54545454545453,20.1,65.9,1.5321,1
5.335664335664335,12.3,513.2727272727273,160.97202797202797,20.2,65.6,1.5368,1
5.316783216783216,13.3,511.3636363636364,160.3986013986014,21.1,62.8,1.5481,1
5.297902097902098,12.5,509.45454545454544,159.82517482517483,22.5,57.5,1.5518,1
5.279020979020979,10.5,507.54545454545456,159.25174825174824,24.2,51.9,1.5426,1
5.26013986013986,12.1,505.6363636363636,158.67832167832168,25.2,48.9,1.5437,1
5.241258741258741,12.1,503.7272727272728,158.1048951048951,25.8,47.8,1.5662,1
5.222377622377622,11.2,501.8181818181818,157.53146853146853,25.7,49.2,1.5988,1
5.203496503496504,7.2,499.9090909090909,156.95804195804195,25.8,49.6,1.6213,1
5.184615384615384,8.7,498.0,156.3846153846154,25.7,48.8,1.5913,1
5.165734265734265,9.6,496.09090909090907,155.8111888111888,26.5,45.9,1.5626,1
5.146853146853147,11.6,494.1818181818182,155.23776223776224,25.4,48.9,1.565,1
5.127972027972028,12.7,492.27272727272725,154.66433566433565,24.4,52.5,1.583,1
5.1090909090909085,20.7,490.3636363636364,154.0909090909091,23.9,54.6,1.5936,1
5.09020979020979,17.8,488.45454545454544,153.5174825174825,22.9,57.9,1.5958,1
5.071328671328671,11.2,486.54545454545456,152.94405594405595,22.1,61.1,1.6012,1
5.0524475524475525,10.8,484.6363636363636,152.37062937062936,20.8,65.6,1.5898,1
5.033566433566433,9.4,482.7272727272728,151.7972027972028,21.7,60.8,1.563,1
5.014685314685314,8.5,480.8181818181818,151.2237762237762,21.1,62.8,1.5505,1
4.995804195804196,6.5,478.9090909090909,150.65034965034965,20.7,63.2,1.524,1
4.976923076923077,5.1,477.0,150.07692307692307,21.2,61.5,1.5241,1
4.9580419580419575,4.5,475.0909090909091,149.5034965034965,20.3,64.6,1.518,1
4.939160839160839,3.9,473.1818181818182,148.93006993006992,20.2,64.4,1.5035,1
4.92027972027972,3.3,471.27272727272725,148.35664335664336,20.1,65.3,1.5153,1
4.9013986013986015,3.2,469.3636363636364,147.78321678321677,19.9,66.0,1.5141,1
4.882517482517482,5.4,467.45454545454544,147.2097902097902,19.8,66.4,1.5145,1
4.863636363636363,5.6,465.54545454545456,146.63636363636363,20.4,64.1,1.5178,1
4.844755244755245,7.5,463.6363636363636,146.06293706293707,21.6,60.8,1.5496,1
4.825874125874126,10.7,461.7272727272728,145.48951048951048,23.5,54.5,1.5553,1
4.806993006993007,8.4,459.8181818181818,144.91608391608392,25.7,46.6,1.5105,1
4.788111888111888,11.3,457.9090909090909,144.34265734265733,26.6,43.7,1.5031,1
4.769230769230769,8.3,456.0,143.76923076923077,27.4,41.8,1.5056,1
4.7503496503496505,6.0,454.0909090909091,143.1958041958042,27.4,42.8,1.5344,1
4.731468531468531,6.7,452.1818181818182,142.62237762237763,27.1,43.3,1.5255,1
4.712587412587412,6.2,450.27272727272725,142.04895104895104,26.9,44.4,1.551,1
4.693706293706294,7.7,448.3636363636364,141.47552447552448,26.9,44.4,1.5538,1
4.674825174825175,11.0,446.45454545454544,140.9020979020979,24.7,51.9,1.5868,1
4.655944055944056,20.8,444.54545454545456,140.32867132867133,23.7,55.6,1.6074,1
4.637062937062937,21.4,442.6363636363636,139.75524475524475,22.7,59.6,1.6261,1
4.618181818181818,10.4,440.7272727272728,139.1818181818182,21.9,61.4,1.5946,1
4.599300699300699,8.3,438.8181818181818,138.6083916083916,22.0,59.8,1.562,1
4.58041958041958,7.8,436.9090909090909,138.03496503496504,20.5,64.9,1.5473,1
4.561538461538461,5.5,435.0,137.46153846153845,19.8,66.9,1.5277,1
4.542657342657343,5.2,433.0909090909091,136.8881118881119,18.4,71.6,1.4997,1
4.523776223776224,3.2,431.1818181818182,136.3146853146853,18.9,68.6,1.4818,1
4.5048951048951045,2.7,429.27272727272725,135.74125874125875,17.8,72.3,1.4546,1
4.486013986013986,3.0,427.3636363636364,135.16783216783216,17.1,73.9,1.4262,1
4.467132867132867,4.0,425.45454545454544,134.5944055944056,17.7,70.3,1.4088,1
4.448251748251748,5.6,423.54545454545456,134.020979020979,17.1,71.8,1.3936,1
4.429370629370629,11.1,421.6363636363636,133.44755244755245,18.3,67.5,1.4044,1
4.41048951048951,20.1,419.7272727272728,132.87412587412587,18.5,67.0,1.4135,1
4.391608391608392,23.6,417.8181818181818,132.3006993006993,19.9,61.7,1.4193,1
4.372727272727273,21.0,415.9090909090909,131.72727272727272,22.9,52.6,1.4519,1
4.3538461538461535,21.8,414.0,131.15384615384616,24.2,49.0,1.4586,1
4.334965034965035,22.1,412.09090909090907,130.58041958041957,25.8,44.7,1.459,1
4.316083916083916,18.2,410.1818181818182,130.006993006993,26.0,44.5,1.4731,1
4.297202797202797,14.2,408.27272727272725,129.43356643356643,27.1,40.2,1.4217,1
4.278321678321678,14.9,406.3636363636364,128.86013986013987,27.4,39.8,1.4318,1
4.259440559440559,21.1,404.45454545454544,128.28671328671328,28.9,36.3,1.4291,1
4.240559440559441,30.3,402.5454545454545,127.71328671328672,28.4,37.5,1.4251,1
4.221678321678322,41.6,400.6363636363636,127.13986013986012,26.0,43.9,1.4562,1
4.2027972027972025,44.7,398.7272727272728,126.56643356643356,24.3,49.6,1.486,1
4.183916083916084,21.3,396.8181818181818,125.993006993007,23.3,53.0,1.4939,1
4.165034965034965,10.0,394.9090909090909,125.41958041958044,22.6,55.1,1.4899,1
4.146153846153846,8.9,393.0,124.84615384615384,21.2,59.3,1.4787,1
4.127272727272727,7.4,391.0909090909091,124.27272727272728,20.6,60.9,1.4642,1
4.108391608391608,6.4,389.1818181818182,123.6993006993007,20.0,63.1,1.4592,1
4.08951048951049,3.7,387.27272727272725,123.12587412587412,19.7,63.4,1.4383,1
4.070629370629371,2.5,385.3636363636364,122.55244755244756,20.8,58.8,1.4305,1
4.051748251748252,2.7,383.45454545454544,121.979020979021,17.8,69.8,1.4058,1
4.032867132867133,2.5,381.5454545454545,121.4055944055944,18.8,65.3,1.4023,1
4.013986013986014,4.1,379.6363636363636,120.83216783216784,17.6,69.5,1.3889,1
3.995104895104895,7.8,377.7272727272728,120.25874125874124,17.4,69.7,1.3714,1
3.976223776223776,30.8,375.8181818181818,119.6853146853147,17.4,70.1,1.3783,1
3.957342657342657,26.4,373.9090909090909,119.1118881118881,18.5,65.5,1.3787,1
3.9384615384615382,21.6,372.0,118.53846153846156,20.6,58.5,1.4054,1
3.91958041958042,22.8,370.0909090909091,117.96503496503496,23.9,48.7,1.4269,1
3.900699300699301,19.3,368.1818181818182,117.3916083916084,26.0,43.8,1.4499,1
3.881818181818182,30.4,366.27272727272725,116.8181818181818,28.6,37.3,1.4423,1
3.862937062937063,23.4,364.3636363636364,116.24475524475524,27.9,38.0,1.4029,1
3.844055944055944,17.1,362.45454545454544,115.67132867132868,28.4,37.6,1.4282,1
3.825174825174825,14.6,360.5454545454545,115.09790209790212,28.5,37.3,1.4329,1
3.8062937062937054,21.6,358.6363636363636,114.52447552447552,30.8,31.8,1.3908,1
3.7874125874125872,31.9,356.72727272727275,113.95104895104896,29.7,33.1,1.3546,1
3.768531468531468,40.5,354.8181818181818,113.37762237762236,27.0,40.2,1.4158,1
3.7496503496503495,41.6,352.9090909090909,112.8041958041958,25.6,47.5,1.539,1
3.730769230769231,23.9,351.0,112.23076923076924,23.9,57.2,1.6774,1
3.711888111888112,20.3,349.0909090909091,111.65734265734264,22.7,60.8,1.6582,1
3.6930069930069926,12.8,347.1818181818182,111.08391608391608,21.8,59.9,1.5492,1
3.674125874125874,8.7,345.27272727272725,110.5104895104895,22.4,58.3,1.561,1
3.6552447552447553,6.8,343.3636363636364,109.93706293706292,21.7,60.2,1.5442,0
3.636363636363636,5.3,341.45454545454544,109.36363636363636,21.2,61.4,1.5258,0
3.617482517482517,4.6,339.5454545454545,108.7902097902098,19.3,68.4,1.513,0
3.5986013986013985,3.2,337.6363636363636,108.2167832167832,19.8,65.1,1.49,0
3.57972027972028,2.8,335.72727272727275,107.64335664335664,20.0,62.9,1.4495,0
3.5608391608391607,3.6,333.8181818181818,107.06993006993008,18.3,68.5,1.4291,0
3.541958041958042,6.2,331.9090909090909,106.4965034965035,18.1,68.5,1.4067,0
3.523076923076923,24.2,330.0,105.92307692307692,17.6,70.5,1.4057,1
3.5041958041958043,32.0,328.0909090909091,105.34965034965036,18.3,67.8,1.4091,1
3.485314685314685,25.8,326.1818181818182,104.77622377622376,20.4,61.2,1.447,1
3.4664335664335666,16.2,324.27272727272725,104.2027972027972,22.5,55.6,1.499,1
3.4475524475524475,17.7,322.3636363636364,103.62937062937064,25.7,46.4,1.507,1
3.428671328671329,16.5,320.45454545454544,103.05594405594404,26.8,44.6,1.5467,1
3.4097902097902097,18.3,318.5454545454545,102.48251748251748,26.0,46.4,1.5414,1
3.390909090909091,14.6,316.6363636363636,101.9090909090909,26.3,46.0,1.5478,1
3.372027972027972,17.1,314.72727272727275,101.33566433566432,27.4,43.9,1.5811,1
3.3531468531468533,17.2,312.8181818181818,100.76223776223776,29.6,36.7,1.4936,1
3.3342657342657342,24.6,310.9090909090909,100.1888111888112,28.7,37.3,1.4486,1
3.315384615384616,26.9,309.0,99.6153846153846,25.7,44.1,1.4331,1
3.2965034965034965,44.0,307.0909090909091,99.04195804195804,24.5,49.5,1.5022,1
3.277622377622378,31.0,305.18181818181813,98.46853146853148,23.3,54.4,1.5386,1
3.2587412587412588,16.8,303.27272727272725,97.8951048951049,22.4,57.9,1.5449,1
3.23986013986014,11.0,301.3636363636364,97.32167832167832,22.7,55.8,1.5218,0
3.220979020979021,11.4,299.45454545454544,96.74825174825176,20.4,62.4,1.4758,0
3.2020979020979023,9.9,297.5454545454545,96.17482517482516,20.3,64.2,1.5063,0
3.1832167832167837,5.0,295.6363636363636,95.6013986013986,21.4,60.6,1.5236,0
3.164335664335664,3.7,293.72727272727275,95.02797202797204,20.3,66.3,1.5657,0
3.145454545454545,3.1,291.8181818181818,94.45454545454544,20.9,62.2,1.5182,0
3.1265734265734264,2.9,289.9090909090909,93.88111888111888,19.9,66.1,1.5198,0
3.107692307692308,4.4,288.0,93.3076923076923,19.8,67.1,1.5305,0
3.0888111888111887,7.4,286.0909090909091,92.73426573426572,20.1,64.4,1.4967,0
3.06993006993007,19.4,284.18181818181813,92.16083916083916,19.7,66.4,1.5035,1
3.051048951048951,37.1,282.27272727272725,91.5874125874126,20.9,62.4,1.5226,1
3.0321678321678323,22.2,280.3636363636364,91.013986013986,22.5,57.0,1.5314,1
3.013286713286713,18.5,278.45454545454544,90.44055944055944,23.5,53.4,1.5241,1
2.9944055944055945,14.0,276.54545454545456,89.86713286713287,24.7,48.2,1.4802,0
2.9755244755244754,15.5,274.6363636363636,89.2937062937063,27.1,40.9,1.4405,0
2.9566433566433568,15.7,272.7272727272727,88.72027972027972,25.9,44.2,1.4576,0
2.9377622377622377,15.7,270.8181818181818,88.14685314685315,26.9,41.8,1.4555,0
2.918881118881119,12.7,268.9090909090909,87.57342657342657,27.2,40.7,1.4481,0
2.9,15.3,267.0,87.0,28.6,37.6,1.4468,0
5.4,28.8,398.0,111.0,28.0,38.5,1.437,1
5.3,26.1,418.0,119.0,25.2,45.8,1.4464,1
6.7,37.1,515.0,128.0,24.0,50.6,1.4892,1
7.0,35.7,669.0,117.0,23.2,54.7,1.5296,1
2.8,16.5,326.0,92.0,22.3,57.1,1.5219,0
1.7,11.0,209.0,73.0,21.8,58.2,1.5036,0
1.7,10.8,183.0,60.0,20.9,61.3,1.4923,0
1.7,9.6,165.0,60.0,20.6,62.0,1.4827,0
1.2,6.5,111.0,53.0,20.3,62.5,1.472,0
0.7,3.6,67.0,47.0,20.5,62.1,1.4771,0
0.7,3.3,77.5,45.0,18.7,68.5,1.4586,0
0.8,4.4,88.0,43.0,18.2,70.3,1.4498,0
0.9,5.5,147.0,47.0,18.2,70.1,1.4552,0
1.7,10.8,279.0,50.0,18.2,70.0,1.4519,0
5.7,31.2,665.0,81.0,19.4,66.5,1.4801,1
4.3,24.8,592.0,75.0,19.5,66.9,1.4999,1
3.9,24.2,557.0,87.0,21.1,61.1,1.5056,1
5.1,29.5,693.0,128.0,23.2,54.7,1.5349,1
3.7,21.0,530.0,105.0,24.4,52.5,1.5807,1
3.3,19.6,412.0,101.0,26.4,45.8,1.553,1
3.6,21.2,366.0,100.0,27.7,39.2,1.4356,1
3.2,18.0,344.0,98.0,28.0,39.6,1.4738,1
3.5,20.5,339.0,98.0,28.7,38.4,1.486,1
2.4,15.6,297.0,98.0,28.5,39.4,1.5147,0
2.9,19.2,294.0,90.0,28.4,39.8,1.5191,0
2.3,20.0,211.0,84.0,26.4,45.9,1.5572,0
3.1,21.1,323.0,101.0,25.2,49.5,1.5665,1
2.9,18.6,333.0,98.0,24.9,50.9,1.5856,1
1.5,12.3,163.0,76.0,24.6,52.2,1.5951,0
1.5,10.3,151.0,71.0,24.0,54.4,1.6049,0
1.7,9.6,167.0,71.0,23.8,56.1,1.6298,0
1.6,9.9,174.0,66.0,22.3,60.6,1.608,0
1.3,8.6,142.0,62.0,21.9,61.5,1.5967,0
1.4,7.3,155.0,58.0,21.1,64.5,1.594,0
0.9,5.4,125.5,53.0,21.0,64.4,1.5828,0
0.9,5.1,96.0,48.0,21.3,63.9,1.5951,0
1.3,7.8,154.0,53.0,20.8,66.7,1.6201,0
1.3,8.2,211.0,55.0,20.6,67.5,1.621,0
2.9,17.6,381.0,63.0,20.9,66.3,1.6165,0
3.2,20.1,470.0,69.0,21.5,63.7,1.6186,1
3.4,18.7,464.0,84.0,23.7,56.0,1.6238,1
3.6,19.5,450.0,95.0,26.0,48.2,1.598,1
2.3,13.0,274.0,80.0,28.5,42.4,1.6286,0
3.1,18.2,306.0,87.0,28.1,45.3,1.6957,0
3.3,16.2,308.0,94.0,29.0,43.9,1.7309,1
1.9,11.0,186.0,76.0,28.9,44.3,1.7392,0
2.6,15.9,238.0,92.0,29.6,42.3,1.7248,0
2.7,14.2,249.0,94.0,29.4,42.9,1.7308,0
3.7,19.9,378.0,110.0,28.7,45.1,1.7468,1
3.8,21.7,386.0,109.0,27.0,51.2,1.7928,1
4.8,25.7,461.0,122.0,26.5,52.7,1.7966,1
3.5,17.3,394.0,107.0,26.2,51.7,1.7334,1
2.2,11.2,266.0,83.0,24.8,56.4,1.7447,0
1.5,8.9,158.0,62.0,24.9,56.0,1.7367,0
3.4,15.2,319.0,89.0,24.5,57.5,1.7433,1
3.7,17.2,409.0,103.0,24.7,56.9,1.7438,1
2.0,11.9,223.0,74.0,23.9,59.2,1.7327,0
1.4,8.1,107.0,52.0,23.8,60.2,1.7515,0
1.1,4.9,78.5,45.0,23.5,61.3,1.7538,0
0.9,3.6,50.0,38.0,22.8,64.0,1.7507,0
0.7,3.7,56.0,39.0,22.2,65.6,1.7355,0
1.2,6.3,163.0,59.0,21.3,69.1,1.7275,0
1.3,7.7,187.0,56.0,21.3,68.2,1.7127,0
1.1,6.3,150.0,51.0,22.2,65.2,1.7256,0
1.0,5.6,103.0,51.0,24.1,59.0,1.7449,0
1.2,5.1,143.0,58.0,24.3,61.6,1.8468,0
1.9,9.0,220.0,68.0,24.8,59.6,1.8351,0
2.3,9.3,301.0,81.0,24.5,58.8,1.7838,0
1.6,5.9,214.0,73.0,21.0,76.8,1.8881,0
1.3,4.4,162.0,69.0,19.8,78.0,1.7879,0
1.8,5.8,232.0,81.0,19.4,80.5,1.7917,0
1.7,6.6,254.0,82.0,19.6,79.1,1.7877,0
1.8,7.8,224.0,71.0,20.8,73.1,1.7695,0
2.0,8.4,247.0,81.0,21.1,68.6,1.7014,0
2.2,8.3,334.0,87.0,21.1,68.3,1.6914,0
1.6,8.1,239.0,72.0,21.2,67.7,1.6848,0
1.3,6.1,168.0,63.0,20.8,68.6,1.6719,0
1.5,6.7,185.0,63.0,20.8,68.1,1.6585,0
1.5,6.6,178.0,63.0,20.7,68.4,1.6507,0
1.3,6.1,132.0,55.0,20.1,70.5,1.6384,0
1.4,6.0,135.0,52.0,20.2,67.9,1.5901,0
0.5,1.4,39.0,32.0,19.4,70.4,1.5663,0
0.4,1.7,36.0,30.5,18.8,73.8,1.5885,0
0.4,1.9,33.0,29.0,17.9,77.7,1.5795,0
0.6,3.4,90.0,44.0,18.2,76.9,1.5945,0
1.1,7.2,164.0,53.0,18.6,74.9,1.5918,0
2.9,19.0,336.0,62.0,19.6,70.3,1.5821,0
3.5,24.5,366.0,68.0,20.2,66.6,1.5567,1
4.6,25.6,565.0,85.0,19.7,68.9,1.5638,1
3.4,17.1,536.0,88.0,19.2,73.4,1.6192,1
2.3,12.3,416.0,82.0,20.0,69.6,1.607,0
2.7,15.2,379.0,91.0,21.1,64.0,1.5795,1
3.1,18.3,368.0,87.0,20.2,67.4,1.5832,1
3.2,17.2,444.0,90.0,20.2,68.9,1.6074,1
2.5,14.1,352.0,97.0,21.9,57.6,1.4942,0
3.4,18.3,375.0,99.0,23.2,52.0,1.4642,1
4.8,25.0,479.0,109.0,21.7,59.1,1.5115,1
4.5,22.2,448.0,95.0,20.8,61.4,1.4898,1
4.0,21.4,388.0,80.0,19.9,64.2,1.4711,1
3.2,16.2,376.0,76.0,19.7,65.1,1.4769,1
1.9,10.3,224.0,62.0,20.0,63.3,1.4672,0
1.9,8.9,206.0,57.0,19.0,66.1,1.4415,0
1.3,6.5,143.0,57.0,18.8,60.9,1.3032,0
1.1,5.1,113.0,54.0,18.9,60.7,1.311,0
1.0,4.6,93.0,50.0,18.1,65.2,1.343,0
0.5,2.1,58.0,44.0,18.3,65.1,1.3529,0
0.6,2.4,57.0,39.0,18.3,66.9,1.3952,0
0.5,3.2,56.0,34.0,17.8,67.5,1.3674,0
0.8,3.9,105.0,44.0,16.9,66.7,1.2772,0
1.2,6.0,243.0,74.0,17.8,60.6,1.2276,0
2.7,13.8,492.0,101.0,17.6,60.8,1.2151,1
3.0,14.8,435.0,103.0,17.9,57.8,1.1751,1
2.94,8.4,429.04,102.0,18.1,56.4,1.1645,0
2.88,9.0,423.08,101.0,18.2,55.9,1.1547,0
2.82,8.3,417.12,100.0,19.7,49.1,1.1148,0
2.76,9.5,411.16,99.0,20.8,45.8,1.1126,0
2.7,12.1,405.2,98.0,20.5,46.0,1.1,0
2.64,7.4,399.24,97.0,18.9,50.6,1.0927,0
2.58,8.0,393.28,96.0,18.4,51.6,1.0832,0
2.52,7.9,387.32,95.0,17.9,52.6,1.0711,0
2.46,10.9,381.36,94.0,17.1,54.2,1.0503,0
2.4,12.1,375.4,93.0,16.5,56.2,1.0455,0
2.34,14.7,369.44,92.0,16.7,54.1,1.0212,0
2.28,6.0,363.48,91.0,15.4,57.7,1.0008,0
2.22,4.3,357.52,90.0,15.5,57.1,0.9971,0
2.16,4.1,351.56,89.0,15.6,55.9,0.985,0
2.1,3.1,345.6,88.0,14.8,58.4,0.9777,0
2.04,2.2,339.64,87.0,14.8,57.9,0.9662,0
1.98,1.5,333.68,86.0,14.6,57.6,0.9517,0
1.92,0.9,327.72,85.0,14.6,57.1,0.9428,0
1.86,0.5,321.76,84.0,14.4,57.6,0.9416,0
1.8,0.6,315.8,83.0,14.5,57.4,0.9413,0
1.74,0.7,309.84000000000003,82.0,14.3,58.4,0.9501,0
1.6800000000000002,2.2,303.88,81.0,14.7,57.4,0.9564,0
1.62,5.8,297.92,80.0,14.3,58.1,0.9404,0
1.56,5.9,291.96000000000004,79.0,14.0,58.3,0.9294,0
1.5,5.9,286.0,78.0,15.4,53.2,0.9246,0
1.2,5.3,281.0,72.0,16.5,49.9,0.9289,0
1.2201149425287356,6.9,283.132183908046,72.54597701149426,17.4,47.6,0.9387,0
1.2402298850574711,7.7,285.264367816092,73.0919540229885,18.0,46.1,0.9401,0
1.2603448275862068,7.3,287.3965517241379,73.63793103448276,17.9,46.5,0.9474,0
1.2804597701149425,7.2,289.5287356321839,74.183908045977,17.4,48.3,0.955,0
1.3005747126436782,6.0,291.6609195402299,74.72988505747126,16.0,52.6,0.9489,0
1.3206896551724137,8.3,293.7931034482759,75.27586206896552,15.3,58.7,1.0154,0
1.3408045977011491,11.2,295.92528735632186,75.82183908045977,15.2,55.9,0.9572,0
1.360919540229885,10.1,298.0574712643678,76.36781609195403,14.8,56.3,0.9459,0
1.3810344827586207,10.6,300.1896551724138,76.91379310344827,14.7,57.8,0.9626,0
1.4011494252873562,7.2,302.32183908045977,77.45977011494253,14.8,57.3,0.9603,0
1.421264367816092,4.4,304.45402298850576,78.00574712643679,14.9,57.1,0.9581,0
1.4413793103448276,3.8,306.58620689655174,78.55172413793103,15.2,55.5,0.9521,0
1.461494252873563,3.8,308.7183908045977,79.09770114942529,15.3,55.4,0.9564,0
1.4816091954022987,4.0,310.85057471264366,79.64367816091954,15.1,56.9,0.9673,0
1.5017241379310344,2.2,312.98275862068965,80.1896551724138,15.0,56.4,0.9554,0
1.52183908045977,1.1,315.11494252873564,80.73563218390805,14.9,56.4,0.9474,0
1.5419540229885058,0.8,317.2471264367816,81.2816091954023,15.2,54.7,0.9394,0
1.5620689655172413,0.8,319.3793103448276,81.82758620689656,15.1,55.4,0.9439,0
1.582183908045977,1.2,321.51149425287355,82.3735632183908,14.9,56.8,0.9541,0
1.6022988505747129,3.2,323.64367816091954,82.91954022988506,15.2,55.9,0.9589,0
1.622413793103448,10.2,325.7758620689655,83.46551724137932,15.3,56.3,0.9684,0
1.6425287356321838,13.6,327.9080459770115,84.01149425287356,15.6,55.4,0.9725,0
1.6626436781609195,9.9,330.04022988505744,84.55747126436782,16.3,53.3,0.9809,0
1.682758620689655,9.1,332.17241379310343,85.10344827586206,20.4,42.2,0.9964,0
1.702873563218391,8.0,334.3045977011494,85.64942528735632,21.9,39.4,1.0234,0
1.7229885057471264,9.7,336.4367816091954,86.19540229885058,21.5,41.2,1.0399,0
1.743103448275862,9.7,338.5689655172414,86.74137931034483,22.2,41.4,1.097,0
1.7632183908045975,12.0,340.7011494252873,87.28735632183908,21.0,46.8,1.1508,0
1.7833333333333332,11.3,342.8333333333333,87.83333333333334,21.9,44.9,1.1635,0
1.803448275862069,10.4,344.9655172413793,88.37931034482759,21.5,46.7,1.1837,0
1.8235632183908048,12.4,347.0977011494253,88.92528735632185,19.7,56.6,1.2811,0
1.84367816091954,14.6,349.2298850574713,89.47126436781609,18.8,60.8,1.3036,0
1.863793103448276,21.0,351.3620689655172,90.01724137931035,19.3,59.6,1.3195,1
1.8839080459770117,17.9,353.4942528735632,90.5632183908046,17.6,69.2,1.3803,0
1.904022988505747,7.3,355.6264367816092,91.10919540229884,16.4,77.1,1.4243,0
1.9241379310344828,4.8,357.7586206896552,91.65517241379312,16.6,77.3,1.4491,0
1.9442528735632183,4.8,359.8908045977012,92.20114942528735,15.9,78.1,1.4039,0
1.964367816091954,7.7,362.0229885057471,92.7471264367816,15.1,82.3,1.4009,0
1.9844827586206897,4.3,364.15517241379314,93.29310344827589,14.8,83.8,1.4005,0
2.004597701149425,3.0,366.2873563218391,93.83908045977012,14.4,84.6,1.3794,0
2.0247126436781606,2.1,368.41954022988506,94.38505747126436,15.8,77.6,1.3792,0
2.0448275862068965,2.3,370.5517241379311,94.93103448275862,15.2,79.4,1.3605,0
2.064942528735632,3.5,372.683908045977,95.47701149425288,14.8,81.9,1.3735,0
2.085057471264368,10.0,374.816091954023,96.02298850574712,14.6,82.9,1.3706,0
2.1051724137931034,20.5,376.94827586206895,96.56896551724138,14.8,80.4,1.3428,1
2.125287356321839,22.2,379.0804597701149,97.11494252873564,15.6,77.1,1.3527,1
2.1454022988505748,24.1,381.2126436781609,97.66091954022988,17.3,70.9,1.3876,1
2.1655172413793102,17.4,383.34482758620686,98.20689655172414,22.2,51.3,1.3543,1
2.185632183908046,14.2,385.4770114942529,98.7528735632184,24.4,43.9,1.3184,0
2.2057471264367816,15.0,387.6091954022989,99.29885057471265,22.7,47.6,1.2989,0
2.225862068965517,18.3,389.7413793103448,99.8448275862069,20.5,61.5,1.4673,1
2.245977011494253,13.0,391.8735632183908,100.39080459770116,23.3,40.4,1.1421,0
2.2660919540229885,18.1,394.0057471264368,100.9367816091954,23.2,39.9,1.1172,1
2.2862068965517244,23.1,396.1379310344828,101.48275862068964,21.5,44.5,1.129,1
2.30632183908046,24.9,398.2701149425287,102.02873563218392,20.9,48.5,1.1878,1
2.3264367816091958,21.7,400.4022988505747,102.57471264367815,19.8,53.1,1.216,1
2.346551724137931,14.1,402.5344827586207,103.1206896551724,20.1,53.6,1.2477,0
2.3666666666666667,11.9,404.6666666666667,103.66666666666669,19.6,56.0,1.2623,0
2.386781609195402,5.1,406.7988505747127,104.21264367816092,18.6,60.4,1.2817,0
2.406896551724138,6.8,408.9310344827586,104.75862068965516,14.5,78.3,1.288,0
2.427011494252873,4.8,411.0632183908046,105.30459770114942,16.3,70.5,1.2921,0
2.447126436781609,7.2,413.1954022988506,105.85057471264368,14.1,83.8,1.346,0
2.4672413793103445,5.4,415.3275862068965,106.39655172413794,14.5,81.3,1.3399,0
2.4873563218390804,3.0,417.45977011494256,106.94252873563218,14.7,80.7,1.3414,0
2.5074712643678163,3.7,419.5919540229885,107.48850574712644,14.5,82.1,1.3493,0
2.527586206896552,3.6,421.7241379310345,108.0344827586207,15.0,78.4,1.3333,0
2.5477011494252872,4.7,423.85632183908046,108.58045977011494,14.5,80.5,1.3221,0
2.5678160919540227,6.9,425.9885057471264,109.1264367816092,14.6,79.0,1.3082,0
2.587931034482758,7.7,428.1206896551725,109.67241379310346,15.0,74.8,1.2672,0
2.608045977011494,12.2,430.2528735632184,110.2183908045977,15.9,70.4,1.2658,1
2.62816091954023,9.6,432.3850574712644,110.76436781609196,17.4,62.3,1.2282,1
2.648275862068965,9.6,434.5172413793104,111.31034482758622,21.3,42.9,1.0727,0
2.668390804597701,8.3,436.6494252873563,111.85632183908046,22.0,38.9,1.0154,0
2.6885057471264364,7.0,438.7816091954023,112.40229885057472,20.3,41.3,0.9745,0
2.7086206896551723,8.2,440.91379310344826,112.94827586206895,20.2,45.6,1.0663,0
2.728735632183908,4.5,443.04597701149424,113.49425287356324,20.8,37.4,0.9107,0
2.748850574712644,5.5,445.1781609195402,114.04022988505749,21.6,35.9,0.9164,0
2.768965517241379,8.7,447.3103448275862,114.58620689655172,22.0,35.7,0.9329,0
2.7890804597701147,8.7,449.4425287356322,115.132183908046,19.9,42.0,0.9665,1
2.8091954022988506,14.0,451.5747126436781,115.67816091954025,19.2,46.3,1.0158,1
2.829310344827586,9.5,453.7068965517241,116.22413793103448,17.9,56.9,1.1545,1
2.849425287356322,7.9,455.8390804597701,116.77011494252876,14.7,75.5,1.2554,1
2.8695402298850574,6.2,457.9712643678161,117.316091954023,15.1,78.9,1.3409,1
2.889655172413793,4.0,460.1034482758621,117.86206896551724,17.2,66.7,1.2987,0
2.9097701149425284,4.4,462.235632183908,118.4080459770115,15.4,73.2,1.2755,1
2.9298850574712643,2.6,464.367816091954,118.95402298850576,16.5,68.5,1.2753,0
2.95,2.7,466.5,119.5,16.4,70.3,1.3031,0
2.970114942528736,3.8,468.632183908046,120.04597701149426,15.4,78.1,1.3557,1
2.990229885057471,3.6,470.764367816092,120.59195402298852,15.8,75.5,1.3436,1
3.0103448275862066,2.2,472.8965517241379,121.13793103448276,16.0,69.5,1.2549,0
3.0304597701149425,1.7,475.0287356321839,121.683908045977,15.0,71.0,1.2032,0
3.0505747126436784,2.1,477.1609195402299,122.22988505747128,13.9,75.2,1.1884,1
3.070689655172414,2.3,479.2931034482759,122.77586206896552,15.9,62.1,1.1103,0
3.0908045977011493,4.8,481.42528735632186,123.32183908045975,15.9,61.0,1.0911,1
3.110919540229885,5.6,483.5574712643678,123.86781609195404,17.1,58.7,1.1332,1
3.1310344827586203,6.8,485.6896551724138,124.41379310344828,19.2,51.9,1.1404,1
3.151149425287356,6.2,487.82183908045977,124.95977011494251,21.5,42.6,1.0798,1
3.171264367816092,6.8,489.95402298850576,125.5057471264368,21.6,39.9,1.0156,1
3.191379310344828,11.1,492.0862068965517,126.05172413793105,21.6,40.4,1.0309,1
3.211494252873563,12.2,494.2183908045977,126.59770114942528,22.0,37.3,0.9768,1
3.2316091954022985,4.7,496.3505747126437,127.14367816091956,22.1,35.2,0.9253,1
3.251724137931034,5.1,498.4827586206897,127.6896551724138,22.4,36.0,0.9621,1
3.2718390804597703,12.7,500.6149425287357,128.23563218390805,20.9,40.3,0.9866,1
3.291954022988506,11.6,502.7471264367816,128.7816091954023,19.8,41.5,0.9489,1
3.3120689655172413,12.7,504.8793103448276,129.32758620689657,18.2,46.0,0.9538,1
3.3321839080459768,9.7,507.0114942528736,129.8735632183908,17.3,50.3,0.9837,1
3.352298850574712,7.8,509.14367816091954,130.41954022988506,15.8,57.6,1.0271,1
3.372413793103449,6.8,511.2758620689655,130.9655172413793,15.5,59.7,1.0413,1
3.392528735632184,8.1,513.4080459770115,131.51149425287358,15.5,60.6,1.0574,1
3.4126436781609195,5.4,515.5402298850574,132.05747126436782,15.8,59.9,1.0676,1
3.432758620689655,4.4,517.6724137931035,132.6034482758621,14.8,64.3,1.073,1
3.4528735632183905,2.4,519.8045977011494,133.14942528735634,14.8,64.7,1.0788,1
3.472988505747126,1.6,521.9367816091954,133.69540229885058,13.8,67.6,1.0581,1
3.4931034482758623,1.8,524.0689655172414,134.24137931034485,14.5,65.0,1.0672,1
3.5132183908045977,3.1,526.2011494252873,134.78735632183907,14.0,67.4,1.0703,1
3.533333333333333,9.2,528.3333333333334,135.33333333333334,12.6,73.6,1.0699,1
3.5534482758620687,20.8,530.4655172413793,135.8793103448276,13.3,70.4,1.0711,1
3.573563218390804,26.8,532.5977011494253,136.42528735632186,14.4,65.8,1.0773,1
3.5936781609195405,17.7,534.7298850574713,136.9712643678161,16.8,57.8,1.0947,1
3.613793103448276,14.2,536.8620689655172,137.51724137931035,19.7,49.3,1.1199,1
3.633908045977011,16.8,538.9942528735633,138.0632183908046,21.1,47.2,1.1659,1
3.654022988505747,16.0,541.1264367816092,138.60919540229884,22.2,43.2,1.1427,1
3.6741379310344815,19.9,543.2586206896551,139.1551724137931,21.4,47.2,1.1927,1
3.6942528735632183,18.5,545.3908045977012,139.70114942528738,19.9,55.4,1.2702,1
3.714367816091954,21.4,547.5229885057472,140.24712643678163,20.3,54.0,1.2744,1
3.7344827586206897,22.8,549.655172413793,140.79310344827587,20.0,56.5,1.3051,1
3.754597701149425,36.5,551.7873563218391,141.33908045977012,19.7,57.8,1.3138,1
3.7747126436781606,38.8,553.9195402298851,141.88505747126436,19.3,59.0,1.3077,1
3.794827586206896,32.3,556.051724137931,142.43103448275863,18.5,60.3,1.2706,1
3.814942528735632,29.3,558.183908045977,142.97701149425288,17.8,66.3,1.341,1
3.835057471264368,14.2,560.316091954023,143.52298850574715,17.6,65.9,1.3175,1
3.855172413793104,8.0,562.448275862069,144.0689655172414,17.5,63.5,1.2622,1
3.875287356321839,7.4,564.5804597701149,144.61494252873564,16.5,67.2,1.2491,1
3.8954022988505743,7.2,566.7126436781609,145.16091954022988,16.2,69.1,1.259,1
3.915517241379311,8.0,568.844827586207,145.70689655172413,14.9,74.7,1.2564,1
3.935632183908046,6.5,570.9770114942528,146.2528735632184,14.1,76.7,1.2273,1
3.9557471264367816,5.2,573.1091954022988,146.79885057471265,14.0,76.6,1.2202,1
3.975862068965517,5.6,575.2413793103449,147.34482758620692,14.9,73.8,1.24,1
3.995977011494253,7.0,577.3735632183908,147.89080459770116,15.2,73.1,1.257,1
4.016091954022988,11.5,579.5057471264367,148.4367816091954,15.2,73.4,1.2626,1
4.036206896551724,21.7,581.6379310344828,148.98275862068965,15.2,74.7,1.2824,1
4.05632183908046,37.9,583.7701149425287,149.5287356321839,15.8,71.7,1.278,1
4.076436781609195,30.1,585.9022988505747,150.07471264367817,16.6,68.4,1.2829,1
4.096551724137931,24.5,588.0344827586207,150.62068965517244,17.6,64.9,1.2925,1
4.116666666666666,25.2,590.1666666666667,151.16666666666669,18.3,63.8,1.331,1
4.136781609195403,26.5,592.2988505747126,151.71264367816093,19.4,61.1,1.3652,1
4.156896551724138,19.6,594.4310344827586,152.25862068965515,20.9,58.1,1.4193,1
4.1770114942528735,13.4,596.5632183908046,152.80459770114942,22.0,54.0,1.4114,1
4.197126436781609,15.3,598.6954022988506,153.3505747126437,22.8,53.0,1.4482,1
4.2172413793103445,15.1,600.8275862068965,153.89655172413794,21.7,57.6,1.4756,1
4.23735632183908,21.1,602.9597701149426,154.4425287356322,21.3,60.8,1.5205,1
4.257471264367816,23.6,605.0919540229885,154.98850574712645,21.2,61.7,1.5309,1
4.277586206896552,25.7,607.2241379310344,155.5344827586207,21.2,62.2,1.5473,1
4.297701149425287,27.2,609.3563218390805,156.08045977011494,20.8,65.1,1.5782,1
4.317816091954023,24.4,611.4885057471265,156.6264367816092,19.9,69.0,1.5877,1
4.337931034482758,20.3,613.6206896551724,157.17241379310346,18.8,73.7,1.5785,1
4.358045977011495,14.8,615.7528735632184,157.7183908045977,19.2,71.3,1.5723,1
4.37816091954023,12.8,617.8850574712644,158.26436781609198,19.0,71.6,1.5549,1
4.3982758620689655,10.0,620.0172413793103,158.81034482758622,19.5,69.7,1.5596,1
4.418390804597701,9.3,622.1494252873563,159.35632183908046,19.4,70.1,1.5626,1
4.438505747126436,9.3,624.2816091954023,159.9022988505747,18.4,74.5,1.5634,1
4.458620689655172,8.8,626.4137931034483,160.44827586206895,18.7,73.4,1.5701,1
4.478735632183908,10.2,628.5459770114942,160.99425287356323,18.4,74.6,1.5631,1
4.498850574712644,13.1,630.6781609195402,161.5402298850575,18.5,74.4,1.5661,1
4.518965517241379,26.1,632.8103448275863,162.08620689655174,18.8,73.0,1.5737,1
4.539080459770115,37.9,634.9425287356322,162.632183908046,19.9,69.9,1.6036,1
4.55919540229885,26.2,637.0747126436781,163.17816091954023,21.3,66.1,1.6556,1
4.5793103448275865,23.1,639.2068965517242,163.72413793103448,23.0,61.8,1.7135,1
4.599425287356322,26.0,641.3390804597701,164.27011494252875,22.4,64.6,1.7271,1
4.619540229885057,28.1,643.471264367816,164.816091954023,23.8,59.9,1.7376,1
4.639655172413793,28.0,645.6034482758621,165.36206896551727,24.7,56.9,1.7472,1
4.659770114942528,24.6,647.735632183908,165.9080459770115,25.4,55.1,1.761,1
4.679885057471265,22.4,649.867816091954,166.45402298850576,25.7,54.5,1.7684,1
4.7,30.9,652.0,167.0,24.8,57.7,1.7765,1
8.0,43.7,895.0,194.0,24.6,58.9,1.8005,1
7.7,40.0,826.0,172.0,23.9,61.8,1.8088,1
6.8,35.9,648.0,134.0,23.0,65.9,1.8319,1
6.0,30.1,629.0,130.0,22.4,67.7,1.8161,1
4.7,22.3,529.0,113.0,22.0,69.2,1.8061,1
3.4,17.7,405.0,99.0,21.8,69.6,1.79,1
3.9,19.5,461.0,109.0,21.9,68.3,1.7699,1
4.4,22.3,486.0,105.0,21.7,69.7,1.7872,1
3.3,15.4,335.0,91.0,21.3,70.3,1.7574,1
2.0,9.3,210.0,77.0,20.8,71.7,1.7415,0
1.5,6.0,154.5,68.0,21.4,69.0,1.7421,0
1.15,6.6,99.0,59.0,21.4,69.3,1.7515,0
0.8,5.1,149.0,60.0,21.3,69.5,1.7447,0
1.3,8.8,203.0,72.0,21.5,67.5,1.708,0
2.7,16.6,332.0,83.0,21.9,64.8,1.683,0
3.6,24.3,446.0,104.0,22.6,61.4,1.6645,1
3.6,20.6,524.0,119.0,22.6,61.5,1.6636,1
2.6,15.6,347.0,105.0,25.5,52.3,1.6796,0
2.0,12.2,273.0,91.0,27.0,47.6,1.67,0
3.3,17.7,404.0,103.0,25.2,53.3,1.6834,1
2.6,14.8,358.0,107.0,26.6,49.3,1.6872,0
2.1,15.0,312.0,111.0,27.2,48.5,1.7172,0
2.9,16.7,369.0,101.0,26.9,50.0,1.7507,1
3.0,17.7,362.0,102.0,26.5,52.2,1.7769,1
3.2,20.9,335.0,101.0,27.0,51.0,1.7936,1
4.4,28.7,447.0,118.0,25.9,55.8,1.8347,1
6.0,34.8,576.0,120.0,25.1,59.4,1.8632,1
5.0,27.5,486.0,107.0,24.7,58.7,1.8001,1
4.3,24.9,439.0,104.0,23.6,62.2,1.7863,1
4.3,24.2,462.0,91.0,22.4,67.1,1.794,1
4.2,22.2,441.0,91.0,21.6,69.2,1.763,1
2.2,13.2,223.0,74.0,21.3,68.5,1.7164,0
1.3,7.9,126.0,63.0,21.2,68.6,1.7046,0
1.0,5.9,116.0,57.0,20.3,70.6,1.6659,0
0.7,4.1,120.5,52.5,20.8,67.3,1.6353,0
0.8,4.6,125.0,48.0,19.6,71.3,1.612,0
0.9,5.8,198.0,49.0,18.7,74.4,1.5861,0
1.0,6.5,185.0,55.0,19.8,69.2,1.5808,0
2.8,19.5,425.0,78.0,19.8,69.4,1.5859,1
4.1,28.0,465.0,91.0,20.4,66.7,1.5781,1
2.9,18.7,341.0,88.0,22.3,60.6,1.6069,1
2.7,18.3,316.0,83.0,22.6,59.9,1.6246,0
2.1,14.3,241.0,81.0,24.5,54.5,1.6514,0
2.4,16.5,266.0,83.0,24.4,55.4,1.6712,0
3.8,22.9,412.0,111.0,26.0,51.9,1.7148,1
3.7,22.3,394.0,112.0,26.8,49.1,1.7101,1
3.7,22.0,365.0,112.0,26.4,49.8,1.6928,1
5.5,27.7,548.0,137.0,26.9,48.6,1.7017,1
5.4,29.8,494.0,152.0,26.2,48.9,1.634,1
8.4,40.0,686.0,163.0,24.3,54.3,1.6276,1
6.8,35.1,556.0,135.0,23.3,58.1,1.6457,1
4.5,25.5,467.0,119.0,22.3,62.5,1.6616,1
2.5,13.7,297.0,91.0,21.3,66.1,1.6556,0
1.6,9.7,164.0,74.0,21.2,65.7,1.6319,0
1.7,9.8,196.0,73.0,20.3,68.1,1.6009,0
1.7,10.1,201.0,71.0,20.4,66.7,1.583,0
1.1,6.0,132.0,57.0,19.9,67.5,1.5544,0
1.0,6.0,146.0,51.0,19.1,70.0,1.5331,0
0.8,4.6,120.0,46.5,19.3,68.1,1.5139,0
0.75,4.0,94.0,42.0,19.6,66.9,1.5125,0
0.7,4.6,127.0,43.0,18.1,72.1,1.4834,0
1.2,7.6,217.0,52.0,18.1,72.3,1.4927,0
2.3,13.6,394.0,65.0,17.6,74.8,1.491,0
3.0,16.0,511.0,69.0,18.2,72.8,1.5048,1
3.3,18.9,523.0,91.0,20.2,65.8,1.5374,1
2.8,15.7,471.0,92.0,21.6,61.4,1.5696,1
3.0,16.2,441.0,102.0,23.3,57.5,1.6169,1
3.4,19.4,414.0,118.0,25.0,52.4,1.6356,1
3.0,16.9,317.0,111.0,25.4,50.8,1.6275,1
2.3,12.5,230.0,101.0,26.1,47.1,1.5724,0
3.1,15.8,365.0,119.0,27.0,44.2,1.549,1
3.0,16.0,360.0,115.0,27.2,43.0,1.5246,1
3.3,16.3,420.0,120.0,25.6,48.3,1.5641,1
4.0,21.0,475.0,115.0,23.3,57.9,1.6376,1
4.6,23.1,526.0,118.0,22.2,63.6,1.6763,1
4.1,17.7,460.0,117.0,21.6,67.7,1.7228,1
2.3,12.2,255.0,96.0,21.0,69.3,1.7058,0
2.6,14.6,283.0,89.0,20.3,70.5,1.6599,0
2.6,13.1,271.0,84.0,20.0,69.5,1.6109,0
2.9,15.5,315.0,97.0,19.7,70.1,1.5891,1
2.1,11.8,227.0,68.0,19.5,70.7,1.5851,0
2.1,10.9,243.0,66.0,19.4,71.4,1.5959,0
1.5,8.4,192.5,58.5,19.3,71.1,1.5746,0
1.45,7.0,142.0,51.0,18.7,73.8,1.5704,0
1.4,8.6,139.0,48.0,18.0,75.4,1.5441,0
1.2,7.5,182.0,47.0,17.3,78.4,1.532,0
1.5,8.1,196.0,48.0,17.5,76.6,1.5174,0
0.9,4.8,108.0,45.0,20.0,66.7,1.5401,0
1.4,7.8,175.0,59.0,19.1,70.0,1.5366,0
2.1,9.7,266.0,84.0,21.4,61.7,1.5547,0
1.6,8.4,179.0,72.0,24.6,50.4,1.5363,0
1.5,7.6,154.0,68.0,25.0,49.1,1.5295,0
1.1,5.9,95.0,52.0,25.3,46.7,1.4874,0
1.4,7.4,151.0,70.0,24.8,47.9,1.4819,0
2.0,10.1,230.0,90.0,25.3,48.0,1.5249,0
2.0,9.7,239.0,87.0,26.5,44.9,1.5278,0
2.5,11.8,306.0,99.0,25.0,50.1,1.563,0
4.3,20.3,472.0,128.0,22.9,57.6,1.5885,1
5.2,24.3,532.0,127.0,21.7,62.9,1.6117,1
3.4,15.6,375.0,99.0,21.8,63.0,1.619,1
1.3,7.3,147.0,72.0,21.2,63.4,1.5748,0
1.2,7.1,118.0,62.0,20.2,65.8,1.535,0
1.7,9.0,181.0,62.0,18.4,71.5,1.5038,0
1.7,8.9,209.0,63.0,17.9,72.4,1.4758,0
1.4,7.2,167.0,56.0,16.9,75.4,1.4393,0
0.9,4.4,112.0,44.0,16.5,75.5,1.4056,0
0.7,4.1,110.0,40.5,15.4,79.0,1.3735,0
0.8,4.3,108.0,37.0,15.5,78.6,1.37,0
0.9,5.9,181.0,48.0,16.2,76.9,1.4029,0
1.2,7.2,253.0,59.0,15.8,79.6,1.417,0
3.2,18.5,521.0,77.0,16.0,76.3,1.3772,1
4.4,25.0,649.0,88.0,16.3,74.3,1.3644,1
3.5,18.8,516.0,111.0,18.7,66.3,1.414,1
3.2,19.5,487.0,114.0,20.5,60.2,1.4346,1
3.0,18.2,529.0,108.0,19.3,66.2,1.4706,1
3.5,20.0,565.0,111.0,20.0,63.9,1.4805,1
4.0,24.8,558.0,126.0,21.4,59.4,1.4928,1
3.8,23.1,568.0,117.0,21.5,60.9,1.5398,1
4.2,25.5,605.0,119.0,21.6,60.9,1.5551,1
5.0,32.0,666.0,125.0,21.6,62.0,1.5784,1
7.9,46.3,814.0,158.0,21.7,61.9,1.592,1
8.4,44.5,860.0,149.0,21.0,64.9,1.5987,1
8.0,41.0,820.0,136.0,20.0,68.6,1.5882,1
6.4,32.5,742.0,112.0,19.3,71.4,1.5805,1
3.5,19.1,492.0,87.0,18.5,73.4,1.5461,1
3.5,19.6,464.0,82.0,17.7,75.6,1.5226,1
1.9,10.7,258.0,67.0,18.5,70.4,1.487,0
2.2,12.2,311.0,68.0,17.0,76.1,1.4582,0
1.6,8.0,231.0,60.0,16.8,74.9,1.4258,0
1.0,5.5,127.0,48.0,15.5,78.5,1.3782,0
1.0,5.5,125.5,45.0,15.3,79.0,1.3605,0
0.95,4.3,124.0,42.0,15.0,77.9,1.3197,0
0.9,5.9,138.0,46.0,14.8,79.4,1.3312,0
1.4,8.6,228.0,54.0,15.7,77.0,1.3591,0
3.0,18.7,383.0,82.0,16.2,75.9,1.3872,1
4.5,25.0,581.0,93.0,16.3,75.9,1.3991,1
3.8,19.6,545.0,95.0,17.7,70.6,1.4202,1
3.4,20.8,593.0,120.0,18.3,67.6,1.4103,1
3.5,20.1,602.0,132.0,20.1,62.0,1.4409,1
4.4,26.7,624.0,146.0,22.6,54.5,1.4737,1
4.0,23.6,546.0,157.0,24.6,47.1,1.4378,1
4.5,26.4,597.0,158.0,24.9,48.3,1.4942,1
5.3,30.9,688.0,175.0,24.9,50.0,1.5522,1
5.8,32.8,760.0,166.0,24.0,55.0,1.6211,1
8.4,45.9,918.0,187.0,23.2,58.7,1.651,1
9.5,52.1,952.0,180.0,22.5,61.5,1.6579,1
6.2,36.6,685.0,134.0,22.2,61.0,1.6071,1
5.0,24.0,561.0,127.0,22.6,58.3,1.5829,1
2.1,9.8,239.0,95.0,21.0,57.4,1.4098,0
1.4,7.9,175.0,79.0,19.8,63.7,1.4524,0
1.6,7.5,169.0,78.0,17.7,78.8,1.5855,0
2.0,9.2,215.0,80.0,17.6,80.5,1.6062,0
1.2,5.7,115.0,67.0,17.4,81.3,1.6066,0
0.8,4.4,94.0,61.0,17.4,81.0,1.6012,0
0.6,3.9,87.0,56.0,17.2,81.8,1.5856,0
0.6499999999999999,3.1,80.0,51.0,17.0,81.0,1.5521,0
0.7,5.1,132.0,56.0,16.8,81.3,1.5447,0
1.7,10.5,295.0,68.0,17.6,78.8,1.5723,0
3.4,20.6,517.0,101.0,18.0,75.7,1.5527,1
4.9,28.5,555.0,119.0,18.0,74.8,1.5281,1
2.7,12.7,429.0,108.0,18.2,74.0,1.5343,1
3.2,16.1,561.0,132.0,19.7,65.4,1.4854,1
2.7,14.9,427.0,130.0,21.0,57.9,1.4267,1
3.2,16.8,445.0,129.0,20.7,58.6,1.4142,1
4.1,21.8,538.0,117.0,19.5,67.1,1.506,1
3.6,18.6,556.0,119.0,18.5,76.2,1.6045,1
2.8,14.5,370.0,113.0,19.6,69.7,1.5675,1
2.1,13.4,257.0,102.0,19.9,65.3,1.5066,0
2.4,15.8,266.0,101.0,20.0,63.3,1.4622,0
3.6,20.7,403.0,116.0,19.2,66.4,1.4592,1
2.6,16.6,275.0,101.0,19.3,67.5,1.4977,0
2.8,15.3,338.0,94.0,18.2,71.4,1.4776,1
1.4,8.0,176.0,75.0,17.8,71.2,1.4396,0
1.1,5.8,159.0,69.0,17.6,69.9,1.3969,0
1.3,7.0,147.0,60.0,16.0,75.9,1.3721,0
0.9,4.5,99.0,58.0,16.9,72.0,1.3749,0
1.0,5.2,98.0,51.0,15.7,76.3,1.3519,0
0.9,4.4,109.0,45.0,14.8,78.7,1.3169,0
0.7,4.2,110.5,43.0,14.8,79.7,1.3286,0
0.75,3.8,112.0,41.0,14.6,79.9,1.3156,0
0.8,5.2,163.0,48.0,15.2,78.0,1.3382,0
1.6,10.0,326.0,61.0,15.5,77.2,1.3502,0
3.4,20.0,640.0,88.0,15.7,76.4,1.3558,1
4.4,25.8,736.0,102.0,16.0,76.4,1.3751,1
3.5,20.0,667.0,97.0,16.7,73.8,1.3886,1
3.4,20.6,677.0,116.0,18.6,66.3,1.4047,1
2.4,12.2,425.0,112.0,20.4,58.1,1.3762,1
2.3,13.1,349.0,101.0,20.6,57.3,1.3792,0
2.6,14.5,332.0,99.0,21.6,53.6,1.3669,0
2.9,17.5,412.0,113.0,21.4,55.6,1.4015,1
4.4,25.9,631.0,122.0,20.7,63.0,1.5204,1
5.0,26.6,677.0,139.0,21.3,61.9,1.5463,1
6.5,35.3,761.0,149.0,20.8,64.0,1.5522,1
5.9,28.2,650.0,136.0,20.3,66.7,1.5656,1
2.7,14.2,262.0,103.0,19.7,64.5,1.4594,0
2.5,12.4,292.0,112.0,19.4,64.0,1.4282,0
1.5,6.6,177.0,88.0,20.1,60.8,1.4152,0
1.0,4.8,103.0,63.0,20.4,60.4,1.4263,0
1.2,5.4,127.0,69.0,20.1,62.6,1.4543,0
1.0,4.3,119.0,65.0,19.9,64.9,1.4905,0
0.8,2.9,83.0,50.0,18.2,74.7,1.5441,0
0.6,2.5,65.0,43.0,18.4,73.8,1.5463,0
0.6,2.2,74.5,49.5,18.7,73.5,1.5664,0
0.8500000000000001,2.7,84.0,56.0,18.2,76.6,1.5907,0
1.1,6.1,200.0,69.0,18.5,76.4,1.6112,0
1.3,7.7,242.0,91.0,19.3,71.6,1.5844,0
2.9,15.9,366.0,111.0,20.2,66.9,1.5643,1
3.7,22.8,404.0,124.0,20.8,64.7,1.5692,1
3.0,16.6,429.0,119.0,21.9,61.8,1.6021,1
1.4,8.4,169.0,77.0,23.5,57.7,1.6515,0
2.6,13.9,419.0,101.0,19.8,81.0,1.8538,1
4.2,24.9,603.0,116.0,20.2,86.5,2.0224,1
5.1,22.4,589.0,137.0,20.2,82.2,1.9184,1
5.5,26.1,706.0,163.0,19.7,82.2,1.8669,1
4.5,18.1,592.0,144.0,20.2,79.1,1.85,1
2.7,13.9,305.0,118.0,20.1,75.4,1.751,1
3.1,18.5,371.0,135.0,20.2,72.3,1.6893,1
4.2,20.9,465.0,129.0,20.0,73.3,1.693,1
3.1,12.9,390.0,128.0,18.3,74.9,1.5583,1
1.7,6.7,227.0,103.0,18.9,70.4,1.5259,0
1.8,7.0,284.0,116.0,17.3,76.3,1.4919,0
1.7,7.3,211.0,95.0,17.1,77.9,1.5081,0
2.1,9.1,297.0,107.0,17.3,79.3,1.5569,0
2.4,9.9,351.0,108.0,17.3,79.9,1.5643,0
1.8,6.9,259.0,94.0,16.9,80.6,1.5372,0
1.5,6.5,214.0,84.0,16.9,81.4,1.551,0
1.4,5.9,193.5,78.0,16.8,81.5,1.5418,0
1.2,5.4,173.0,72.0,16.9,79.8,1.5238,0
1.0,5.4,192.0,76.0,16.7,79.7,1.503,0
1.4,7.8,237.0,82.0,16.8,79.0,1.4978,0
2.4,13.6,413.0,94.0,16.8,79.8,1.5115,1
3.1,15.4,455.0,102.0,16.9,79.9,1.5253,1
3.0,14.4,493.0,106.0,17.4,79.3,1.5593,1
2.7,14.3,482.0,108.0,18.0,76.6,1.5706,1
4.0,20.3,599.0,152.0,21.2,64.4,1.6015,1
3.7,18.7,481.0,160.0,22.4,60.8,1.6261,1
3.4,17.3,406.0,133.0,22.6,61.1,1.6596,1
3.4,16.9,419.0,147.0,23.6,57.3,1.645,1
3.2,16.4,387.0,135.0,23.5,58.3,1.664,1
3.9,19.1,461.0,135.0,22.9,61.6,1.7014,1
3.7,18.7,493.0,129.0,22.3,64.3,1.7055,1
4.3,22.4,532.0,117.0,21.6,68.0,1.7305,1
4.9,25.3,581.0,116.0,21.2,67.4,1.6755,1
4.0,17.7,494.0,109.0,20.8,65.8,1.6001,1
2.8,13.8,392.0,96.0,20.4,64.8,1.5379,1
2.4,10.2,311.0,90.0,20.1,66.7,1.5548,0
1.9,8.6,236.0,82.0,19.5,70.0,1.5711,0
2.0,7.9,270.0,86.0,19.3,70.4,1.5578,0
1.5,5.7,199.0,72.0,19.7,68.6,1.5563,0
1.3,6.4,146.0,61.0,19.7,68.2,1.5484,0
1.0,4.6,110.0,53.0,19.9,68.4,1.5673,0
0.75,2.7,74.0,45.0,18.4,74.2,1.5581,0
0.5,2.1,55.0,37.0,18.9,71.3,1.5449,0
0.4,1.2,43.0,31.0,18.1,79.0,1.6224,0
0.4,1.4,46.0,30.0,20.4,71.2,1.6834,0
0.9,4.6,139.0,41.0,20.6,70.7,1.6996,0
1.3,5.7,169.0,64.0,19.3,74.1,1.6391,0
2.1,10.6,254.0,74.0,22.2,64.4,1.7005,0
2.4,11.0,303.0,77.0,23.0,64.6,1.7851,0
2.0,8.6,259.0,83.0,24.3,57.4,1.7233,0
1.8,8.8,226.0,71.0,22.0,67.0,1.7441,0
1.5,7.5,161.0,62.0,22.9,65.7,1.8148,0
1.6,11.6,182.0,62.0,23.2,63.9,1.7957,0
2.2,10.1,289.0,79.0,23.0,62.3,1.7248,0
2.3,10.8,340.0,93.0,22.4,63.2,1.6878,0
6.6,30.3,544.0,106.0,21.7,66.6,1.7077,1
4.7,22.4,543.0,100.0,21.2,70.3,1.7476,1
4.1,20.6,501.0,89.0,20.8,70.9,1.7203,1
4.1,17.5,521.0,83.0,20.0,73.2,1.6965,1
2.7,13.9,352.0,76.0,19.7,73.7,1.6708,0
2.6,13.6,321.0,68.0,19.9,72.6,1.6681,0
3.2,15.9,318.0,69.0,20.1,71.3,1.6564,0
3.7,17.8,338.0,77.0,20.1,71.1,1.6498,1
3.5,16.7,353.0,68.0,19.6,73.2,1.6543,1
3.0,16.0,322.0,60.0,19.1,75.8,1.6568,0
2.85,16.9,291.0,52.0,18.4,77.9,1.6389,0
2.7,15.0,279.0,49.0,18.4,78.1,1.637,0
1.8,9.6,200.0,45.0,19.2,74.7,1.6398,0
1.3,7.8,180.0,51.0,19.4,75.1,1.6766,0
1.5,8.7,213.0,51.0,19.1,75.6,1.6519,0
1.9,9.8,266.0,62.0,20.3,71.1,1.6803,0
2.2,12.4,247.0,74.0,23.1,61.3,1.7131,0
2.6,13.9,326.0,88.0,25.1,56.0,1.7565,0
2.7,12.5,319.0,90.0,25.8,56.1,1.841,0
2.5,10.9,320.0,91.0,23.7,68.2,1.9739,0
1.5,6.5,174.0,64.0,23.1,70.8,1.98,0
2.0,9.4,216.0,72.0,23.9,66.3,1.9361,0
3.1,15.3,376.0,88.0,23.8,65.0,1.8897,1
3.7,16.4,496.0,110.0,23.2,65.6,1.8435,1
4.0,19.8,523.0,95.0,21.8,72.7,1.8789,1
4.1,15.8,465.0,91.0,21.7,67.3,1.7256,1
3.1,14.5,407.0,94.0,21.3,66.3,1.6594,1
3.2,14.7,412.0,86.0,20.4,71.6,1.7004,1
3.2,15.3,403.0,79.0,19.6,75.3,1.6981,1
2.7,13.0,357.0,71.0,19.3,75.8,1.6762,0
2.3,10.5,259.0,62.0,18.4,76.3,1.6017,0
1.6,7.6,227.0,56.0,18.2,76.4,1.5787,0
1.1,4.8,147.0,49.0,17.9,74.8,1.5219,0
0.7,3.1,109.5,43.5,17.5,74.5,1.4781,0
0.6499999999999999,2.6,72.0,38.0,17.2,74.0,1.4388,0
0.6,2.7,96.0,35.0,17.6,73.2,1.4555,0
0.5,3.0,73.0,37.0,17.9,69.3,1.4099,0
1.5,8.7,309.0,56.0,16.1,76.3,1.3902,0
3.4,20.7,607.0,85.0,17.1,72.8,1.4054,1
4.4,25.2,562.0,112.0,20.8,57.9,1.407,1
4.4,23.6,560.0,107.0,20.6,60.2,1.4428,1
5.8,32.9,844.0,151.0,22.1,56.6,1.4851,1
4.9,25.6,667.0,151.0,24.0,50.0,1.4679,1
5.1,31.2,583.0,150.0,25.7,45.6,1.487,1
7.5,37.9,726.0,190.0,25.5,49.7,1.5985,1
5.8,32.3,674.0,168.0,25.2,50.6,1.5989,1
5.9,31.5,544.0,127.0,25.4,50.7,1.6187,1
6.8,38.0,715.0,140.0,24.4,56.0,1.6885,1
7.9,44.1,789.0,158.0,23.0,62.1,1.7283,1
8.0,44.9,737.0,121.0,21.8,65.3,1.6889,1
9.2,48.2,859.0,119.0,20.9,67.5,1.6539,1
5.9,29.1,668.0,96.0,20.2,68.6,1.6034,1
3.7,19.1,454.0,77.0,19.3,70.8,1.5728,1
2.6,13.9,337.0,66.0,19.2,68.8,1.5097,0
1.1,6.8,127.0,56.0,20.4,61.1,1.4495,0
2.6,13.2,281.0,62.0,18.0,71.5,1.4615,0
2.2,10.7,252.0,58.0,17.5,73.2,1.4515,0
0.9,4.1,158.5,47.5,17.2,71.7,1.394,0
0.7,2.9,65.0,37.0,16.4,74.4,1.3779,0
0.5,2.7,69.0,35.0,16.8,71.9,1.3628,0
0.7,4.3,151.0,50.0,16.9,70.5,1.3504,0
1.3,8.0,231.0,64.0,17.0,70.1,1.3512,0
2.2,15.5,297.0,75.0,18.8,62.5,1.3401,0
3.7,23.8,515.0,101.0,20.3,58.4,1.3745,1
3.7,21.0,499.0,94.0,23.7,49.1,1.423,1
3.4,19.3,445.0,95.0,26.6,42.8,1.4713,1
3.4,19.7,464.0,124.0,26.2,43.5,1.4591,1
2.6,13.2,298.0,86.0,26.3,43.6,1.4663,0
2.5,13.0,266.0,79.0,26.6,42.5,1.4568,0
2.5,12.9,323.0,87.0,26.3,43.7,1.4718,0
2.7,15.1,352.0,94.0,25.6,46.2,1.4903,0
3.2,16.3,372.0,107.0,25.1,47.6,1.4983,1
3.7,20.5,383.0,107.0,23.8,51.4,1.4956,1
4.6,24.4,455.0,117.0,23.3,53.1,1.496,1
3.3,18.7,355.0,97.0,22.4,55.2,1.4735,1
2.4,12.7,267.0,90.0,21.7,57.7,1.4766,0
2.8,15.6,308.0,86.0,20.5,63.0,1.5043,0
2.7,14.2,313.0,77.0,19.5,67.6,1.5156,0
1.8,9.9,216.0,66.0,18.7,69.0,1.4727,0
1.1,6.3,137.0,57.0,19.3,65.5,1.45,0
1.2,5.2,140.0,55.0,17.6,70.8,1.4105,0
0.8,4.2,117.0,47.5,16.8,72.9,1.3851,0
0.6,2.9,94.0,40.0,17.8,68.1,1.3722,0
0.5,2.6,79.0,40.0,16.1,73.5,1.3329,0
0.7,4.7,156.0,46.0,15.8,73.5,1.3151,0
0.8,5.1,153.0,53.0,17.0,68.0,1.3102,0
3.5,22.2,464.0,84.0,16.0,72.2,1.3077,1
3.6,23.3,435.0,88.0,17.8,65.4,1.3213,1
4.166666666666667,26.3,683.0,143.0,20.6,56.0,1.3467,1
4.733333333333333,19.7,523.0,130.0,23.6,48.0,1.3757,1
5.3,17.4,460.0,120.0,23.7,49.8,1.4433,1
5.866666666666667,20.2,417.0,139.0,24.7,47.4,1.4527,1
6.433333333333334,24.4,486.0,139.0,25.9,42.8,1.4122,1
7.0,24.5,512.0,156.0,26.8,43.3,1.4977,1
7.566666666666666,24.8,595.0,143.0,26.6,45.5,1.5555,1
8.133333333333333,45.9,1052.0,186.0,24.8,53.9,1.6683,1
8.7,47.5,1014.0,171.0,23.1,61.1,1.7082,1
5.8,33.0,633.0,124.0,22.2,63.7,1.6865,1
4.3,27.2,485.0,97.0,21.1,66.1,1.6313,1
3.6,21.8,480.0,92.0,20.0,69.0,1.5956,1
3.9,21.3,572.0,96.0,19.1,72.0,1.5732,1
2.4,13.3,345.0,74.0,18.8,70.6,1.5209,0
1.6,8.8,195.0,65.0,18.5,69.5,1.4657,0
1.8,9.2,213.0,62.0,18.4,68.5,1.439,0
1.5,7.6,216.0,59.0,16.8,73.3,1.3915,0
0.7,3.6,144.5,50.0,17.9,66.8,1.3596,0
0.5,2.8,73.0,41.0,16.5,71.0,1.3239,0
0.4,2.2,67.0,38.0,16.9,67.9,1.295,0
0.5,3.4,96.0,43.0,16.1,69.3,1.2591,0
0.8,5.7,162.0,52.0,16.1,69.6,1.2593,0
2.0,16.3,305.0,75.0,16.2,70.1,1.2837,0
6.2,37.9,725.0,118.0,16.5,69.3,1.2897,1
4.5,25.5,658.0,126.0,19.6,58.3,1.3141,1
4.6,24.2,710.0,151.0,20.7,55.5,1.3414,1
3.3,20.9,445.0,107.0,20.8,56.3,1.3664,1
3.6,22.1,455.0,114.0,21.7,53.1,1.3649,1
4.4,25.0,524.0,125.0,23.0,49.0,1.362,1
4.3,26.4,527.0,138.0,24.2,44.0,1.3078,1
5.0,29.8,601.0,144.0,24.7,43.6,1.3396,1
8.1,45.0,1001.0,180.0,23.0,54.2,1.5066,1
8.0,42.8,852.0,154.0,21.4,60.9,1.5322,1
3.6,22.4,370.0,105.0,20.3,61.4,1.4417,1
2.9,15.9,348.0,98.0,20.0,63.2,1.4581,1
2.7,14.3,361.0,93.0,19.1,64.4,1.405,0
1.9,10.7,255.0,76.0,18.1,67.5,1.3855,0
1.3,7.6,162.0,69.0,17.8,66.9,1.3464,0
1.2,6.7,166.0,66.0,17.6,66.5,1.3249,0
1.8,9.0,247.0,76.0,16.1,71.2,1.2948,0
1.9,9.0,255.0,73.0,15.5,73.3,1.2845,0
1.5,7.0,192.0,63.5,15.4,72.8,1.2633,0
0.9,4.3,129.0,54.0,15.6,70.8,1.2461,0
0.5,2.8,83.0,44.0,17.0,64.5,1.2374,0
0.6,3.7,114.0,45.0,14.9,72.3,1.2186,0
1.1,6.3,233.0,58.0,14.0,76.6,1.2183,0
2.8,14.5,448.0,87.0,14.6,74.2,1.2256,1
2.9,16.4,455.0,97.0,15.9,69.8,1.253,1
1.7,10.9,254.0,80.0,18.4,61.3,1.2854,0
2.3,14.1,313.0,82.0,20.0,56.7,1.3078,0
3.3,17.1,490.0,112.0,20.4,57.0,1.3507,1
3.5,19.4,496.0,121.0,20.7,59.3,1.4283,1
3.8,20.9,514.0,132.0,21.7,54.8,1.4024,1
3.4,17.7,454.0,141.0,22.0,54.2,1.4096,1
3.8,19.8,507.0,130.0,21.4,57.1,1.4356,1
3.6,19.5,474.0,113.0,20.8,58.7,1.4259,1
3.5,17.0,404.0,101.0,20.1,59.6,1.3852,1
2.8,14.6,356.0,91.0,20.0,58.4,1.3473,0
2.5,12.0,345.0,90.0,19.5,58.9,1.3195,0
3.1,13.3,395.0,90.0,19.5,57.4,1.2874,1
1.8,7.9,249.0,83.0,19.1,59.2,1.295,0
1.6,7.9,197.0,73.0,18.8,59.1,1.2702,0
1.9,7.5,224.0,80.0,18.0,60.4,1.2331,0
2.0,8.4,231.0,87.0,17.5,60.7,1.2009,0
1.4,6.9,177.0,79.0,17.5,59.4,1.1768,0
1.2,4.6,137.5,67.5,17.1,59.2,1.1477,0
0.95,3.8,98.0,56.0,17.0,52.3,1.0009,0
0.7,2.1,64.0,42.0,16.1,49.8,0.9021,0
0.4,1.5,44.0,31.0,15.5,51.5,0.9026,0
0.4,1.2,53.0,35.0,15.1,52.0,0.8878,0
0.5,1.6,94.0,51.0,14.9,46.8,0.7885,0
0.7,1.9,100.0,58.0,15.5,42.4,0.74,0
0.7,2.0,98.0,57.0,16.6,38.2,0.7186,0
0.7,2.7,115.0,63.0,18.0,34.7,0.7089,0
1.0,3.6,115.0,61.0,18.0,35.1,0.7176,0
1.0,3.7,76.0,34.0,17.6,33.8,0.6726,0
0.9,3.9,55.0,26.0,17.5,33.7,0.6691,0
0.9,3.8,59.0,28.0,17.2,33.9,0.6591,0
0.9,3.4,95.0,50.0,16.8,32.1,0.6073,0
1.1,4.0,107.0,55.0,16.0,34.1,0.6155,0
3.2,14.3,189.0,84.0,14.8,37.5,0.6259,0
3.1,10.5,386.0,140.0,14.4,39.2,0.6407,1
3.1,12.2,412.0,138.0,14.1,43.0,0.6883,1
2.3,11.4,342.0,127.0,13.4,48.4,0.7397,0
1.8,7.3,255.0,117.0,12.7,51.2,0.7505,0
0.8,2.4,89.0,57.0,9.9,71.4,0.8736,0
0.9,2.7,106.0,59.0,10.2,71.6,0.8893,0
0.8,2.5,109.0,62.0,10.6,61.3,0.7856,0
0.7,1.7,67.0,42.0,11.1,55.6,0.7344,0
0.4,0.5,40.0,27.5,11.5,50.4,0.6815,0
0.2,0.3,13.0,13.0,11.3,49.5,0.6615,0
0.2,0.4,20.0,18.0,10.8,50.9,0.657,0
0.3,0.6,33.0,26.0,10.9,50.1,0.6519,0
0.7,2.1,146.0,72.0,10.8,49.7,0.6429,0
1.7,7.4,359.0,131.0,10.7,50.4,0.6467,0
1.8,5.9,322.0,133.0,10.9,50.0,0.6531,0
1.5,4.8,293.0,116.0,12.1,46.5,0.653,0
1.3,4.5,255.0,117.0,12.4,44.1,0.6324,0
1.2,5.1,233.0,103.0,13.0,40.1,0.5989,0
1.3,6.0,220.0,100.0,13.4,36.3,0.5556,0
1.8,10.0,246.0,105.0,13.1,38.5,0.5776,0
1.7,7.8,272.0,121.0,11.5,46.4,0.6302,0
2.2,11.2,358.0,132.0,13.1,40.4,0.606,0
3.2,17.0,514.0,156.0,13.0,39.3,0.5877,1
5.9,31.0,742.0,183.0,11.3,50.9,0.679,1
6.6,28.9,721.1176470588235,178.47058823529412,10.6,53.4,0.6818,1
6.375,23.1,700.2352941176471,173.94117647058823,9.5,57.9,0.6877,1
6.15,13.7,679.3529411764706,169.41176470588235,8.6,60.5,0.6788,1
5.925,8.0,658.4705882352941,164.88235294117646,8.5,59.7,0.6649,1
5.699999999999999,7.4,637.5882352941177,160.35294117647058,7.9,61.4,0.6582,1
5.475,4.9,616.7058823529412,155.8235294117647,7.1,63.6,0.6442,1
5.25,3.7,595.8235294117646,151.29411764705884,7.2,62.2,0.6362,1
5.025,2.9,574.9411764705883,146.76470588235293,5.6,67.9,0.6247,1
4.8,1.9,554.0588235294117,142.23529411764707,5.1,68.7,0.6077,1
4.574999999999999,1.4,533.1764705882354,137.70588235294116,4.4,71.4,0.6024,1
4.35,1.9,512.2941176470588,133.1764705882353,4.1,73.1,0.6074,1
4.125,3.2,491.4117647058823,128.64705882352942,3.2,76.8,0.5963,1
3.9,7.4,470.52941176470586,124.11764705882354,3.7,76.2,0.6137,1
3.675,22.4,449.6470588235294,119.58823529411764,4.9,70.7,0.6193,1
3.45,22.8,428.7647058823529,115.05882352941175,7.1,62.0,0.6265,1
3.225,18.5,407.88235294117646,110.52941176470588,8.1,59.1,0.6397,1
3.0,20.4,387.0,106.0,11.1,48.8,0.643,1
2.7749999999999995,10.6,366.11764705882354,101.47058823529412,11.3,46.5,0.6194,0
2.55,11.8,345.2352941176471,96.94117647058825,12.5,42.3,0.6104,0
2.3249999999999997,14.8,324.3529411764706,92.41176470588236,12.5,42.8,0.6177,0
2.1,13.1,303.4705882352941,87.88235294117648,12.6,42.4,0.6159,0
1.5,7.5,282.5882352941176,83.3529411764706,13.8,40.7,0.6405,0
1.6,8.1,261.7058823529412,78.82352941176471,11.0,58.8,0.7705,0
3.5,16.9,240.8235294117647,74.29411764705883,8.3,76.5,0.8426,1
4.6,19.9,219.94117647058815,69.76470588235294,8.6,75.5,0.8469,1
4.7,16.5,199.0588235294117,65.23529411764706,8.8,76.6,0.8678,1
3.0,9.6,178.17647058823525,60.70588235294117,8.0,81.0,0.8714,0
1.5,5.3,157.29411764705878,56.1764705882353,7.3,85.7,0.8818,0
0.9,3.5,136.41176470588232,51.64705882352942,6.5,85.6,0.8353,0
0.8,2.5,115.52941176470586,47.117647058823536,6.5,83.5,0.8116,0
0.7,2.5,94.6470588235294,42.58823529411765,6.9,82.3,0.8244,0
0.6,2.2,73.76470588235293,38.05882352941177,7.3,78.1,0.8041,0
0.3,0.8,52.882352941176464,33.529411764705884,7.9,68.0,0.7265,0
0.2,0.5,32.0,29.0,8.0,64.5,0.695,0
0.2,0.5,29.0,26.0,8.1,68.6,0.7409,0
0.3,0.9,48.0,39.0,6.3,84.8,0.8148,0
0.5,1.6,113.0,72.0,6.7,79.8,0.7872,0
1.4,5.8,267.0,128.0,7.1,77.9,0.7914,0
2.0,9.5,332.0,149.0,7.9,73.5,0.7883,1
1.6,6.7,354.0,165.0,6.9,86.0,0.8632,1
1.3,4.4,316.0,150.0,6.8,87.1,0.8652,0
1.4,6.8,395.0,165.0,8.0,81.6,0.8755,1
1.9,7.8,391.0,175.0,9.5,70.0,0.8296,1
2.7,10.8,457.0,145.0,10.5,62.2,0.7923,1
2.1,9.8,448.0,98.0,11.4,59.1,0.7963,0
2.4,11.3,543.0,105.0,11.1,58.6,0.7737,1
2.7,12.3,574.0,106.0,10.8,57.6,0.7473,1
2.5,12.6,435.0,141.0,10.6,56.9,0.7281,1
3.7,17.0,504.0,177.0,10.6,59.3,0.7588,1
4.6,21.4,586.0,182.0,10.0,71.5,0.8768,1
3.9,15.3,580.0,193.0,10.3,71.1,0.8878,1
2.2,9.9,346.0,148.0,10.5,70.3,0.893,1
2.7,13.4,531.0,167.0,10.2,71.3,0.8859,1
2.6,11.2,477.0,158.0,9.7,73.1,0.8787,1
2.1,9.4,344.0,132.0,9.3,73.5,0.8651,0
1.4,6.6,219.0,97.0,9.2,73.9,0.8616,0
1.2,5.5,196.5,85.5,8.1,78.1,0.8452,0
1.1,5.4,174.0,74.0,7.6,81.2,0.8483,0
1.1,5.3,165.0,68.0,7.5,81.5,0.8495,0
1.1,6.1,250.0,89.0,8.3,77.2,0.8464,0
1.5,8.1,388.0,117.0,8.9,75.6,0.8667,0
3.1,17.3,758.0,190.0,9.2,81.7,0.9506,1
6.8,32.3,1247.0,211.0,9.9,83.4,1.0194,1
5.4,24.1,1110.0,190.0,10.2,82.3,1.0253,1
4.5,21.0,1145.0,194.0,11.2,80.7,1.0688,1
3.0,12.7,720.0,210.0,11.8,76.1,1.0516,1
2.8,13.6,557.0,199.0,12.5,71.3,1.0285,1
3.9,18.0,678.0,178.0,13.2,68.4,1.0346,1
3.4,14.3,659.0,184.0,12.5,73.2,1.0563,1
3.2,13.7,552.0,186.0,12.2,75.7,1.0693,1
2.8,11.2,395.0,168.0,11.5,78.1,1.0565,1
3.9,16.5,573.0,187.0,11.6,76.0,1.0354,1
3.5,16.1,463.0,166.0,12.0,73.3,1.0264,1
4.7,20.6,568.0,177.0,12.9,68.8,1.0175,1
4.6,16.8,706.0,207.0,13.1,69.6,1.0464,1
1.2,4.8,193.0,114.0,12.3,73.4,1.049,0
1.1,4.0,151.0,84.0,12.7,71.0,1.0387,0
1.2,4.5,167.0,92.0,12.9,69.9,1.0371,0
1.6,5.4,239.0,111.0,12.9,70.5,1.0442,0
0.7,2.4,102.0,71.0,13.1,67.7,1.0198,0
0.4,1.2,78.5,57.0,13.1,67.6,1.0127,0
0.5,1.6,55.0,43.0,13.8,64.0,1.0042,0
0.6,1.7,71.0,50.0,13.7,64.4,1.0036,0
0.5,1.7,79.0,53.0,13.9,63.8,1.0079,0
0.6,2.3,117.0,67.0,14.1,64.5,1.0287,0
1.4,5.7,266.0,113.0,14.0,66.1,1.0488,0
2.0,7.9,340.0,140.0,14.2,66.4,1.0673,0
1.6,6.4,257.0,116.0,14.9,62.5,1.0529,0
1.6,6.9,311.0,122.0,16.3,58.4,1.0729,0
1.7,6.7,279.0,116.0,16.9,56.5,1.0801,0
2.0,8.7,267.0,118.0,17.4,55.8,1.098,0
2.3,9.9,310.0,125.0,17.4,57.3,1.1328,0
2.4,11.4,352.0,126.0,17.7,55.5,1.1127,0
2.2,9.8,337.0,135.0,16.8,58.9,1.1199,0
2.6,12.9,358.0,140.0,17.0,57.5,1.1071,1
4.0,16.6,547.0,163.0,16.2,60.2,1.1003,1
5.2,20.8,600.0,178.0,16.7,58.0,1.0916,1
3.9,18.8,470.0,160.0,16.5,58.8,1.0921,1
3.8,12.6,522.0,166.0,15.8,61.1,1.0856,1
1.6,5.9,208.0,115.0,15.7,60.8,1.0769,0
1.5,6.1,205.0,107.0,15.9,59.6,1.0673,0
1.6,5.0,217.0,108.0,15.6,60.0,1.0594,0
1.5,4.9,216.0,111.0,15.6,60.1,1.0557,0
1.0,2.7,117.0,75.0,15.7,59.5,1.0534,0
0.8,2.7,145.5,81.5,15.7,60.1,1.064,0
1.3,5.0,174.0,88.0,15.6,61.7,1.0847,0
1.0,3.7,111.0,71.0,15.8,59.9,1.0693,0
1.0,3.8,147.0,75.0,15.2,61.8,1.0602,0
0.9,3.3,140.0,86.0,16.1,55.4,1.0089,0
2.1,9.7,421.0,124.0,14.9,64.1,1.0773,0
2.1,10.7,350.0,128.0,15.6,62.0,1.0904,0
3.1,14.7,550.0,164.0,17.9,54.6,1.11,1
3.8,17.6,589.0,199.0,21.1,44.5,1.0964,1
3.7,17.5,537.0,192.0,20.3,46.7,1.0971,1
3.6,14.1,473.0,166.0,21.5,42.7,1.0837,1
3.3,12.1,364.0,133.0,21.5,43.1,1.0919,1
2.1,9.2,270.0,118.0,21.5,43.4,1.0965,0
2.3,10.6,368.0,133.0,20.8,45.5,1.1054,0
2.1,9.0,318.0,128.0,19.2,49.6,1.0893,0
1.9,7.5,244.0,116.0,18.3,51.6,1.0732,0
1.9,8.0,234.0,118.0,17.7,51.5,1.0357,0
2.3,9.1,296.0,142.0,17.2,51.5,1.0015,0
1.7,4.7,205.0,113.0,15.9,54.9,0.9853,0
0.8,1.8,95.0,59.0,14.0,55.2,0.8807,0
0.8,2.1,93.0,52.0,13.3,53.0,0.8044,0
0.8,1.8,100.0,57.0,11.9,55.5,0.7711,0
0.8,1.8,100.0,58.0,11.4,54.6,0.7363,0
0.6,1.0,63.0,44.0,10.4,53.7,0.6749,0
0.4,0.8,49.5,35.0,9.9,54.3,0.6609,0
0.3,0.7,36.0,26.0,9.8,51.3,0.6225,0
0.3,0.4,24.0,20.0,9.5,52.2,0.6198,0
0.2,0.2,20.0,17.0,10.0,45.7,0.5598,0
0.2,0.2,25.0,21.0,10.2,41.9,0.5209,0
0.3,0.3,39.0,29.0,10.6,36.1,0.4624,0
0.3,0.4,57.0,39.0,10.7,36.0,0.4623,0
0.4,0.5,59.0,41.0,10.8,35.4,0.4583,0
0.4,0.6,65.0,44.0,11.4,32.9,0.4435,0
0.6,1.1,93.0,54.0,12.4,32.0,0.4583,0
0.6,1.2,112.0,62.0,12.4,31.3,0.45,0
0.6,1.4,110.0,62.0,12.2,31.8,0.4514,0
0.5,1.1,81.0,48.0,10.5,37.9,0.4821,0
0.6,1.3,100.0,59.0,9.6,44.2,0.5289,0
0.7,1.8,109.0,63.0,8.2,57.9,0.6293,0
1.4,4.7,148.0,78.0,7.3,63.5,0.6519,0
1.2,3.0,207.0,99.0,8.4,55.7,0.6155,0
1.1,3.0,210.0,106.0,9.1,49.6,0.5765,0
1.0,2.8,180.0,97.0,10.0,41.4,0.5102,0
0.6,1.6,109.0,67.0,10.4,36.2,0.4561,0
0.8,2.3,128.0,73.0,11.3,32.3,0.4329,0
0.6,1.3,96.0,62.0,10.9,33.5,0.4378,0
0.5,1.1,65.0,44.0,10.6,34.9,0.4455,0
0.3,0.6,42.0,31.0,10.7,36.1,0.4639,0
0.2,0.4,33.0,26.0,11.0,37.3,0.488,0
0.25,0.4,24.0,21.0,10.7,39.2,0.5045,0
0.3,0.4,28.0,22.0,10.4,38.6,0.4862,0
0.4,0.8,55.0,41.0,10.4,37.4,0.4717,0
0.7,2.0,181.0,94.0,10.5,37.0,0.4707,0
2.0,8.7,480.0,167.0,10.7,37.9,0.487,1
2.4,8.6,442.0,162.0,11.1,38.1,0.5023,1
1.8,6.8,361.0,141.0,12.6,36.6,0.5314,0
1.6,6.2,288.0,127.0,13.8,36.2,0.569,0
1.7,6.4,330.0,116.0,13.4,37.1,0.5683,0
1.8,6.7,300.0,104.0,13.5,34.9,0.5393,0
1.7,6.2,239.0,111.0,13.7,32.2,0.5032,0
1.7,6.7,265.0,114.0,13.6,32.1,0.4977,0
1.7,7.8,287.0,121.0,13.5,31.8,0.4876,0
2.6,11.5,403.0,164.0,13.5,27.9,0.4287,1
4.0,16.7,515.0,194.0,12.7,28.9,0.4233,1
3.8,16.6,446.0,175.0,12.6,30.2,0.4384,1
4.0,16.3,501.0,180.0,12.3,32.0,0.4553,1
2.4,8.6,355.0,147.0,12.0,34.3,0.4787,1
1.4,5.4,217.0,112.0,11.6,37.3,0.5095,0
1.3,4.0,180.0,94.0,11.3,40.3,0.5406,0
1.3,3.9,167.0,91.0,11.3,41.8,0.561,0
1.0,2.8,126.0,76.0,11.2,42.0,0.5582,0
0.8,2.2,113.0,73.0,11.0,42.6,0.5595,0
0.6,0.9,75.0,52.5,11.2,41.3,0.5498,0
0.4,0.7,37.0,32.0,11.1,40.8,0.5395,0
0.5,0.7,50.0,40.0,10.7,41.8,0.536,0
0.5,1.2,96.0,63.0,10.2,43.6,0.5405,0
0.9,3.3,271.0,119.0,10.1,44.0,0.5434,0
3.5,16.6,892.0,202.0,10.1,45.6,0.5632,1
5.2,26.3,1071.0,222.0,11.3,43.9,0.5867,1
4.3,16.4,839.0,212.0,14.5,33.8,0.5541,1
3.5,15.5,713.0,219.0,17.5,26.4,0.5228,1
2.6,10.7,498.0,189.0,17.2,22.4,0.4354,1
2.5,11.1,389.0,147.0,17.3,20.4,0.4011,1
2.8,11.7,457.0,161.0,18.1,21.0,0.4321,1
2.2,10.9,425.0,148.0,17.9,22.3,0.4537,1
2.4,11.4,483.0,148.0,17.6,23.7,0.473,1
3.5,16.3,604.0,188.0,16.7,25.9,0.4886,1
4.2,18.5,648.0,206.0,14.8,29.6,0.4965,1
3.1,14.5,427.0,168.0,13.6,34.0,0.5251,1
3.2,15.8,461.0,171.0,13.4,40.4,0.6178,1
2.8,13.2,436.0,171.0,11.8,44.3,0.6121,1
2.2,7.8,300.0,142.0,10.7,47.5,0.6108,0
1.8,6.1,277.0,134.0,10.2,49.4,0.6138,0
1.7,5.0,196.0,107.0,9.5,51.0,0.6045,0
1.6,5.3,277.0,121.0,7.7,57.9,0.6107,0
1.1,2.9,131.0,85.0,8.4,54.5,0.6022,0
0.8,1.9,114.0,76.5,7.9,55.4,0.593,0
0.7,1.2,97.0,68.0,6.2,61.0,0.5824,0
0.8,1.6,105.0,69.0,6.8,58.6,0.5813,0
0.9,2.0,138.0,81.0,5.7,62.7,0.5801,0
1.2,4.0,183.0,92.0,5.9,62.0,0.5811,0
3.3,15.4,664.0,200.0,6.3,61.7,0.5926,1
3.8,19.0,611.0,201.0,7.5,58.8,0.6117,1
3.2,14.6,600.0,213.0,11.4,45.4,0.6113,1
3.2,16.0,739.0,200.0,14.1,39.2,0.6278,1
3.2,14.4,878.0,187.0,13.3,42.3,0.6448,1
4.2,19.0,905.0,205.0,14.7,38.9,0.6462,1
4.3,20.3,808.0,212.0,16.5,32.9,0.6127,1
4.0,19.5,858.0,198.0,17.4,32.7,0.6422,1
4.1,21.0,839.0,171.0,17.3,33.9,0.6627,1
7.8,35.9,1290.0,272.0,16.0,41.5,0.7483,1
10.2,47.7,748.0,192.0,13.7,52.8,0.8244,1
6.6,30.1,1148.0,288.0,13.0,55.1,0.824,1
4.3,22.0,729.0,254.0,12.4,56.8,0.8141,1
4.9,19.0,810.0,267.0,10.7,62.1,0.7972,1
2.6,9.2,427.0,198.0,10.5,61.1,0.7755,1
2.3,7.1,274.0,145.0,9.7,62.5,0.7509,0
2.7,8.2,387.0,167.0,8.8,65.5,0.7435,1
2.2,5.1,235.0,127.0,8.8,63.8,0.7236,0
2.0,5.6,225.0,119.0,8.5,65.0,0.7221,0
1.3,3.5,205.0,101.5,7.5,69.3,0.7201,0
1.2,3.8,185.0,84.0,6.4,74.0,0.7134,0
1.1,3.6,212.0,89.0,5.9,76.6,0.7179,0
1.4,6.6,358.0,122.0,6.1,76.7,0.7271,0
2.1,9.9,531.0,162.0,6.8,74.5,0.7415,1
4.5,21.5,992.0,225.0,7.7,72.5,0.7666,1
5.6,27.8,1132.0,249.0,8.9,67.4,0.7714,1
5.6,22.9,1195.0,282.0,11.4,58.3,0.7868,1
4.7,20.2,1120.0,278.0,13.4,52.8,0.8086,1
4.2,19.7,870.0,251.0,15.8,50.1,0.892,1
3.6,13.8,570.0,208.0,18.3,50.0,1.0431,1
3.2,15.3,384.0,187.0,18.8,49.2,1.0548,1
3.1,15.9,381.0,182.0,18.4,49.6,1.0391,1
3.8,17.4,541.0,212.0,18.3,51.0,1.0586,1
3.9,17.6,484.0,174.0,17.6,53.1,1.0596,1
4.6,20.4,549.0,220.0,17.3,53.6,1.0472,1
4.9,22.6,596.0,214.0,16.8,55.2,1.048,1
5.4,25.1,620.0,212.0,16.6,56.5,1.0551,1
4.3,17.2,542.0,191.0,16.3,58.1,1.0648,1
3.1,11.7,381.0,160.0,15.9,59.0,1.059,1
2.5,9.2,270.0,130.0,15.9,59.4,1.0628,0
2.4,7.7,284.0,133.0,15.7,60.9,1.0774,0
1.9,5.6,204.0,110.0,16.1,59.5,1.0811,0
1.3,3.3,93.0,65.0,15.5,63.8,1.1119,0
1.2,2.3,72.0,53.0,14.9,65.3,1.1018,0
1.1,2.1,51.0,41.0,14.7,64.4,1.0704,0
0.9,1.3,45.0,36.0,14.7,59.8,0.9968,0
1.0,1.6,68.0,45.0,15.4,55.9,0.9722,0
1.6,5.3,198.0,98.0,14.5,63.0,1.0319,0
4.8,20.5,633.0,194.0,14.7,63.1,1.0513,1
5.9,22.7,548.0,191.0,15.2,62.2,1.0641,1
5.6,16.7,588.0,193.0,16.1,59.2,1.0736,1
3.5,13.8,612.0,231.0,17.0,55.9,1.0741,1
2.8,11.8,428.0,202.0,17.6,52.2,1.0396,1
3.6,15.2,463.0,188.0,17.3,55.4,1.0836,1
4.8,17.9,479.0,184.0,17.8,53.5,1.0833,1
5.0,14.8,469.0,222.0,18.3,52.3,1.0922,1
5.6,18.3,583.0,221.0,18.3,52.8,1.1016,1
7.5,24.4,760.0,193.0,17.7,56.6,1.133,1
7.2,25.0,691.0,187.0,17.3,58.2,1.1435,1
8.3,29.8,832.0,188.0,16.2,62.6,1.1455,1
8.6,27.9,881.0,185.0,15.2,57.5,0.9829,1
4.3,6.5,390.0,146.0,14.2,27.7,0.4451,1
2.6,3.6,207.0,120.0,13.4,14.3,0.2185,0
2.6,4.0,204.0,110.0,12.8,14.8,0.218,0
2.7,3.6,243.0,121.0,12.2,14.0,0.1988,0
2.7,4.0,264.0,126.0,12.0,14.5,0.2029,0
2.6,3.5,215.0,117.0,10.8,17.0,0.2193,0
2.4,2.4,180.5,105.5,10.4,19.2,0.242,0
1.5,2.3,146.0,94.0,9.7,22.5,0.2698,0
0.6,1.5,92.0,70.0,9.0,23.1,0.2648,0
0.7,2.8,174.0,96.0,8.7,24.7,0.2785,0
1.2,6.0,294.0,136.0,6.9,39.4,0.3948,0
2.0,11.1,412.0,177.0,6.3,44.8,0.431,1
2.8,15.3,573.0,214.0,7.2,43.2,0.4417,1
2.9,17.1,661.0,243.0,11.9,27.9,0.3882,1
2.2,10.3,555.0,192.0,14.8,17.9,0.2977,1
1.6,8.5,363.0,149.0,14.8,14.3,0.2397,0
1.5,10.4,302.0,141.0,14.7,15.5,0.2586,0
1.9,10.9,340.0,137.0,14.7,16.6,0.2756,0
1.5,10.6,306.0,138.0,14.8,15.6,0.2615,0
1.8,11.1,377.0,149.0,15.3,14.3,0.2462,0
3.4,21.1,625.0,196.0,13.5,19.5,0.3003,1
4.6,22.3,870.0,239.0,11.1,31.8,0.4187,1
1.6,10.6,421.0,164.0,10.2,33.4,0.4143,1
1.2,8.4,294.0,149.0,9.5,35.9,0.4273,0
1.2,7.6,339.0,159.0,8.0,39.8,0.4286,0
0.9,7.1,260.0,149.0,6.6,44.1,0.4333,0
0.7,7.2,256.0,133.0,6.1,45.2,0.4295,0
2.5,13.9,572.0,216.0,5.2,50.8,0.452,1
1.5,9.7,428.0,196.0,4.9,53.0,0.4629,1
0.5,4.9,195.0,120.0,5.3,48.7,0.4364,0
0.3,5.1,177.5,110.5,4.2,53.6,0.4454,0
0.5,5.6,160.0,101.0,3.1,56.3,0.4368,0
0.1,2.8,101.0,75.0,4.1,52.2,0.4338,0
0.2,2.7,97.0,73.0,3.5,55.9,0.4431,0
0.2,3.6,127.0,84.0,1.8,61.7,0.4376,0
0.2,4.9,227.0,116.0,1.3,65.3,0.4457,0
0.5,5.6,253.0,132.0,3.2,57.0,0.4434,0
0.4,6.4,234.0,125.0,7.2,42.8,0.4356,0
0.8,6.8,291.0,148.0,10.3,34.2,0.4291,0
1.5,10.1,402.0,186.0,10.9,33.8,0.4393,1
1.9,11.2,492.0,193.0,12.2,30.0,0.4245,1
1.1,8.7,351.0,174.0,13.3,24.3,0.3686,0
0.3,5.0,160.0,106.0,15.2,18.7,0.3214,0
0.9,8.2,292.0,127.0,14.9,21.7,0.3646,0
2.1,12.7,537.0,172.0,13.1,25.4,0.3814,1
2.4,10.9,607.0,179.0,11.7,32.7,0.4472,1
1.6,7.4,308.0,150.0,10.1,34.4,0.4249,0
1.1,6.3,277.0,147.0,9.8,36.0,0.4364,0
1.3,7.7,348.0,163.0,7.1,43.2,0.436,0
0.8,7.2,267.0,145.0,5.9,47.8,0.4459,0
1.0,7.0,399.0,186.0,5.3,50.5,0.453,1
0.3,5.0,163.0,116.0,5.6,48.0,0.4412,0
1.0,8.2,297.0,145.0,3.9,55.9,0.4568,0
0.4,5.0,212.0,122.0,3.3,58.0,0.4551,0
0.1,3.5,146.5,95.0,3.7,56.3,0.4544,0
0.1,2.0,81.0,68.0,4.2,54.8,0.4571,0
0.1,2.3,116.0,80.0,2.6,60.8,0.4544,0
0.1,4.2,201.0,108.0,3.7,57.9,0.4651,0
0.4,6.8,333.0,149.0,4.5,54.8,0.466,0
2.4,16.2,733.0,232.0,4.9,55.8,0.4882,1
3.1,50.7,846.0,215.0,5.4,55.1,0.497,1
3.1,63.7,801.0,218.0,6.2,51.8,0.4952,1
2.7,25.4,884.0,239.0,6.8,49.8,0.4959,1
2.3,20.1,784.0,224.0,7.3,50.6,0.5184,1
3.0,23.5,896.0,235.0,7.8,49.0,0.5191,1
3.6,25.2,953.0,237.0,8.0,49.2,0.5282,1
3.1,21.8,980.0,239.0,8.3,49.3,0.5414,1
3.5,22.8,1058.0,235.0,8.5,49.6,0.5517,1
4.0,25.4,1080.0,199.0,8.5,52.6,0.5856,1
6.3,38.3,1301.0,240.0,8.9,53.4,0.6117,1
6.9,37.6,1345.0,245.0,9.1,53.8,0.6216,1
6.5,33.9,1218.0,239.0,8.9,54.2,0.6183,1
3.3,22.4,884.0,191.0,8.5,54.2,0.6054,1
2.4,16.9,650.0,164.0,8.5,57.8,0.6432,1
1.7,13.9,444.0,130.0,7.7,71.1,0.7503,1
1.3,11.6,370.0,121.0,7.9,72.5,0.7766,0
1.1,10.8,349.0,118.0,8.0,75.3,0.8079,0
0.8,8.8,287.0,113.0,8.0,76.2,0.8217,0
0.3,6.0,256.5,103.5,7.8,81.3,0.8631,0
0.8,6.1,226.0,94.0,7.9,81.8,0.8759,0
1.3,6.4,238.0,92.0,8.2,81.4,0.888,0
1.4,7.7,316.0,98.0,8.5,81.1,0.8989,0
2.1,10.0,508.0,111.0,8.9,79.3,0.9088,1
4.5,24.0,920.0,139.0,9.5,77.9,0.9278,1
5.7,27.6,980.0,160.0,9.9,77.6,0.9488,1
6.6,31.5,1188.0,183.0,10.7,76.2,0.9798,1
5.0,24.1,1045.0,185.0,11.8,72.2,0.9948,1
5.3,26.5,999.0,198.0,13.3,66.9,1.0163,1
5.4,27.1,955.0,201.0,13.8,67.0,1.0513,1
7.3,33.2,1189.0,233.0,13.9,67.6,1.0666,1
5.1,25.5,933.0,202.0,14.2,66.8,1.073,1
5.3,27.1,898.0,186.0,14.2,67.8,1.0879,1
7.3,35.4,1201.0,215.0,13.6,71.0,1.1018,1
10.2,49.5,1369.0,227.0,13.2,72.6,1.0936,1
11.9,50.6,1389.0,220.0,12.4,74.7,1.0741,1
11.5,49.4,1358.0,190.0,11.5,76.2,1.0324,1
8.3,31.7,1189.0,178.0,10.4,79.3,0.9993,1
4.7,21.8,866.0,147.0,10.0,82.5,1.015,1
4.0,19.8,718.0,138.0,10.0,82.6,1.0163,1
3.9,18.6,715.0,135.0,10.1,83.5,1.0296,1
2.8,13.4,558.0,123.0,10.0,83.6,1.0235,1
2.3,10.1,467.0,106.0,10.4,80.8,1.0191,1
1.8,8.4,381.0,93.5,10.6,80.3,1.0252,0
1.4,5.4,295.0,81.0,10.6,78.8,1.008,0
1.0,3.4,151.0,66.0,10.5,77.8,0.9839,0
1.0,4.1,188.0,64.0,9.8,79.2,0.9567,0
1.8,8.7,380.0,86.0,9.5,80.3,0.9532,0
3.8,18.7,717.0,114.0,9.8,80.5,0.9724,1
4.2,21.0,803.0,115.0,10.3,80.3,1.002,1
3.6,17.7,726.0,110.0,11.1,77.2,1.0175,1
3.3,15.1,558.0,116.0,13.3,68.8,1.0505,1
2.0,8.8,427.0,162.0,15.1,58.3,0.9978,1
2.0,9.7,317.0,104.0,15.6,56.2,0.9876,0
2.9,14.4,436.0,129.0,15.4,59.6,1.0375,1
2.7,14.7,490.0,146.0,14.6,63.7,1.0508,1
3.4,17.4,602.0,160.0,13.7,66.8,1.0432,1
4.5,22.3,732.0,169.0,12.3,72.5,1.0331,1
6.1,30.3,865.0,167.0,10.8,77.2,1.0021,1
6.8,33.3,936.0,166.0,10.2,80.4,1.0003,1
8.4,36.0,1074.0,181.0,10.1,79.3,0.9795,1
5.3,23.9,812.0,144.0,10.0,76.1,0.9329,1
4.5,19.0,773.0,141.0,8.6,82.3,0.9198,1
4.1,16.8,761.0,123.0,7.7,84.3,0.8881,1
4.0,17.5,781.0,121.0,7.1,84.1,0.8557,1
4.0,17.4,743.0,114.0,6.7,83.2,0.819,1
3.0,11.3,533.0,93.0,6.0,83.0,0.78,1
2.1,8.7,494.5,91.0,5.1,84.0,0.7439,0
2.2,9.4,456.0,89.0,4.3,85.4,0.7152,0
2.2,9.4,486.0,94.0,4.0,85.7,0.7041,1
2.0,9.1,498.0,93.0,4.0,84.4,0.6943,0
2.2,10.7,585.0,100.0,4.0,83.1,0.682,1
4.0,21.3,911.0,127.0,4.4,81.3,0.689,1
4.8,22.9,845.0,137.0,6.7,72.6,0.718,1
4.6,20.1,807.0,190.0,10.0,63.4,0.7791,1
2.8,11.8,603.0,171.0,13.6,48.7,0.7547,1
2.1,10.6,391.0,127.0,14.6,46.5,0.7687,0
2.0,11.4,279.0,109.0,15.4,43.0,0.7483,0
2.5,12.8,358.0,126.0,16.4,38.2,0.7081,1
2.5,13.4,403.0,136.0,16.8,37.6,0.7129,1
2.8,14.2,465.0,156.0,16.8,36.7,0.6944,1
4.0,21.8,707.0,187.0,15.4,41.3,0.7151,1
4.5,21.4,660.0,173.0,13.8,48.9,0.7699,1
3.1,15.4,402.0,137.0,13.3,50.9,0.7745,1
2.6,14.5,350.0,122.0,11.5,57.3,0.7786,1
2.6,11.4,355.0,129.0,10.7,59.8,0.7674,1
2.0,7.8,296.0,110.0,10.0,61.8,0.7576,0
1.8,7.6,266.0,102.0,9.9,62.1,0.7566,0
2.5,9.5,373.0,114.0,9.3,64.5,0.7554,0
2.3,9.7,417.0,117.0,9.1,65.7,0.7607,1
2.1,8.1,308.0,98.0,8.9,71.8,0.818,0
1.5,5.9,258.5,88.5,9.1,72.9,0.8429,0
1.35,6.6,209.0,79.0,8.7,77.6,0.8753,0
1.2,4.8,196.0,77.0,9.0,77.3,0.8873,0
1.0,4.6,203.0,75.0,9.1,77.3,0.8944,0
1.7,8.4,393.0,95.0,9.3,76.9,0.9007,0
4.3,23.1,864.0,137.0,10.0,75.0,0.9179,1
5.8,26.6,960.0,149.0,10.6,72.7,0.9272,1
5.6,26.1,1056.0,197.0,12.4,64.8,0.931,1
4.0,16.4,856.0,183.0,13.7,59.9,0.9335,1
4.0,18.9,854.0,179.0,14.9,57.0,0.9564,1
4.9,22.7,854.0,196.0,15.5,56.2,0.9814,1
5.6,27.2,949.0,208.0,15.8,56.3,1.0026,1
5.1,24.1,932.0,203.0,15.8,57.9,1.0292,1
6.2,29.1,1071.0,213.0,15.7,58.9,1.0432,1
7.7,36.0,1134.0,233.0,15.5,61.2,1.067,1
10.1,45.2,1389.0,255.0,15.5,62.8,1.0979,1
6.4,30.7,866.0,170.0,15.6,64.9,1.1396,1
7.7,37.7,947.0,167.0,15.1,67.0,1.1394,1
8.1,31.6,1155.0,205.0,14.6,67.7,1.1164,1
4.7,19.9,798.0,170.0,13.8,67.8,1.0609,1
4.3,18.6,696.0,154.0,13.4,69.0,1.0579,1
4.1,16.9,654.0,143.0,13.0,73.7,1.0957,1
4.2,18.0,685.0,140.0,12.7,77.5,1.1339,1
3.8,14.9,574.0,122.0,12.4,78.4,1.1269,1
2.7,10.2,446.5,112.5,11.9,79.7,1.1075,1
2.4,9.1,319.0,103.0,11.9,80.7,1.1199,0
2.0,7.3,263.0,97.0,13.2,75.8,1.1459,0
1.7,7.6,320.0,99.0,12.3,81.9,1.1674,0
2.1,9.2,439.0,110.0,12.8,80.8,1.1898,0
2.5,11.1,398.0,110.0,13.7,76.3,1.1932,1
3.8,16.3,637.0,121.0,13.4,78.8,1.2104,1
3.9,17.8,699.0,122.0,13.8,77.8,1.2201,1
4.2,16.7,699.0,136.0,15.1,73.2,1.244,1
4.0,17.6,707.0,170.0,15.8,70.5,1.2557,1
4.4,19.4,743.0,156.0,15.4,73.3,1.27,1
4.7,20.1,745.0,158.0,15.6,71.4,1.2596,1
4.6,19.4,741.0,174.0,16.3,68.7,1.2596,1
4.8,20.5,765.0,187.0,16.4,68.2,1.2662,1
4.5,18.7,632.0,147.0,15.6,70.2,1.238,1
5.6,24.5,808.0,136.0,14.2,75.8,1.2202,1
4.9,21.3,703.0,134.0,14.0,74.6,1.1865,1
5.3,23.5,764.0,126.0,13.3,75.8,1.1506,1
4.6,15.5,667.0,130.0,13.7,72.5,1.1326,1
2.4,9.9,355.0,98.0,12.8,73.8,1.0853,0
2.7,10.1,359.0,89.0,11.2,78.3,1.0415,0
2.5,10.3,327.0,88.0,10.6,79.4,1.0133,0
2.3,7.6,289.0,86.0,10.8,77.5,1.0027,0
1.7999999999999998,6.1,213.5,78.0,10.5,78.6,0.9976,0
1.3,4.2,138.0,70.0,10.3,77.6,0.9743,0
1.0,3.1,86.0,55.0,10.3,74.9,0.9362,0
0.9,1.6,60.0,45.0,11.2,69.0,0.9159,0
0.7,1.7,62.0,44.0,8.9,77.1,0.8804,0
0.8,1.5,73.0,50.0,9.5,73.3,0.8719,0
1.0,2.6,157.0,74.0,8.6,77.2,0.8617,0
1.1,2.8,166.0,81.0,8.6,76.6,0.8586,0
0.8,1.9,98.0,65.0,9.7,72.0,0.8649,0
1.4,5.2,153.0,76.0,11.1,68.2,0.8979,0
2.2,6.5,307.0,110.0,11.8,65.0,0.8966,0
2.7,9.4,416.0,124.0,12.1,64.8,0.9135,1
2.3,8.2,346.0,120.0,12.6,63.2,0.9209,0
1.9,6.9,252.0,99.0,13.4,61.9,0.9513,0
2.7,8.6,326.0,117.0,13.3,63.3,0.9597,0
3.2,8.6,490.0,132.0,11.2,70.9,0.9406,1
3.2,10.1,452.0,113.0,9.6,76.5,0.9184,1
3.5,12.6,542.0,117.0,9.9,76.3,0.9296,1
4.5,16.5,605.0,127.0,10.4,74.6,0.9394,1
4.1,13.0,577.0,132.0,10.3,75.1,0.9399,1
3.3,12.1,491.0,121.0,10.4,75.4,0.947,1
3.1,11.4,492.0,122.0,10.5,75.4,0.9566,1
3.0,10.3,412.0,113.0,10.2,78.4,0.9757,1
2.3,8.0,283.0,99.0,9.9,80.5,0.984,0
2.3,8.1,280.0,86.0,9.8,81.4,0.9855,0
1.7,4.9,218.0,76.0,9.5,81.7,0.9693,0
1.5,4.2,156.0,66.0,8.9,83.0,0.9487,0
1.3,4.9,166.0,67.0,8.8,83.7,0.9529,0
1.4,5.7,225.0,78.0,8.7,84.2,0.9526,0
2.0,9.8,325.0,90.0,8.7,83.7,0.9454,0
4.2,20.6,760.0,120.0,9.6,80.8,0.9687,1
5.9,29.5,948.0,139.0,11.3,75.3,1.0048,1
6.3,28.3,1044.0,172.0,13.8,68.5,1.0718,1
6.6,30.5,1172.0,232.0,14.9,64.9,1.0929,1
5.0,23.0,1000.0,168.0,15.3,63.2,1.0898,1
2.5,11.1,366.0,120.0,18.6,49.1,1.0425,0
2.6,12.8,346.0,121.0,18.6,49.3,1.0451,1
1.9,10.8,289.0,117.0,18.4,49.9,1.0453,0
2.3,11.4,316.0,121.0,17.9,51.4,1.0488,0
1.9,8.1,238.0,107.0,18.0,51.9,1.0622,0
2.3,10.0,267.0,115.0,16.7,57.3,1.0813,0
1.8,7.3,182.0,94.0,17.3,57.0,1.1137,0
1.9,7.3,197.0,98.0,16.8,58.7,1.1109,0
1.4,4.6,149.0,87.0,16.5,59.2,1.1021,0
1.2,4.0,124.0,78.0,16.3,59.7,1.0941,0
1.0,3.9,105.0,69.0,16.0,61.6,1.1127,0
1.2,3.6,109.0,67.0,15.6,66.6,1.1763,0
1.4,5.1,169.0,81.0,13.8,80.4,1.2621,0
1.2,4.5,124.0,75.0,13.2,84.4,1.2779,0
0.8,2.0,87.0,58.5,13.6,82.8,1.2845,0
0.6,1.2,50.0,42.0,13.8,81.3,1.2767,0
0.6,1.4,47.0,38.0,13.6,75.5,1.172,0
0.7,1.9,110.0,64.0,11.5,81.4,1.1025,0
1.1,3.6,193.0,86.0,11.8,80.7,1.1181,0
2.5,11.0,475.0,127.0,12.3,78.9,1.1283,1
3.6,17.5,420.0,122.0,13.0,76.0,1.1317,1
3.6,15.9,439.0,141.0,13.7,70.9,1.1076,1
3.3,13.4,461.0,139.0,14.0,70.9,1.1244,1
2.0,8.8,238.0,105.0,14.6,65.9,1.088,0
1.9,9.4,232.0,103.0,14.9,59.9,1.0063,0
2.2,9.7,241.0,108.0,14.9,58.4,0.9839,0
2.2,10.1,278.0,109.0,15.3,54.3,0.9357,0
3.8,20.2,496.0,149.0,14.6,56.6,0.9367,1
3.5,14.2,464.0,143.0,12.6,62.0,0.9027,1
5.2,22.8,600.0,159.0,11.9,62.3,0.8674,1
6.3,28.0,692.0,178.0,11.6,64.3,0.8789,1
6.8,30.3,731.0,168.0,11.5,68.0,0.9207,1
4.1,12.4,491.0,160.0,10.7,73.9,0.9502,1
2.3,8.0,284.0,117.0,9.6,83.0,0.9899,0
1.9,6.5,245.0,113.0,9.6,79.9,0.9579,0
2.2,7.5,273.0,113.0,9.8,79.4,0.9626,0
1.3,3.8,157.0,94.0,10.1,75.3,0.9322,0
1.2,3.8,117.0,76.0,9.1,80.0,0.9299,0
0.9,3.0,120.0,72.0,8.7,82.4,0.9294,0
0.75,2.8,123.0,68.0,8.5,81.7,0.9074,0
0.6,2.5,100.0,63.0,8.3,80.4,0.8861,0
0.9,3.3,135.0,74.0,8.9,79.2,0.9067,0
1.4,7.0,301.0,96.0,8.7,80.8,0.9096,0
3.4,18.1,641.0,121.0,9.0,79.8,0.9203,1
5.0,24.6,849.0,145.0,9.5,78.3,0.9338,1
4.7,19.7,861.0,158.0,10.4,76.0,0.9561,1
3.2,13.0,629.0,143.0,11.0,74.4,0.9736,1
3.5,17.1,737.0,182.0,13.8,63.6,0.9959,1
4.0,19.3,712.0,163.0,13.6,65.6,1.0167,1
5.7,28.4,933.0,178.0,13.7,66.5,1.038,1
5.0,22.9,836.0,162.0,13.0,73.0,1.086,1
5.6,25.7,987.0,171.0,12.7,77.1,1.1251,1
6.2,26.8,985.0,174.0,12.3,79.7,1.1342,1
7.5,29.2,1040.0,185.0,12.3,78.8,1.1279,1
3.0,11.9,401.0,126.0,12.5,72.6,1.0489,1
2.6,10.1,279.0,113.0,11.8,76.1,1.0544,0
2.1,7.2,280.0,111.0,11.3,79.9,1.0697,0
1.8,7.1,280.0,107.0,11.1,84.3,1.1137,0
2.0,7.5,327.0,107.0,11.3,83.1,1.1089,0
2.2,8.1,316.0,102.0,11.6,81.0,1.1082,0
1.9,5.5,223.0,96.0,11.7,77.8,1.0689,0
1.6,5.7,180.0,86.0,11.7,78.6,1.0813,0
1.1,3.8,155.5,78.0,11.9,78.2,1.0856,0
0.9,2.9,131.0,70.0,12.0,77.4,1.0825,0
0.7,2.4,101.0,59.0,12.0,78.0,1.094,0
0.9,4.0,189.0,74.0,12.4,75.3,1.0813,0
1.4,7.2,336.0,89.0,12.5,76.4,1.1021,0
4.2,21.6,804.0,131.0,12.9,73.8,1.0937,1
5.0,27.9,860.0,139.0,13.3,70.7,1.0749,1
4.4,19.2,745.0,145.0,14.3,66.1,1.0711,1
3.4,16.4,685.0,137.0,15.4,63.9,1.1071,1
2.8,14.8,639.0,128.0,15.9,62.7,1.1273,1
3.4,16.8,668.0,128.0,16.4,61.9,1.1465,1
2.9,16.9,469.0,123.0,18.0,58.0,1.1901,1
3.9,19.0,605.0,136.0,19.2,57.9,1.2757,1
4.0,19.8,641.0,137.0,18.1,62.1,1.2822,1
4.9,24.8,774.0,151.0,16.7,67.3,1.2707,1
7.7,37.6,1001.0,171.0,15.8,70.7,1.2601,1
9.4,43.9,1184.0,171.0,15.4,73.0,1.2688,1
7.8,36.6,1020.0,161.0,15.4,73.0,1.2648,1
6.6,30.8,964.0,154.0,15.3,73.6,1.2691,1
4.7,22.0,741.0,127.0,15.1,74.3,1.2623,1
4.8,20.9,757.0,115.0,14.2,78.0,1.254,1
3.2,13.1,564.0,102.0,14.1,81.4,1.3066,1
2.6,9.3,434.0,100.0,14.4,82.7,1.3496,0
2.1,9.4,308.0,86.0,14.1,84.1,1.3461,0
1.3,4.7,220.5,83.0,14.1,84.8,1.3544,0
1.1,3.8,133.0,80.0,14.0,84.1,1.3389,0
0.7,2.5,103.0,74.0,13.9,85.1,1.3449,0
0.9,4.0,178.0,82.0,13.8,85.5,1.3469,0
1.5,7.0,289.0,96.0,13.8,85.3,1.3412,0
3.8,21.1,736.0,124.0,13.7,84.5,1.3202,1
6.0,29.0,928.0,142.0,13.9,83.9,1.3284,1
5.1,23.0,897.0,154.0,14.6,81.6,1.3448,1
3.6,13.0,596.0,144.0,15.8,74.7,1.3336,1
3.0,14.9,481.0,144.0,16.4,72.1,1.336,1
3.1,15.7,495.0,139.0,16.8,70.3,1.3341,1
3.3,18.1,460.0,138.0,17.9,66.3,1.3499,1
3.4,15.5,445.0,134.0,18.8,62.7,1.3506,1
4.6,23.8,618.0,150.0,19.0,61.6,1.3407,1
6.9,32.6,858.0,173.0,17.7,68.3,1.3713,1
5.1,24.0,634.0,134.0,16.5,71.7,1.3358,1
4.9,23.6,575.0,128.0,15.7,72.7,1.2872,1
6.1,30.7,738.0,132.0,15.0,74.4,1.2593,1
6.2,20.9,739.0,134.0,14.6,75.2,1.2405,1
3.0,12.7,472.0,107.0,14.0,75.7,1.2051,1
3.4,14.0,542.0,101.0,13.1,78.7,1.1817,1
3.5,13.7,577.0,94.0,12.6,78.4,1.1419,1
3.2,12.8,568.0,99.0,12.8,77.9,1.1438,1
2.9,11.0,451.0,90.0,12.1,79.4,1.1201,1
2.1,8.2,346.5,80.5,11.6,80.1,1.0899,0
1.9,6.4,242.0,71.0,11.6,79.7,1.0858,0
1.7,6.8,277.0,71.0,11.4,81.1,1.0928,0
1.7,7.4,291.0,66.0,11.5,81.7,1.1033,0
1.3,6.2,277.0,70.0,12.4,77.1,1.1072,0
2.8,13.7,510.0,90.0,12.3,79.0,1.1293,1
2.5,9.6,451.0,102.0,12.2,83.9,1.189,1
2.7,10.4,584.0,102.0,12.2,85.1,1.2079,1
1.5,6.5,260.0,94.0,12.4,80.1,1.1462,0
2.6,10.6,492.0,122.0,13.0,77.8,1.1641,1
3.1,11.9,580.0,124.0,11.8,86.5,1.1981,1
2.5,8.4,373.0,103.0,11.9,85.7,1.1912,0
2.6,9.6,497.0,115.0,11.9,88.7,1.2352,1
2.5,7.1,413.0,107.0,12.3,87.0,1.2422,0
2.3,8.3,444.0,120.0,12.7,84.4,1.2352,1
3.1,10.9,533.0,120.0,13.1,81.7,1.2284,1
1.9,6.9,325.0,108.0,13.1,80.4,1.2038,0
2.5,10.6,439.0,115.0,13.4,79.9,1.2254,1
3.1,9.4,506.0,124.0,13.8,76.8,1.206,1
2.0,6.9,349.0,109.0,14.0,75.9,1.2064,0
1.9,5.6,235.0,93.0,13.5,78.3,1.2097,0
2.4,6.3,378.0,103.0,13.0,79.2,1.182,0
2.0,6.5,304.0,106.0,12.4,77.5,1.1115,0
1.2,3.4,180.0,96.0,12.3,71.2,1.0175,0
1.0,3.0,164.0,88.5,12.2,69.6,0.986,0
1.0,2.8,148.0,81.0,12.3,67.5,0.9624,0
0.8,2.0,106.0,70.0,12.7,65.6,0.9566,0
0.6,1.5,87.0,60.0,12.5,65.9,0.9533,0
0.7,1.4,96.0,63.0,12.4,65.4,0.9426,0
0.8,1.9,120.0,68.0,13.2,62.5,0.943,0
0.9,2.4,130.0,68.0,13.1,62.4,0.9366,0
1.0,3.1,140.0,66.0,12.9,64.7,0.9564,0
1.3,4.4,176.0,72.0,13.0,67.6,1.009,0
1.7,5.6,209.0,81.0,13.0,69.7,1.0403,0
2.4,6.7,309.0,89.0,12.0,80.0,1.1167,0
1.7,5.5,226.0,85.0,11.4,83.7,1.1278,0
1.8,7.7,246.0,86.0,12.0,80.8,1.1264,0
1.5,3.7,208.0,83.0,11.5,81.0,1.101,0
1.1,2.8,154.0,77.0,11.3,81.0,1.0851,0
2.4,8.9,275.0,93.0,12.0,78.4,1.0954,0
2.0,4.6,281.0,103.0,12.1,75.5,1.0669,0
1.5,4.4,237.0,90.0,12.5,71.9,1.0351,0
1.7,4.4,225.0,93.0,12.6,70.5,1.0239,0
1.0,2.8,143.0,72.0,12.5,69.1,1.0003,0
1.0,3.3,146.0,73.0,13.1,64.3,0.9628,0
1.0,2.3,115.0,64.0,13.2,62.9,0.9517,0
0.9,3.2,125.0,66.0,13.3,63.6,0.9673,0
1.1,3.1,150.0,71.0,13.3,65.3,0.9948,0
1.1,3.0,114.0,62.5,12.7,72.2,1.0525,0
0.6,1.7,78.0,54.0,11.9,79.6,1.1043,0
0.7,2.3,108.0,58.0,11.8,81.4,1.1238,0
0.9,3.8,181.0,72.0,12.0,80.1,1.1231,0
1.3,6.1,302.0,89.0,12.2,78.8,1.1178,0
3.1,15.8,587.0,112.0,12.7,77.2,1.1298,1
4.9,26.4,712.0,131.0,13.4,74.4,1.1407,1
4.7,18.5,698.0,161.0,15.9,63.4,1.1349,1
3.2,13.2,576.0,135.0,18.5,52.9,1.1174,1
2.5,12.0,438.0,119.0,18.4,52.6,1.1064,1
3.8,19.9,562.0,144.0,19.4,49.8,1.1095,1
3.3,16.4,467.0,130.0,19.5,50.1,1.1225,1
2.5,13.8,323.0,109.0,20.3,47.5,1.1187,0
2.7,15.6,391.0,114.0,18.7,53.0,1.1322,1
2.9,15.7,379.0,115.0,17.3,57.1,1.1161,1
3.1,18.0,387.0,123.0,16.4,59.5,1.1017,1
4.0,17.9,433.0,138.0,15.9,60.8,1.088,1
3.1,14.3,349.0,123.0,15.5,60.7,1.0591,1
2.7,12.8,337.0,112.0,15.3,63.1,1.0872,1
1.7,7.3,245.0,87.0,16.6,58.5,1.0963,0
1.5,5.8,236.0,79.0,14.6,64.7,1.0677,0
1.4,5.1,191.0,74.0,14.0,66.1,1.05,0
1.4,5.5,273.0,75.0,13.0,69.4,1.0364,0
1.1,3.5,211.0,70.0,13.1,67.4,1.0101,0
1.1,4.2,178.5,67.0,11.6,73.4,0.999,0
0.8500000000000001,2.6,146.0,64.0,11.9,71.4,0.9921,0
0.6,2.3,126.0,63.0,12.4,68.3,0.9801,0
0.8,2.8,146.0,67.0,14.1,60.6,0.9715,0
1.0,4.3,243.0,71.0,12.9,64.2,0.9506,0
2.8,12.6,450.0,98.0,11.7,68.9,0.9439,1
3.4,16.8,499.0,114.0,12.5,65.8,0.9538,1
3.3,17.3,574.0,130.0,14.5,61.1,1.0007,1
4.1,19.8,679.0,155.0,16.9,54.2,1.0371,1
3.5,21.6,572.0,141.0,17.4,53.3,1.0528,1
3.0,18.0,396.0,118.0,18.8,49.3,1.0581,1
3.6,16.0,455.0,134.0,19.4,47.1,1.051,1
3.0,13.7,423.0,123.0,19.2,47.1,1.0371,1
2.6,14.1,356.0,117.0,17.7,51.5,1.0315,1
2.6,13.9,350.0,110.0,16.5,54.6,1.0164,1
3.1,14.3,359.0,115.0,15.4,57.9,1.0068,1
3.2,13.3,358.0,116.0,15.2,58.4,1.0007,1
2.4,11.6,289.0,99.0,14.9,58.4,0.9843,0
2.6,11.3,359.0,115.0,14.5,60.4,0.9909,1
2.4,11.0,355.0,104.0,14.5,62.3,1.0216,0
1.8,7.7,244.0,92.0,14.6,60.6,1.0033,0
1.7,7.0,194.0,84.0,15.0,59.3,1.0045,0
1.9,7.0,176.0,81.0,14.7,60.3,1.0031,0
1.4,4.4,170.0,77.0,15.3,59.1,1.0191,0
1.5,6.1,191.0,76.0,12.3,69.7,0.9954,0
1.7,7.9,212.0,75.0,11.6,72.5,0.9916,0
1.0,3.1,146.0,69.0,12.0,71.9,1.003,0
0.9,3.2,177.0,67.0,11.8,71.8,0.9909,0
1.0,4.0,172.0,68.0,11.8,71.4,0.9864,0
1.0,3.2,159.0,68.0,12.8,66.3,0.9804,0
1.1,4.0,184.0,69.0,13.2,65.2,0.9841,0
1.7,7.6,310.0,81.0,13.1,66.2,0.9933,0
2.3,9.8,363.0,95.0,14.3,63.3,1.0266,0
2.1,9.5,302.0,92.0,16.0,58.1,1.0482,0
2.7,11.2,424.0,113.0,17.3,53.9,1.0562,1
2.3,6.9,258.0,98.0,17.3,53.3,1.0407,0
1.2,4.6,179.0,82.0,16.7,54.7,1.0311,0
1.4,5.5,221.0,96.0,15.4,58.9,1.02,0
1.9,6.5,303.0,107.0,15.2,58.0,0.9927,0
2.6,10.3,429.0,119.0,16.2,54.5,0.9956,1
2.4,8.9,357.0,114.0,16.5,55.3,1.0267,0
3.5,14.0,438.0,127.0,14.6,72.1,1.1947,1
3.5,9.2,457.0,121.0,13.9,76.7,1.2098,1
2.2,8.2,355.0,109.0,13.7,79.3,1.2326,0
2.3,7.2,348.0,107.0,13.8,77.3,1.2169,0
1.9,5.5,241.0,100.0,14.2,71.7,1.1578,0
1.0,2.9,134.0,83.0,14.9,65.7,1.105,0
0.8,2.0,94.0,66.0,14.7,67.3,1.1177,0
0.5,1.2,63.5,48.0,15.2,63.2,1.0821,0
0.4,0.7,33.0,30.0,14.8,65.5,1.0965,0
0.4,0.7,33.0,29.0,14.4,68.5,1.1158,0
0.4,0.8,57.0,41.0,14.5,62.9,1.0335,0
0.6,1.3,112.0,63.0,14.6,56.7,0.9358,0
1.9,7.6,358.0,114.0,15.0,55.3,0.9338,0
2.0,7.4,287.0,114.0,14.5,56.5,0.9306,0
1.4,4.7,263.0,102.0,14.3,55.4,0.9005,0
1.4,5.4,282.0,101.0,14.7,52.5,0.8716,0
1.5,5.4,286.0,103.0,15.5,51.7,0.9033,0
1.6,6.0,259.0,100.0,14.9,53.4,0.8998,0
1.8,7.1,265.0,95.0,15.2,51.0,0.8762,0
1.4,5.3,249.0,99.0,15.2,50.1,0.858,0
1.7,7.2,268.0,102.0,15.6,46.6,0.8176,0
1.7,5.7,226.0,105.0,14.8,48.4,0.8069,0
2.3,9.5,301.0,118.0,14.6,48.0,0.7902,0
3.2,12.2,388.0,135.0,15.1,45.4,0.7759,1
2.6,10.3,285.0,124.0,14.5,45.4,0.7458,0
1.6,4.5,197.0,100.0,13.4,48.1,0.7374,0
0.8,2.0,105.0,66.0,12.3,48.7,0.6931,0
0.7,1.8,88.0,57.0,12.0,51.2,0.7179,0
0.6,1.9,92.0,58.0,11.9,54.6,0.7589,0
0.7,2.7,88.0,59.0,13.7,45.0,0.6991,0
0.7,2.7,90.0,60.0,14.7,37.5,0.622,0
0.5,2.2,66.0,47.5,13.8,36.8,0.576,0
0.4,0.7,42.0,35.0,13.2,35.6,0.5375,0
0.3,0.5,31.0,27.0,12.0,37.3,0.5239,0
0.4,0.8,51.0,39.0,11.7,38.1,0.5223,0
0.5,1.4,100.0,63.0,11.5,38.0,0.5159,0
1.4,5.6,315.0,110.0,12.3,35.8,0.5086,0
2.4,10.6,417.0,128.0,12.9,34.5,0.5102,1
1.8,7.2,328.0,122.0,14.4,30.2,0.4911,0
1.5,6.2,304.0,111.0,16.2,26.2,0.4789,0
1.5,6.2,300.0,110.0,17.1,23.5,0.453,0
1.8,8.1,306.0,114.0,18.1,21.3,0.4396,0
2.1,9.0,342.0,114.0,18.8,20.0,0.4278,0
1.7,8.4,324.0,111.0,18.1,20.8,0.4274,0
2.3,8.7,327.0,116.0,17.6,19.9,0.3952,0
2.9,11.8,404.0,148.0,16.0,20.8,0.3757,1
4.0,16.5,575.0,177.0,14.6,23.7,0.3903,1
4.2,18.7,539.0,164.0,13.7,22.9,0.3581,1
3.5,14.5,460.0,151.0,12.8,21.7,0.3182,1
2.6,8.0,386.0,147.0,12.7,21.3,0.3119,1
1.3,4.6,202.0,110.0,12.8,22.5,0.3309,0
1.0,3.4,162.0,99.0,12.6,23.4,0.3408,0
1.6,4.8,261.0,116.0,12.4,24.0,0.3443,0
1.6,4.4,263.0,121.0,12.5,24.0,0.3462,0
1.1,3.8,159.0,103.0,11.9,32.4,0.4489,0
1.1,3.6,135.0,93.0,11.7,33.8,0.4623,0
0.8,2.7,111.0,83.0,11.5,34.2,0.4621,0
0.8,2.4,104.0,76.0,10.5,37.8,0.4799,0
1.0,4.3,221.0,107.0,7.8,47.4,0.5046,0
1.2,5.2,243.0,106.0,9.3,43.1,0.5062,0
1.7,8.4,356.0,124.0,8.2,46.8,0.5091,0
2.4,14.1,429.0,134.0,10.7,34.2,0.439,1
2.8,13.0,518.0,147.0,14.4,28.2,0.4593,1
2.9,13.5,460.0,146.0,17.4,23.3,0.4599,1
2.6,12.5,389.0,133.0,17.8,23.6,0.4766,1
2.3,8.8,362.0,120.0,18.3,19.5,0.4044,0
2.3,9.0,337.0,117.0,18.9,18.9,0.4091,0
1.7,6.1,254.0,109.0,18.4,19.7,0.4117,0
1.8,7.8,281.0,112.0,17.8,21.0,0.4234,0
2.5,11.5,369.0,131.0,16.1,23.4,0.4248,1
2.4,10.7,350.0,133.0,14.9,24.9,0.4178,0
2.0,9.2,323.0,138.0,14.6,24.6,0.4054,0
2.3,10.9,340.0,142.0,14.2,26.8,0.4332,0
2.9,11.6,443.0,138.0,13.3,38.7,0.5867,1
2.0,9.0,292.0,118.0,11.2,45.1,0.6004,0
2.5,11.6,372.0,120.0,8.8,52.5,0.5969,1
3.0,11.7,443.0,132.0,8.6,54.3,0.606,1
2.4,11.3,360.0,121.0,8.1,53.2,0.5746,1
2.6,10.4,401.0,117.0,6.8,57.8,0.5768,1
2.0,6.4,337.0,109.5,6.6,58.1,0.5687,0
2.1,9.8,273.0,102.0,5.4,64.1,0.5772,0
1.7,5.8,199.0,95.0,5.6,61.6,0.5656,0
1.5,7.0,177.0,81.0,4.2,69.0,0.5737,0
1.3,4.0,206.0,95.0,4.8,64.6,0.563,0
1.9,6.9,323.0,111.0,4.0,69.0,0.5661,0
2.0,7.7,392.0,118.0,4.9,66.3,0.5786,0
2.7,9.9,420.0,130.0,9.4,48.7,0.5748,1
2.4,8.9,333.0,116.0,12.6,39.9,0.5804,0
2.7,11.3,395.0,128.0,14.4,35.3,0.5763,1
3.2,13.7,478.0,156.0,15.1,37.4,0.6374,1
3.4,12.7,470.0,169.0,16.0,35.8,0.6456,1
3.2,14.5,508.0,168.0,17.5,30.8,0.6095,1
4.3,18.4,596.0,178.0,17.2,34.2,0.6669,1
5.0,22.0,694.0,178.0,14.3,45.8,0.7452,1
6.3,25.4,968.0,188.0,12.2,53.9,0.7617,1
4.6,16.4,658.0,169.0,11.6,51.2,0.6965,1
3.1,12.4,409.0,133.0,11.3,50.1,0.672,1
2.6,9.6,345.0,125.0,10.6,51.2,0.6541,0
2.1,7.1,230.0,110.0,9.6,51.7,0.6163,0
2.1,7.2,285.0,112.0,8.7,55.2,0.6225,0
2.5,9.3,310.0,112.0,7.9,60.2,0.6432,0
2.0,5.9,224.0,102.0,7.9,59.2,0.6331,0
1.8,5.9,213.0,90.0,6.7,64.6,0.6381,0
1.3,2.4,158.0,78.0,6.9,62.3,0.6227,0
1.0,2.1,103.0,66.0,6.3,64.6,0.6197,0
0.7,1.8,91.0,64.0,6.4,63.3,0.6123,0
0.9,3.1,178.0,81.0,6.4,64.4,0.6204,0
1.5,6.8,351.0,106.0,5.6,68.9,0.6328,0
3.4,16.4,587.0,140.0,6.4,65.6,0.6348,1
3.4,16.7,475.0,138.0,7.3,61.4,0.6306,1
3.2,17.3,576.0,165.0,9.6,53.7,0.6409,1
4.8,22.4,920.0,214.0,12.0,45.9,0.6421,1
3.5,17.9,710.0,178.0,12.7,44.4,0.6512,1
4.1,22.4,696.0,187.0,13.9,42.8,0.6761,1
4.8,23.3,744.0,203.0,15.0,41.4,0.7016,1
4.4,28.0,743.0,204.0,16.0,38.7,0.6987,1
4.5,30.1,801.0,198.0,16.0,38.6,0.6952,1
5.9,33.4,1014.0,218.0,14.1,44.9,0.7194,1
9.9,50.8,1479.0,269.0,12.6,55.9,0.8142,1
6.9,35.6,1018.0,217.0,11.7,60.8,0.8336,1
4.3,21.5,729.0,183.0,11.5,60.9,0.8249,1
2.9,15.5,508.0,147.0,10.6,64.1,0.8182,1
2.0,10.9,347.0,120.0,10.1,66.2,0.8185,0
1.7,8.7,327.0,112.0,9.0,70.1,0.8036,0
1.9,7.4,339.0,107.0,8.6,70.5,0.7915,0
2.0,9.9,358.0,103.0,7.6,74.3,0.7783,0
1.9,8.2,377.0,97.0,6.9,76.1,0.759,0
1.0,3.9,271.0,85.5,8.0,70.6,0.7607,0
0.8,3.2,165.0,74.0,6.8,75.4,0.7475,0
0.7,3.0,145.0,68.0,6.6,75.3,0.7378,0
1.1,5.4,282.0,92.0,6.0,77.3,0.7262,0
1.7,8.7,494.0,111.0,6.0,76.7,0.722,0
3.1,15.4,606.0,133.0,6.9,73.7,0.7348,1
4.4,27.2,581.0,139.0,7.6,70.6,0.7371,1
5.6,30.7,920.0,192.0,9.3,64.2,0.7544,1
4.4,24.3,811.0,192.0,11.7,55.7,0.763,1
4.4,21.7,786.0,206.0,12.9,54.1,0.8003,1
4.7,25.8,677.0,182.0,14.0,53.0,0.8451,1
4.2,21.8,612.0,192.0,15.1,50.2,0.8552,1
3.3,20.6,524.0,188.0,16.7,47.3,0.8883,1
5.1,27.2,775.0,186.0,16.8,48.4,0.9175,1
7.4,27.057894736842105,1159.0,257.0,16.753947368421052,48.6578947368421,0.9190802631578948,1
9.3,26.91578947368421,1310.0,248.0,16.707894736842107,48.91578947368421,0.9206605263157894,1
7.4,26.77368421052632,1037.0,208.0,16.66184210526316,49.17368421052632,0.9222407894736842,1
5.3,26.63157894736842,791.0,167.0,16.61578947368421,49.43157894736842,0.923821052631579,1
4.1,26.489473684210527,670.0,148.0,16.569736842105264,49.689473684210526,0.9254013157894736,1
2.5,26.347368421052632,341.0,112.0,16.523684210526316,49.94736842105263,0.9269815789473684,1
2.1,26.205263157894738,365.0,108.0,16.47763157894737,50.205263157894734,0.9285618421052632,1
2.9,26.06315789473684,510.0,115.0,16.431578947368422,50.46315789473684,0.930142105263158,1
2.3,25.921052631578945,352.0,96.0,16.385526315789473,50.72105263157895,0.9317223684210526,1
1.7,25.77894736842105,299.0,87.0,16.339473684210528,50.97894736842105,0.9333026315789472,1
0.9,25.63684210526316,201.0,74.0,16.29342105263158,51.23684210526316,0.934882894736842,0
0.7,25.49473684210526,103.0,61.0,16.24736842105263,51.49473684210526,0.9364631578947368,0
0.8,25.352631578947367,133.0,61.0,16.201315789473686,51.752631578947366,0.9380434210526316,0
1.0,25.210526315789476,244.0,82.0,16.155263157894737,52.01052631578947,0.9396236842105264,0
1.2,25.068421052631574,222.0,83.0,16.109210526315792,52.26842105263158,0.9412039473684212,0
3.5,24.926315789473684,591.0,116.0,16.063157894736843,52.526315789473685,0.9427842105263158,1
4.5,24.78421052631579,821.0,147.0,16.017105263157895,52.78421052631579,0.9443644736842104,1
4.9,24.64210526315789,803.0,167.0,15.971052631578948,53.04210526315789,0.9459447368421052,1
3.5,24.5,809.0,176.0,15.925,53.3,0.947525,1
3.4,24.357894736842105,836.0,177.0,15.878947368421054,53.5578947368421,0.9491052631578948,1
4.0,24.21578947368421,820.0,169.0,15.832894736842109,53.81578947368421,0.9506855263157896,1
4.3,24.07368421052632,861.0,181.0,15.786842105263158,54.07368421052632,0.9522657894736842,1
4.0,23.931578947368426,842.0,183.0,15.740789473684211,54.33157894736842,0.953846052631579,1
4.7,23.789473684210527,933.0,176.0,15.694736842105264,54.589473684210525,0.9554263157894736,1
6.6,23.647368421052636,1237.0,229.0,15.648684210526316,54.84736842105263,0.9570065789473684,1
7.3,23.50526315789473,1137.0,214.0,15.602631578947369,55.10526315789474,0.9585868421052632,1
3.6,23.36315789473684,484.0,137.0,15.556578947368422,55.36315789473685,0.960167105263158,1
2.4,23.221052631578942,325.0,115.0,15.510526315789477,55.62105263157895,0.9617473684210528,1
2.1,23.07894736842105,292.0,107.0,15.464473684210526,55.87894736842105,0.9633276315789474,1
2.1,22.93684210526316,303.0,105.0,15.41842105263158,56.13684210526316,0.964907894736842,1
1.7,22.794736842105262,242.0,96.0,15.372368421052633,56.39473684210526,0.9664881578947369,0
2.2,22.652631578947368,314.0,100.0,15.326315789473686,56.65263157894736,0.9680684210526316,1
2.0,22.510526315789477,289.0,100.0,15.280263157894735,56.91052631578948,0.9696486842105264,1
1.6,22.36842105263158,224.0,92.0,15.23421052631579,57.16842105263158,0.971228947368421,0
1.7,22.226315789473684,207.5,86.5,15.188157894736843,57.42631578947368,0.972809210526316,0
1.35,22.08421052631579,191.0,81.0,15.142105263157896,57.68421052631579,0.9743894736842106,0
1.0,21.94210526315789,149.0,74.0,15.096052631578948,57.94210526315789,0.9759697368421052,0
1.0,21.8,212.0,81.0,15.05,58.2,0.97755,0
1.6,21.657894736842103,398.0,99.0,15.003947368421054,58.45789473684211,0.9791302631578948,1
3.5,21.515789473684208,763.0,123.0,14.957894736842109,58.71578947368421,0.9807105263157896,1
5.3,21.373684210526317,905.0,146.0,14.911842105263158,58.97368421052632,0.9822907894736842,1
4.6,21.23157894736842,849.0,161.0,14.865789473684211,59.23157894736842,0.983871052631579,1
4.5,21.089473684210525,1015.0,210.0,14.819736842105264,59.48947368421052,0.9854513157894738,1
4.2,20.94736842105263,845.0,190.0,14.773684210526316,59.74736842105263,0.9870315789473684,1
4.1,20.805263157894736,740.0,170.0,14.727631578947369,60.00526315789474,0.9886118421052632,1
5.5,20.66315789473684,1018.0,212.0,14.681578947368422,60.26315789473684,0.990192105263158,1
4.8,20.521052631578947,1058.0,217.0,14.635526315789477,60.52105263157895,0.9917723684210528,1
5.5,20.37894736842105,1182.0,236.0,14.589473684210528,60.77894736842105,0.9933526315789474,1
5.2,20.23684210526316,1089.0,217.0,14.54342105263158,61.03684210526316,0.994932894736842,1
7.5,20.094736842105263,1186.0,231.0,14.497368421052633,61.29473684210527,0.9965131578947368,1
8.6,19.95263157894737,1235.0,227.0,14.451315789473686,61.55263157894737,0.9980934210526315,1
9.1,19.810526315789478,1253.0,219.0,14.405263157894735,61.810526315789474,0.9996736842105264,1
8.6,19.66842105263158,1237.0,203.0,14.35921052631579,62.06842105263158,1.001253947368421,1
5.4,19.526315789473685,1060.0,186.0,14.313157894736843,62.32631578947368,1.002834210526316,1
4.3,19.38421052631579,873.0,173.0,14.267105263157896,62.584210526315786,1.0044144736842109,1
4.2,19.242105263157896,807.0,162.0,14.221052631578948,62.84210526315789,1.0059947368421054,1
4.3,19.1,798.0,161.0,14.175,63.1,1.007575,1
4.2,18.957894736842107,691.0,144.0,14.128947368421054,63.357894736842105,1.0091552631578948,1
2.8,18.81578947368421,562.0,131.5,14.082894736842109,63.61578947368421,1.0107355263157896,1
2.2,18.673684210526314,433.0,119.0,14.036842105263158,63.87368421052632,1.0123157894736845,1
1.8,18.53157894736842,371.0,112.0,13.990789473684211,64.13157894736842,1.013896052631579,1
2.0,18.389473684210525,469.0,111.0,13.944736842105264,64.38947368421053,1.0154763157894735,1
2.5,18.24736842105263,658.0,122.0,13.898684210526316,64.64736842105263,1.0170565789473685,1
4.1,18.105263157894736,854.0,137.0,13.852631578947369,64.90526315789474,1.0186368421052632,1
6.3,17.96315789473684,1005.0,151.0,13.806578947368422,65.16315789473684,1.020217105263158,1
5.0,17.821052631578947,937.0,164.0,13.760526315789477,65.42105263157895,1.0217973684210526,1
5.1,17.678947368421053,963.0,198.0,13.714473684210528,65.67894736842105,1.0233776315789471,1
3.6,17.53684210526316,635.0,213.0,13.66842105263158,65.93684210526315,1.024957894736842,1
3.5,17.39473684210526,521.0,164.0,13.622368421052633,66.19473684210527,1.0265381578947368,1
3.7,17.252631578947366,613.0,177.0,13.576315789473686,66.45263157894738,1.0281184210526315,1
3.1,17.11052631578947,516.0,168.0,13.530263157894735,66.71052631578948,1.0296986842105265,1
3.2,16.968421052631577,446.0,150.0,13.48421052631579,66.96842105263158,1.0312789473684212,1
3.8,16.826315789473682,499.0,152.0,13.438157894736843,67.22631578947369,1.032859210526316,1
3.2,16.684210526315788,407.0,138.0,13.392105263157896,67.48421052631579,1.0344394736842106,1
3.2,16.542105263157893,418.0,129.0,13.346052631578948,67.7421052631579,1.0360197368421054,1
3.3,16.4,403.0,130.0,13.3,68.0,1.0376,1
3.1,13.4,412.0,137.0,13.2,72.8,1.0984,1
2.4,8.2,322.0,125.0,12.6,76.5,1.1106,0
1.4,5.7,200.0,106.0,12.6,74.3,1.0843,0
2.1,7.0,244.0,121.0,12.9,72.1,1.0658,0
1.4,5.6,199.0,101.0,13.1,70.5,1.0594,0
1.4,5.1,190.0,100.0,12.4,73.8,1.0574,0
1.3,4.3,171.5,93.0,12.2,74.5,1.0537,0
1.0,4.2,153.0,86.0,11.8,76.3,1.0547,0
1.3,6.1,215.0,90.0,10.8,80.0,1.0367,0
1.0,5.2,206.0,89.0,10.4,77.3,0.9709,0
1.1,5.4,225.0,96.0,10.0,76.2,0.9332,0
2.1,11.0,416.0,125.0,9.4,67.7,0.8018,1
3.2,16.1,613.0,143.0,9.3,71.2,0.8325,1
3.3,15.7,567.0,153.0,12.6,54.0,0.784,1
2.3,8.8,409.0,140.0,16.1,28.5,0.5164,0
1.0,3.9,183.0,92.0,16.6,19.9,0.3728,0
0.8,3.8,140.0,78.0,15.9,18.2,0.3255,0
0.8,3.3,133.0,68.0,14.3,18.4,0.2991,0
0.6,2.4,115.0,64.0,15.0,16.3,0.2749,0
0.9,3.6,157.0,80.0,14.9,17.1,0.2875,0
0.8,3.5,149.0,81.0,13.2,18.8,0.2837,0
1.2,4.6,219.0,102.0,12.4,19.6,0.2797,0
2.1,9.9,424.0,132.0,11.9,21.3,0.2957,0
3.9,19.0,659.0,162.0,11.1,24.8,0.3264,1
4.4,17.2,727.0,179.0,10.1,29.7,0.3666,1
2.0,8.4,398.0,148.0,10.2,23.8,0.2955,0
2.3,11.4,414.0,146.0,9.4,27.4,0.3239,1
3.6,15.6,600.0,164.0,7.9,39.0,0.4154,1
3.9,13.0,596.0,162.0,7.6,40.6,0.4273,1
1.6,6.2,225.0,118.0,6.4,43.7,0.4242,0
1.0,4.2,172.5,98.0,6.3,44.7,0.4293,0
1.0,2.7,120.0,78.0,5.1,46.5,0.4125,0
1.0,3.0,126.0,79.0,3.3,53.5,0.418,0
0.8,2.4,83.0,62.0,4.8,49.9,0.4325,0
0.7,3.1,156.0,85.0,2.2,60.1,0.4361,0
1.0,3.8,240.0,110.0,2.5,59.3,0.4401,0
1.0,3.2,186.0,99.0,3.2,55.7,0.4344,0
1.5,6.2,224.0,101.0,5.0,48.8,0.429,0
2.5,9.6,386.0,129.0,5.8,49.8,0.4613,1
2.6,9.6,397.0,132.0,6.0,47.6,0.4488,1
3.2,12.5,477.0,148.0,7.4,44.6,0.4613,1
3.0,12.5,405.0,134.0,5.2,73.1,0.6535,1
3.4,14.0,453.0,148.0,4.8,81.4,0.7055,1
3.3,11.6,459.0,146.0,4.7,82.3,0.7105,1
3.6,13.0,452.0,148.0,4.7,82.8,0.7157,1
5.5,17.3,579.0,175.0,4.7,83.4,0.7177,1
4.5,14.6,542.0,170.0,5.2,83.1,0.7411,1
4.7,16.2,601.0,173.0,5.5,84.1,0.7657,1
4.3,13.8,521.0,151.0,5.8,84.5,0.7822,1
3.2,10.6,411.0,129.0,6.2,84.1,0.8018,1
2.9,9.1,382.0,126.0,6.6,83.3,0.8183,1
3.1,9.7,421.0,127.0,6.8,82.8,0.8216,1
2.8,7.0,362.0,118.0,8.2,78.4,0.8561,0
1.2,2.8,104.0,83.0,9.7,70.9,0.8539,0
0.9,2.0,86.5,71.5,9.5,69.9,0.8298,0
0.8,1.4,69.0,60.0,9.3,65.9,0.7757,0
0.6,0.8,41.0,37.0,8.8,62.9,0.7154,0
0.6,0.7,46.0,39.0,8.6,58.8,0.6603,0
1.0,2.6,118.0,70.0,9.2,55.9,0.6521,0
3.2,5.3,295.0,108.0,8.4,57.7,0.6376,0
3.6,7.1,311.0,119.0,8.5,60.4,0.6713,1
2.9,5.0,269.0,111.0,8.9,57.4,0.6575,0
2.4,3.8,225.0,106.0,9.2,55.8,0.6479,0
2.5,4.5,220.0,105.0,9.6,53.9,0.6425,0
2.6,4.7,216.0,114.0,9.6,52.4,0.6276,0
2.3,3.9,162.0,93.0,9.7,49.8,0.5998,0
2.2,3.8,152.0,89.0,9.4,44.9,0.5296,0
2.3,5.2,183.0,102.0,9.8,41.9,0.5083,0
2.9,6.8,254.0,129.0,8.9,44.9,0.5125,0
4.1,11.9,355.0,151.0,8.4,45.4,0.5035,1
4.1,10.8,341.0,151.0,8.0,41.0,0.4416,1
4.0,11.5,341.0,149.0,7.9,37.1,0.3974,1
3.7,7.6,342.0,149.0,7.8,33.9,0.3594,1
1.7,3.1,186.0,114.0,7.3,32.4,0.334,0
1.1,3.6,170.0,104.0,7.4,34.6,0.3576,0
1.1,3.6,169.0,104.0,7.1,33.7,0.3417,0
1.5,4.3,246.0,127.0,6.4,35.8,0.3471,0
0.5,0.7,63.0,53.0,5.6,37.7,0.3444,0
0.3,0.6,53.5,46.0,5.6,37.6,0.3448,0
0.2,0.5,44.0,39.0,5.3,38.8,0.3473,0
0.3,0.7,54.0,41.0,4.7,41.4,0.3576,0
0.6,2.2,176.0,97.0,4.3,43.9,0.3675,0
0.7,2.6,236.0,120.0,4.9,40.6,0.3539,0
2.6,13.4,613.0,167.0,5.1,40.8,0.3603,1
5.5,23.5,755.0,198.0,6.5,38.1,0.3709,1
2.6,9.4,460.0,157.0,7.4,36.5,0.3778,1
1.5,6.3,280.0,125.0,7.9,36.4,0.3889,0
1.7,6.7,322.0,135.0,7.8,36.8,0.3908,0
2.2,9.7,349.0,138.0,8.7,33.7,0.379,0
2.1,7.8,297.0,132.0,8.5,34.3,0.3813,0
2.2,7.7,353.0,142.0,8.9,34.5,0.3946,0
2.3,8.6,316.0,137.0,8.8,35.7,0.4043,0
2.5,10.7,348.0,145.0,7.9,38.6,0.4137,1
3.1,16.7,445.0,166.0,7.6,40.1,0.4195,1
3.6,15.5,457.0,165.0,6.9,40.3,0.4025,1
3.9,18.3,516.0,175.0,6.5,41.7,0.4047,1
4.0,13.8,575.0,185.0,6.3,42.6,0.4106,1
2.3,9.3,449.0,166.0,5.9,44.7,0.4186,1
1.5,5.8,289.0,140.0,5.8,43.4,0.4037,0
1.5,6.6,268.0,133.0,5.8,42.5,0.3937,0
2.2,7.6,343.0,144.0,5.6,42.0,0.3856,0
1.3,5.0,222.0,126.0,5.3,42.3,0.3806,0
0.9,2.9,154.5,99.0,5.1,43.5,0.3852,0
0.7,1.3,87.0,72.0,5.1,44.8,0.3967,0
0.5,1.5,89.0,70.0,5.2,45.9,0.4099,0
0.5,1.7,103.0,74.0,4.7,49.0,0.4209,0
0.9,3.8,254.0,124.0,4.5,51.8,0.4418,0
2.0,8.8,481.0,152.0,4.5,53.0,0.4495,1
3.2,12.5,638.0,174.0,4.8,53.1,0.4605,1
2.3,8.7,492.0,161.0,7.8,42.0,0.4464,1
1.8,7.5,413.0,120.0,9.3,37.6,0.4391,0
2.1,8.2,364.0,111.0,10.0,34.2,0.4212,0
1.9,8.5,299.0,128.0,10.3,32.6,0.4094,0
2.4,8.1,342.0,133.0,9.8,31.8,0.3858,0
2.1,6.7,309.0,121.0,9.8,30.3,0.3658,0
2.8,9.0,367.0,147.0,9.6,29.6,0.3545,1
3.3,11.3,357.0,136.0,8.1,32.5,0.3516,1
2.9,9.9,345.0,153.0,6.8,36.1,0.3575,1
3.9,13.6,483.0,178.0,6.4,36.5,0.3519,1
4.1,15.4,480.0,174.0,5.9,37.8,0.3528,1
3.3,11.4,427.0,166.0,5.1,40.7,0.3621,1
3.3,11.2,504.0,169.0,4.8,45.1,0.3925,1
1.9,5.7,248.0,132.0,4.5,43.9,0.3728,0
2.0,5.4,241.0,127.0,5.2,44.1,0.3939,0
1.9,5.5,210.0,113.0,4.3,46.4,0.3896,0
2.1,5.2,292.0,128.0,3.0,52.5,0.4021,0
1.7,3.7,210.5,106.5,2.3,56.3,0.4134,0
1.3,3.1,129.0,85.0,1.5,61.4,0.4235,0
1.1,1.6,106.0,77.0,4.0,50.4,0.4154,0
1.2,2.5,125.0,78.0,2.8,55.2,0.4177,0
1.8,5.3,267.0,115.0,1.2,61.4,0.4159,0
3.6,13.4,543.0,169.0,1.4,61.3,0.4208,1
3.7,15.0,496.0,174.0,2.2,58.1,0.4218,1
3.4,12.8,491.0,171.0,4.3,49.4,0.4138,1
4.0,15.9,667.0,179.0,6.6,42.5,0.416,1
3.8,15.9,693.0,193.0,8.0,38.3,0.4133,1
4.1,16.3,707.0,210.0,9.1,36.1,0.4172,1
4.9,18.6,777.0,224.0,10.0,34.7,0.4259,1
3.3,12.8,512.0,175.0,11.0,33.0,0.4331,1
4.3,17.9,587.0,177.0,11.3,33.6,0.4504,1
6.6,29.0,864.0,208.0,9.4,41.3,0.4888,1
8.5,33.1,1089.0,247.0,8.0,45.9,0.4936,1
8.7,36.1,1070.0,242.0,7.1,50.3,0.51,1
9.1,36.3,1220.0,252.0,6.2,56.9,0.5419,1
7.2,26.3,1076.0,228.0,6.3,57.9,0.5575,1
5.0,20.6,825.0,196.0,6.2,56.8,0.5421,1
4.2,17.0,740.0,190.0,6.1,54.7,0.5201,1
4.6,17.2,759.0,187.0,6.0,55.6,0.5244,1
3.9,14.6,610.0,174.0,5.1,59.0,0.5248,1
3.4,12.1,465.0,158.0,5.1,58.4,0.517,1
3.0,10.5,376.5,145.0,4.7,60.8,0.5232,1
2.4,8.7,288.0,132.0,4.2,63.1,0.5259,0
2.5,8.8,251.0,121.0,4.3,64.1,0.537,0
3.5,8.2,351.0,136.0,4.8,61.9,0.537,1
3.9,9.5,379.0,138.0,5.3,61.1,0.5499,1
4.8,14.6,539.0,149.0,5.7,61.3,0.5657,1
6.1,20.4,706.0,165.0,6.1,60.5,0.5719,1
6.6,18.8,750.0,170.0,6.7,59.7,0.589,1
6.5,18.8,747.0,165.0,7.2,58.6,0.5986,1
6.0,18.5,670.0,167.0,8.0,55.9,0.6018,1
6.9,24.8,772.0,197.0,9.8,52.4,0.6349,1
7.9,22.9,792.0,217.0,10.5,51.1,0.6503,1
6.1,16.9,626.0,204.0,10.8,52.4,0.6767,1
6.7,22.2,678.0,193.0,10.6,55.3,0.7058,1
6.8,21.5,706.0,192.0,10.4,57.0,0.7167,1
6.7,21.5,668.0,175.0,10.2,58.3,0.7256,1
6.4,20.516666666666666,641.0,168.0,10.066666666666666,59.6,0.7349333333333333,1
6.8,19.53333333333333,649.0,170.0,9.933333333333334,60.9,0.7442666666666666,1
5.6,18.55,521.0,157.0,9.8,62.2,0.7536,1
5.4,17.566666666666666,487.0,143.0,9.666666666666666,63.49999999999999,0.7629333333333334,1
5.2,16.583333333333332,453.0,152.0,9.533333333333331,64.8,0.7722666666666667,1
5.9,15.6,567.0,169.0,9.4,66.1,0.7816,1
5.6,14.2,527.0,164.0,9.6,65.9,0.7869,1
5.5,13.5,503.0,154.0,9.5,66.2,0.7882,1
5.2,11.4,424.0,142.0,9.2,67.3,0.7851,1
3.7,10.5,345.0,130.0,9.1,68.7,0.7925,1
2.2,8.6,274.0,119.0,9.0,69.8,0.8039,0
2.0,8.6,231.0,106.0,8.9,70.5,0.8056,0
2.2,9.1,268.0,111.0,8.9,70.4,0.8074,0
2.0,8.6,281.0,122.0,9.1,69.6,0.8045,0
2.5,9.4,340.0,121.0,9.0,70.8,0.8173,0
3.0,11.0,406.0,136.0,9.8,68.6,0.8324,1
2.8,10.6,379.0,138.0,10.2,67.3,0.8373,1
3.4,13.2,436.0,147.0,10.7,65.0,0.8378,1
5.5,18.1,602.0,178.0,11.4,62.9,0.8454,1
4.0,13.2,507.0,176.0,12.2,61.1,0.8652,1
2.4,9.7,266.0,159.0,12.1,61.8,0.8723,1
3.1,13.3,335.0,168.0,11.7,65.6,0.898,1
4.0,15.4,464.0,181.0,11.4,67.9,0.9119,1
4.6,17.8,527.0,184.0,11.2,70.8,0.9386,1
4.8,18.0,592.0,170.0,10.9,75.9,0.9868,1
6.2,21.3,821.0,174.0,11.3,78.3,1.0455,1
4.6,14.5,538.0,136.0,10.3,82.8,1.0369,1
4.5,15.8,513.0,127.0,10.4,82.5,1.0406,1
4.2,13.1,514.0,125.0,11.0,81.7,1.0727,1
2.6,7.7,345.0,121.0,11.7,79.8,1.0964,0
1.6,6.0,231.0,117.0,11.6,80.0,1.0924,0
1.3,3.5,166.0,108.0,11.3,80.1,1.0741,0
0.6,1.5,113.5,81.5,11.7,74.1,1.0167,0
0.5,1.2,61.0,55.0,10.8,78.7,1.0202,0
0.4,0.8,49.0,46.0,10.7,81.5,1.0497,0
0.3,0.7,54.0,46.0,10.9,80.3,1.0444,0
0.4,0.9,78.0,67.0,10.7,80.7,1.0377,0
0.6,1.8,136.0,90.0,10.5,81.8,1.0416,0
0.9,2.5,198.0,117.0,10.4,82.9,1.0419,0
1.1,3.1,211.0,118.0,10.6,82.1,1.0451,0
1.0,3.5,183.0,112.0,11.5,72.6,0.9846,0
1.6,5.7,277.0,134.0,12.8,65.5,0.964,0
1.8,5.8,267.0,127.0,13.9,60.9,0.9644,0
1.0,2.7,123.0,88.0,14.9,57.9,0.9726,0
0.8,2.2,68.0,57.0,14.8,63.5,1.0592,0
1.4,5.8,186.0,99.0,13.6,68.9,1.0699,0
2.1,6.9,321.0,129.0,13.6,68.9,1.0661,0
2.3,9.1,343.0,137.0,13.5,67.1,1.0357,0
3.5,14.0,550.0,146.0,12.3,75.4,1.0768,1
3.8,13.1,598.0,139.0,11.7,80.0,1.0938,1
2.4,7.2,390.0,128.0,11.8,82.7,1.1381,0
1.0,3.8,159.0,106.0,11.8,77.5,1.0741,0
1.3,5.2,193.0,114.0,12.0,72.3,1.0095,0
2.3,7.4,316.0,137.0,11.2,79.6,1.0587,0
1.5,3.9,199.0,114.0,11.5,74.2,1.0063,0
1.1,2.7,134.0,92.0,11.6,68.9,0.9411,0
0.6,1.5,98.5,73.5,11.5,67.4,0.9106,0
0.7,1.3,63.0,55.0,11.7,64.6,0.8888,0
0.4,0.7,50.0,46.0,11.9,61.1,0.8527,0
0.5,1.4,93.0,67.0,12.5,57.3,0.8269,0
0.8,3.0,161.0,95.0,12.3,60.1,0.8562,0
1.9,9.1,368.0,133.0,11.5,68.7,0.9302,0
2.3,10.0,344.0,138.0,12.5,63.2,0.9113,1
1.9,8.6,288.0,127.0,12.9,63.2,0.9335,0
1.6,6.4,244.0,119.0,13.5,59.9,0.9261,0
1.4,6.2,224.0,113.0,13.4,61.3,0.9379,0
1.5,5.7,206.0,109.0,14.4,57.1,0.9309,0
1.4,5.0,163.0,97.0,15.0,57.2,0.9698,0
2.0,8.0,296.0,117.0,12.4,72.6,1.0422,0
2.5,10.5,386.0,132.0,12.8,73.6,1.0851,1
2.2,6.9,262.0,117.0,13.3,68.2,1.0356,0
2.0,7.8,212.0,110.0,13.4,66.6,1.0187,0
2.1,8.0,245.0,119.0,13.3,63.6,0.9661,0
2.1,8.1,263.0,116.0,12.9,62.4,0.9258,0
2.1,7.5,300.0,123.0,12.4,64.7,0.9266,0
1.6,6.0,242.0,117.0,12.1,65.6,0.9222,0
1.1,3.2,152.0,100.0,11.3,69.8,0.932,0
1.2,4.1,165.0,101.0,11.0,68.7,0.9001,0
1.204123711340206,3.1,165.51546391752578,101.05154639175258,11.1,65.3,0.8601,0
1.2082474226804123,2.9,166.03092783505156,101.10309278350516,10.2,66.9,0.8323,0
1.2123711340206185,3.0,166.5463917525773,101.15463917525771,9.5,70.1,0.8343,0
1.2164948453608246,2.5,167.06185567010309,101.20618556701032,9.8,69.4,0.8397,0
1.2206185567010308,0.9,167.57731958762886,101.25773195876288,10.7,62.5,0.802,0
1.224742268041237,1.8,168.09278350515464,101.30927835051548,10.4,64.8,0.8138,0
1.2288659793814434,6.6,168.60824742268042,101.36082474226804,9.7,73.1,0.8772,0
1.2329896907216495,15.3,169.12371134020617,101.41237113402062,9.3,77.0,0.9018,0
1.2371134020618555,23.4,169.63917525773195,101.4639175257732,9.1,77.1,0.8947,0
1.241237113402062,15.3,170.15463917525773,101.51546391752578,10.6,67.9,0.8666,0
1.245360824742268,9.2,170.6701030927835,101.56701030927834,12.7,56.7,0.8304,0
1.2494845360824742,10.4,171.18556701030928,101.61855670103093,13.0,53.9,0.8029,0
1.2536082474226804,14.8,171.70103092783506,101.6701030927835,13.9,49.0,0.7727,0
1.2577319587628866,14.6,172.2164948453608,101.72164948453609,14.4,49.2,0.8027,0
1.2618556701030927,10.7,172.7319587628866,101.77319587628864,14.3,48.6,0.79,0
1.265979381443299,15.5,173.24742268041237,101.82474226804123,13.6,52.8,0.8177,0
1.270103092783505,14.9,173.76288659793815,101.8762886597938,13.1,54.3,0.8167,0
1.2742268041237113,12.4,174.27835051546393,101.9278350515464,12.4,59.3,0.853,0
1.2783505154639174,11.2,174.79381443298968,101.97938144329896,12.1,61.5,0.8677,0
1.2824742268041236,11.3,175.30927835051546,102.03092783505154,12.0,60.8,0.852,0
1.2865979381443298,12.9,175.82474226804123,102.08247422680412,11.0,73.8,0.9677,0
1.2907216494845362,6.4,176.340206185567,102.1340206185567,9.6,82.9,0.99,0
1.2948453608247423,3.6,176.8556701030928,102.18556701030928,8.6,83.5,0.9372,0
1.2989690721649485,2.9,177.37113402061857,102.23711340206184,8.7,83.0,0.9393,0
1.303092783505155,2.8,177.88659793814432,102.28865979381445,8.8,81.2,0.9214,0
1.3072164948453608,2.8,178.4020618556701,102.340206185567,8.9,79.0,0.9032,0
1.311340206185567,2.2,178.91752577319588,102.3917525773196,9.0,76.5,0.8828,0
1.3154639175257732,1.0,179.43298969072166,102.44329896907216,9.0,75.8,0.8721,0
1.3195876288659794,1.4,179.94845360824743,102.49484536082474,9.1,73.9,0.8576,0
1.3237113402061855,1.6,180.4639175257732,102.54639175257732,9.4,70.9,0.8386,0
1.3278350515463917,2.0,180.97938144329896,102.5979381443299,10.1,65.9,0.8148,0
1.331958762886598,3.4,181.49484536082477,102.64948453608248,10.1,64.6,0.7967,0
1.336082474226804,2.9,182.0103092783505,102.70103092783503,9.3,64.7,0.7575,0
1.3402061855670102,3.0,182.5257731958763,102.75257731958764,9.9,61.3,0.7499,0
1.3443298969072166,3.3,183.04123711340208,102.8041237113402,10.6,59.9,0.7674,0
1.3484536082474228,4.3,183.55670103092783,102.85567010309278,11.1,55.3,0.7325,0
1.352577319587629,5.5,184.0721649484536,102.90721649484536,12.0,49.3,0.69,0
1.3567010309278351,4.5,184.58762886597935,102.95876288659794,11.6,46.8,0.6397,0
1.3608247422680413,4.1,185.1030927835052,103.01030927835052,12.0,44.0,0.6169,0
1.3649484536082477,4.5,185.6185567010309,103.06185567010309,11.8,44.3,0.6141,0
1.3690721649484536,4.9,186.1340206185567,103.11340206185568,11.3,45.4,0.6063,0
1.3731958762886598,9.0,186.64948453608247,103.16494845360825,11.3,44.1,0.5909,0
1.377319587628866,9.0,187.16494845360825,103.21649484536084,11.2,45.1,0.5971,0
1.381443298969072,7.2,187.68041237113405,103.2680412371134,10.8,47.3,0.6122,0
1.3855670103092783,4.7,188.1958762886598,103.31958762886596,10.7,47.7,0.6127,0
1.3896907216494845,3.3,188.71134020618555,103.37113402061856,10.5,46.9,0.5956,0
1.3938144329896909,2.7,189.22680412371133,103.42268041237114,10.2,45.4,0.5632,0
1.3979381443298968,2.2,189.7422680412371,103.47422680412372,9.7,46.0,0.5546,0
1.402061855670103,2.8,190.2577319587629,103.52577319587628,9.8,45.2,0.5489,0
1.4061855670103092,1.8,190.77319587628867,103.57731958762886,9.4,45.4,0.5355,0
1.4103092783505156,1.5,191.2886597938144,103.62886597938144,9.3,44.0,0.5153,0
1.4144329896907215,0.9,191.8041237113402,103.68041237113404,8.8,45.2,0.5134,0
1.418556701030928,1.1,192.319587628866,103.7319587628866,8.7,45.6,0.5128,0
1.422680412371134,0.7,192.83505154639172,103.78350515463916,8.5,44.8,0.498,0
1.4268041237113402,1.4,193.35051546391756,103.83505154639175,8.7,43.4,0.4905,0
1.4309278350515464,6.2,193.8659793814433,103.88659793814432,8.5,43.6,0.4865,0
1.4350515463917526,6.1,194.38144329896903,103.9381443298969,8.8,42.0,0.4773,0
1.4391752577319588,5.0,194.89690721649484,103.98969072164948,10.8,35.1,0.4549,0
1.443298969072165,4.1,195.41237113402065,104.04123711340206,11.7,34.4,0.4712,0
1.447422680412371,4.4,195.9278350515464,104.09278350515464,12.6,31.7,0.4613,0
1.4515463917525773,4.6,196.44329896907212,104.14432989690722,12.5,30.3,0.4367,0
1.4556701030927834,4.3,196.95876288659792,104.1958762886598,11.4,32.8,0.4424,0
1.4597938144329898,3.6,197.4742268041237,104.24742268041236,12.1,31.1,0.4383,0
1.463917525773196,5.6,197.98969072164948,104.29896907216497,12.3,29.7,0.4226,0
1.4680412371134022,4.8,198.5051546391753,104.35051546391752,9.8,36.4,0.4414,0
1.4721649484536083,8.1,199.02061855670104,104.4020618556701,9.3,40.8,0.4781,0
1.4762886597938143,5.2,199.5360824742268,104.45360824742268,8.6,45.1,0.5038,0
1.480412371134021,10.2,200.05154639175257,104.50515463917526,9.3,41.7,0.4884,0
1.4845360824742269,5.5,200.56701030927837,104.55670103092784,8.7,44.3,0.4998,0
1.488659793814433,3.1,201.08247422680407,104.6082474226804,8.0,47.6,0.5113,0
1.4927835051546392,4.2,201.5979381443299,104.659793814433,7.7,47.2,0.4975,0
1.4969072164948454,6.2,202.11340206185565,104.71134020618555,7.2,50.2,0.5118,0
1.5010309278350515,4.8,202.62886597938143,104.76288659793816,6.9,50.3,0.5029,0
1.5051546391752575,3.0,203.1443298969072,104.81443298969072,6.7,50.7,0.4998,0
1.509278350515464,1.2,203.659793814433,104.8659793814433,7.6,46.4,0.4869,0
1.51340206185567,0.4,204.1752577319588,104.91752577319588,7.4,45.7,0.4714,0
1.5175257731958762,0.4,204.69072164948452,104.96907216494846,6.9,49.3,0.4913,0
1.5216494845360824,0.6,205.20618556701032,105.02061855670104,7.8,48.1,0.5095,0
1.5257731958762886,1.1,205.72164948453607,105.0721649484536,8.1,47.8,0.5157,0
1.5298969072164947,1.6,206.23711340206185,105.1237113402062,8.5,46.7,0.5191,0
1.5340206185567011,3.1,206.75257731958763,105.17525773195877,8.9,44.1,0.5039,0
1.5381443298969073,5.6,207.26804123711335,105.22680412371136,9.4,42.5,0.5038,0
1.5422680412371137,4.5,207.7835051546392,105.27835051546391,10.8,36.3,0.4712,0
1.5463917525773196,3.8,208.2989690721649,105.3298969072165,11.9,30.6,0.4264,0
1.5505154639175258,6.2,208.81443298969072,105.38144329896907,12.2,29.7,0.4205,0
1.554639175257732,5.6,209.3298969072165,105.43298969072166,12.0,31.1,0.434,0
1.5587628865979382,4.1,209.84536082474227,105.48453608247422,12.7,28.4,0.416,0
1.5628865979381443,5.6,210.36082474226805,105.5360824742268,13.3,27.5,0.4185,0
1.5670103092783505,7.6,210.8762886597938,105.58762886597938,11.4,30.8,0.4148,0
1.571134020618557,6.1,211.3917525773196,105.63917525773196,9.8,34.0,0.4112,0
1.575257731958763,5.3,211.90721649484536,105.69072164948452,9.3,33.6,0.3958,0
1.5793814432989692,5.3,212.42268041237116,105.74226804123712,9.6,32.3,0.3871,0
1.5835051546391754,5.5,212.9381443298969,105.79381443298968,9.1,32.5,0.3766,0
1.5876288659793816,5.6,213.45360824742264,105.84536082474229,9.1,37.2,0.431,0
1.5917525773195875,4.6,213.96907216494844,105.89690721649484,7.8,38.4,0.4085,0
1.595876288659794,4.2,214.48453608247425,105.94845360824742,8.2,40.1,0.4375,0
1.6,8.8,215.0,106.0,5.3,50.7,0.4564,0
2.5,7.5,300.0,129.0,5.9,50.0,0.4689,0
2.7,7.6,276.5,127.5,4.9,53.9,0.4693,0
1.9,5.6,253.0,126.0,4.3,55.3,0.465,0
1.4,4.8,181.0,106.0,4.2,57.1,0.4759,0
1.5,5.3,171.0,99.0,3.5,58.3,0.4636,0
1.4,4.5,168.0,97.0,3.0,60.7,0.4667,0
1.1,3.0,169.0,94.0,2.6,63.2,0.4721,0
1.0,3.0,145.0,86.0,3.9,59.0,0.4807,0
1.2,4.7,190.0,97.0,4.7,57.2,0.4932,0
1.7,5.4,225.0,113.0,6.8,48.6,0.4822,0
2.3,7.4,261.0,125.0,8.6,43.6,0.4887,0
2.2,8.4,382.0,147.0,9.5,41.2,0.4908,1
2.4,8.9,357.0,153.0,10.9,35.9,0.468,1
2.2,7.9,299.0,147.0,12.5,32.3,0.467,0
2.1,7.7,313.0,139.0,12.8,32.6,0.4814,0
3.0,12.1,510.0,165.0,10.9,39.7,0.5166,1
4.7,16.6,832.0,191.0,9.0,51.8,0.5961,1
3.6,11.4,622.0,172.0,8.1,54.1,0.5882,1
2.5,7.9,402.0,151.0,7.8,54.6,0.5786,1
2.3,8.1,334.0,137.0,6.2,59.6,0.5698,0
2.1,6.4,295.0,130.0,5.7,59.9,0.5523,0
1.7,5.2,222.0,115.0,5.6,59.7,0.5463,0
1.8,5.2,230.0,112.0,4.7,62.9,0.5424,0
1.6,4.3,195.0,105.0,4.5,63.5,0.5411,0
1.3,3.6,167.0,96.0,4.5,63.6,0.5414,0
1.3,4.5,157.5,91.5,3.1,70.0,0.5388,0
1.3,3.3,148.0,87.0,3.2,68.3,0.531,0
1.1,2.7,123.0,75.0,3.1,69.2,0.5337,0
1.0,2.4,148.0,82.0,2.4,71.9,0.5288,0
1.0,2.6,143.0,83.0,3.1,68.7,0.5317,0
1.2,3.4,180.0,88.0,2.1,73.1,0.5289,0
1.3,3.9,226.0,106.0,3.3,68.2,0.5346,0
1.6,4.9,254.0,112.0,4.1,65.8,0.5451,0
2.2,7.5,372.0,141.0,6.6,56.6,0.5528,0
2.2,7.1,379.0,148.0,8.0,51.2,0.5516,1
2.8,9.6,478.0,171.0,10.3,44.9,0.5612,1
2.1,6.5,344.0,160.0,12.3,41.7,0.5961,0
1.6,5.5,258.0,137.0,13.5,41.3,0.6342,0
2.8,10.5,474.0,167.0,13.4,43.1,0.66,1
2.6,8.9,438.0,164.0,9.9,53.3,0.6504,1
2.8,8.8,451.0,166.0,8.9,54.6,0.6226,1
2.9,10.5,473.0,167.0,8.9,54.8,0.6244,1
3.4,13.0,560.0,174.0,8.3,58.2,0.6391,1
2.9,12.860377358490569,470.0,160.0,8.322641509433963,58.41320754716981,0.6426283018867924,1
3.2,12.720754716981132,506.0,169.0,8.345283018867924,58.62641509433963,0.6461566037735849,1
3.1,12.581132075471698,482.0,162.0,8.367924528301888,58.83962264150944,0.6496849056603774,1
3.0,12.441509433962263,436.0,149.0,8.39056603773585,59.052830188679245,0.6532132075471698,1
3.4,12.30188679245283,472.0,158.0,8.413207547169812,59.26603773584906,0.6567415094339623,1
3.0,12.162264150943397,379.0,143.0,8.435849056603773,59.47924528301887,0.6602698113207547,1
2.7,12.022641509433962,332.5,132.0,8.458490566037737,59.692452830188685,0.6637981132075471,1
1.9,11.883018867924529,286.0,121.0,8.481132075471699,59.905660377358494,0.6673264150943397,0
1.1,11.743396226415094,155.0,92.0,8.50377358490566,60.1188679245283,0.6708547169811321,0
1.4,11.60377358490566,264.0,102.0,8.526415094339622,60.33207547169812,0.6743830188679245,0
1.8,11.464150943396229,366.0,121.0,8.549056603773586,60.54528301886793,0.6779113207547169,0
3.6,11.324528301886792,622.0,164.0,8.571698113207548,60.758490566037736,0.6814396226415094,1
3.1,11.18490566037736,551.0,175.0,8.59433962264151,60.97169811320755,0.6849679245283019,1
1.9,11.045283018867924,349.0,130.0,8.616981132075471,61.18490566037736,0.6884962264150943,0
1.7,10.90566037735849,285.0,117.0,8.639622641509435,61.39811320754717,0.6920245283018868,0
1.7,10.766037735849055,265.0,115.0,8.662264150943397,61.611320754716985,0.6955528301886792,0
1.6,10.626415094339622,222.0,106.0,8.684905660377359,61.8245283018868,0.6990811320754717,0
1.6,10.486792452830189,237.0,102.0,8.70754716981132,62.0377358490566,0.7026094339622642,0
1.7,10.347169811320754,294.0,122.0,8.730188679245284,62.25094339622642,0.7061377358490566,0
2.2,10.20754716981132,329.0,138.0,8.752830188679246,62.46415094339623,0.709666037735849,1
3.3,10.067924528301887,487.0,162.0,8.775471698113208,62.67735849056604,0.7131943396226414,1
3.9,9.928301886792454,604.0,177.0,8.79811320754717,62.89056603773585,0.7167226415094339,1
5.0,9.78867924528302,728.0,190.0,8.820754716981133,63.10377358490566,0.7202509433962264,1
4.2,9.649056603773584,653.0,182.0,8.843396226415095,63.31698113207548,0.7237792452830188,1
3.2,9.50943396226415,509.0,163.0,8.866037735849057,63.530188679245285,0.7273075471698113,1
1.7,9.369811320754716,277.0,135.0,8.888679245283019,63.74339622641509,0.7308358490566037,0
1.5,9.230188679245284,268.0,130.0,8.911320754716982,63.95660377358491,0.7343641509433962,0
1.3,9.090566037735847,193.0,117.0,8.933962264150944,64.16981132075472,0.7378924528301887,0
1.2,8.950943396226414,167.0,104.0,8.956603773584906,64.38301886792453,0.7414207547169811,0
1.3,8.81132075471698,159.0,97.0,8.979245283018868,64.59622641509434,0.7449490566037735,0
0.8,8.671698113207547,124.0,84.5,9.001886792452831,64.80943396226415,0.748477358490566,0
0.6,8.532075471698114,89.0,72.0,9.024528301886791,65.02264150943397,0.7520056603773585,0
0.8,8.39245283018868,97.0,71.0,9.047169811320757,65.23584905660377,0.7555339622641509,0
0.9,8.252830188679244,182.0,94.0,9.069811320754717,65.44905660377358,0.7590622641509434,0
1.1,8.11320754716981,262.0,118.0,9.09245283018868,65.6622641509434,0.7625905660377358,0
3.4,7.973584905660378,561.0,174.0,9.115094339622642,65.87547169811322,0.7661188679245283,1
3.6,7.833962264150943,540.0,170.0,9.137735849056604,66.08867924528302,0.7696471698113208,1
3.1,7.694339622641509,480.0,171.0,9.160377358490566,66.30188679245283,0.7731754716981132,1
3.3,7.554716981132076,608.0,196.0,9.18301886792453,66.51509433962264,0.7767037735849056,1
3.4,7.415094339622642,584.0,191.0,9.205660377358493,66.72830188679245,0.780232075471698,1
2.8,7.275471698113208,426.0,165.0,9.228301886792451,66.94150943396227,0.7837603773584905,1
2.6,7.1358490566037736,397.0,148.0,9.250943396226416,67.15471698113208,0.787288679245283,1
3.0,6.996226415094339,473.0,172.0,9.273584905660378,67.36792452830188,0.7908169811320754,1
2.9,6.856603773584906,369.0,165.0,9.29622641509434,67.5811320754717,0.7943452830188679,1
3.8,6.716981132075472,532.0,184.0,9.318867924528302,67.79433962264152,0.7978735849056603,1
3.8,6.577358490566038,498.0,173.0,9.341509433962264,68.00754716981132,0.8014018867924528,1
3.6,6.437735849056604,487.0,174.0,9.364150943396227,68.22075471698113,0.8049301886792453,1
4.5,6.2981132075471695,629.0,181.0,9.38679245283019,68.43396226415095,0.8084584905660377,1
3.7,6.158490566037736,502.0,166.0,9.409433962264153,68.64716981132075,0.8119867924528301,1
2.4,6.018867924528302,381.0,150.0,9.432075471698113,68.86037735849057,0.8155150943396225,1
1.7,5.879245283018868,250.0,131.0,9.454716981132076,69.07358490566038,0.819043396226415,0
1.7,5.739622641509434,266.0,129.0,9.477358490566038,69.28679245283018,0.8225716981132075,0
1.7,5.6,226.0,120.0,9.5,69.5,0.8261,0
1.9,8.1,259.0,119.0,9.1,70.9,0.8176,0
2.0,8.5,259.5,115.0,8.1,72.1,0.7798,0
2.0,7.7,260.0,111.0,7.9,72.1,0.7679,0
1.7,6.8,242.0,109.0,7.6,72.7,0.7598,0
1.8,8.1,267.0,110.0,7.5,71.7,0.7439,0
2.2,11.1,411.0,126.0,7.9,70.6,0.7562,1
3.7,16.4,670.0,148.0,8.6,69.0,0.7732,1
4.8,21.6,830.0,162.0,9.1,67.5,0.7831,1
4.8,19.3,845.0,173.0,9.8,65.8,0.7967,1
5.2,22.9,992.0,198.0,11.2,61.9,0.8226,1
5.9,25.3,1130.0,219.0,12.8,60.1,0.882,1
5.9,25.2,977.0,206.0,13.4,62.4,0.9513,1
3.1,13.2,459.0,155.0,14.3,61.2,0.9941,1
2.6,13.9,346.0,150.0,14.6,59.6,0.9824,1
2.8,13.8,383.0,148.0,14.2,60.0,0.9684,1
2.8,13.5,414.0,158.0,13.8,62.6,0.9862,1
2.8,13.5,370.0,152.0,13.6,64.0,0.9891,1
3.1,15.0,400.0,148.0,13.4,64.5,0.9865,1
3.3,14.9,378.0,147.0,13.5,64.7,0.9971,1
2.7,11.9,357.0,144.0,13.4,65.3,0.9967,1
2.3,9.2,333.0,144.0,13.2,64.5,0.9732,1
1.6,6.0,227.0,126.0,13.2,62.3,0.9392,0
1.6,5.6,203.0,115.0,12.5,63.7,0.9196,0
1.7,5.4,210.0,116.0,12.3,64.6,0.9229,0
1.6,5.4,198.0,112.0,12.5,63.8,0.9244,0
1.4,3.5,143.5,89.5,12.6,62.7,0.9121,0
1.15,2.5,89.0,67.0,12.0,64.6,0.906,0
0.9,3.4,89.0,67.0,10.7,69.5,0.8919,0
0.8,1.8,101.0,72.0,12.4,62.6,0.8994,0
0.7,2.6,104.0,69.0,12.3,62.7,0.8947,0
1.1,4.0,192.0,107.0,11.4,66.6,0.8948,0
1.5,6.2,237.0,117.0,11.1,70.2,0.9276,0
1.5,5.8,211.0,115.0,13.4,61.0,0.9348,0
1.6,6.3,230.0,120.0,15.9,52.2,0.9377,0
1.6,5.9,240.0,128.0,15.6,54.0,0.9515,0
2.0,8.5,295.0,138.0,16.3,51.5,0.9462,0
1.7,6.2,243.0,127.0,16.5,50.8,0.9442,0
1.5,6.4,196.0,111.0,16.3,51.9,0.9535,0
2.0,7.9,237.0,122.0,16.2,53.0,0.9687,0
1.9,7.7,274.0,134.0,15.6,54.8,0.966,0
2.1,8.9,352.0,153.0,14.5,57.5,0.944,1
2.8,12.4,488.0,169.0,14.0,60.1,0.9566,1
2.7,11.3,426.0,162.0,13.5,63.0,0.9686,1
2.4,8.4,376.0,152.0,12.6,65.4,0.9529,1
1.6,7.3,237.0,127.0,12.0,67.5,0.9413,0
1.7,5.9,199.0,112.0,10.5,72.0,0.912,0
1.3,4.3,164.0,98.0,10.0,70.9,0.8706,0
1.4,3.6,142.0,89.0,9.8,70.7,0.8571,0
1.2,3.1,142.0,82.0,8.0,75.0,0.8098,0
1.0,2.5,134.5,79.5,7.9,75.1,0.805,0
1.0,2.5,127.0,77.0,7.0,77.3,0.7782,0
0.6,1.4,73.0,55.0,7.2,74.4,0.7581,0
0.7,1.8,100.0,63.0,6.7,75.0,0.7418,0
1.0,3.1,126.0,69.0,6.4,76.3,0.7389,0
1.7,7.6,284.0,99.0,6.0,78.5,0.7377,0
3.0,15.3,419.0,125.0,6.3,77.4,0.7452,1
2.4,9.3,432.0,123.0,7.7,73.8,0.7769,1
2.2,11.0,310.0,128.0,10.2,61.5,0.7638,0
2.6,10.6,446.0,149.0,11.3,58.1,0.7743,1
2.5,11.4,464.0,137.0,10.6,62.3,0.7981,1
3.0,13.1,505.0,147.0,11.1,62.0,0.8199,1
3.3,14.8,564.0,168.0,12.6,57.7,0.8387,1
3.8,16.5,625.0,180.0,13.3,56.2,0.8548,1
3.6,16.5,590.0,170.0,11.2,65.3,0.8639,1
5.0,21.5,712.0,180.0,8.8,74.6,0.8434,1
5.7,22.2,723.0,178.0,7.2,78.5,0.803,1
5.0,20.5,707.0,159.0,6.5,80.0,0.7789,1
4.8,17.7,737.0,156.0,5.8,83.8,0.7768,1
3.9,15.4,646.0,146.0,5.5,83.5,0.7619,1
3.3,11.6,536.0,132.0,5.8,81.3,0.7568,1
3.4,13.0,567.0,137.0,5.4,82.6,0.7495,1
2.4,6.7,357.0,114.0,6.4,76.3,0.7369,0
1.4,4.6,187.0,95.0,7.0,73.6,0.7417,0
1.4,3.8,178.0,91.5,7.2,72.3,0.7392,0
1.2,3.4,169.0,88.0,7.9,69.3,0.7413,0
1.2,3.4,184.0,94.0,7.4,71.7,0.7434,0
1.2,3.6,205.0,97.0,7.7,71.9,0.7575,0
1.3,4.5,213.0,93.0,8.1,68.0,0.7396,0
2.3,10.0,415.0,113.0,6.7,77.1,0.7597,1
3.4,14.7,583.0,126.0,6.8,77.9,0.7756,1
3.0,11.3,462.0,133.0,8.9,66.7,0.7634,1
2.5,10.4,387.0,141.0,11.6,54.1,0.7387,1
2.7,11.2,414.0,139.0,13.5,49.4,0.7598,1
2.8,13.1,440.0,147.0,13.8,50.9,0.796,1
3.6,14.3,516.0,175.0,13.4,55.9,0.8588,1
3.1,12.8,495.0,180.0,12.9,59.0,0.8736,1
4.3,18.9,643.0,194.0,13.3,59.0,0.8945,1
4.6,17.9,725.0,192.0,13.0,61.9,0.9224,1
4.3,16.5,683.0,188.0,12.5,63.6,0.9193,1
4.3,16.9,681.0,179.0,12.2,65.8,0.931,1
5.5,22.4,833.0,196.0,12.6,65.2,0.9474,1
3.4,13.6,514.0,169.0,13.3,63.6,0.9681,1
2.4,9.1,371.0,151.0,13.5,62.6,0.9644,1
1.6,6.0,213.0,123.0,14.1,59.6,0.9563,0
1.7,6.3,242.0,127.0,14.0,61.4,0.9773,0
1.6,5.5,241.0,127.0,13.5,63.4,0.9755,0
1.3,5.6,218.0,118.0,13.2,64.2,0.9706,0
0.8,3.4,144.0,86.5,13.6,62.2,0.9643,0
0.7,2.3,70.0,55.0,13.7,61.1,0.9537,0
0.6,1.8,54.0,44.0,13.5,63.8,0.9801,0
0.6,1.6,60.0,46.0,12.5,67.3,0.9743,0
0.5,1.6,55.0,46.0,13.2,64.2,0.9664,0
0.6,2.0,93.0,61.0,13.1,63.4,0.9535,0
0.7,1.9,81.0,60.0,13.8,60.5,0.9526,0
0.9,3.5,109.0,71.0,13.7,60.4,0.939,0
1.5,5.7,251.0,111.0,14.0,59.7,0.9495,0
1.9,8.1,284.0,127.0,15.0,56.2,0.9539,0
1.9,8.1,262.0,128.0,16.9,50.9,0.9714,0
2.2,12.6,256.0,142.0,16.6,52.4,0.981,0
3.8,18.1,310.0,145.0,16.4,53.2,0.9826,1
2.0,8.7,269.0,145.0,16.1,52.8,0.9579,0
2.2,8.8,348.0,156.0,15.7,54.4,0.9616,1
3.3,14.1,396.0,154.0,15.4,55.3,0.9616,1
2.7,9.3,432.0,165.0,15.2,54.7,0.9362,1
2.6,11.6,419.0,153.0,14.7,56.6,0.9392,1
2.5,9.6,412.0,151.0,14.4,58.2,0.9495,1
1.5,5.8,223.0,131.0,14.3,59.2,0.9608,0
1.9,7.5,242.0,128.0,14.0,60.4,0.9622,0
2.0,7.4,288.0,137.0,13.7,63.6,0.9912,0
1.7,7.4,209.0,119.0,13.1,68.7,1.0329,0
1.2,3.9,141.0,96.0,13.2,69.9,1.0526,0
0.9,2.1,103.5,78.0,12.8,71.2,1.0454,0
0.6,1.3,66.0,60.0,12.9,70.4,1.0444,0
0.5333333333333333,1.8,64.0,54.0,12.4,72.5,1.0411,0
0.4666666666666667,3.0,105.0,66.0,13.0,70.3,1.0502,0
0.4,6.7,303.0,104.0,12.3,73.3,1.0448,0
2.6,21.0,620.0,137.0,12.8,71.8,1.0551,1
3.5,21.4,590.0,146.0,13.1,70.2,1.0567,1
2.1,16.1,592.0,136.0,12.8,71.8,1.0551,1
2.1,16.4,698.0,144.0,13.1,70.3,1.0566,1
1.7,14.8,482.0,133.0,13.7,67.0,1.0446,1
2.6,20.1,575.0,148.0,14.0,65.4,1.0427,1
2.6,19.3,548.0,155.0,14.4,63.8,1.0421,1
2.4,19.3,498.0,152.0,14.1,65.9,1.0531,1
2.4,17.4,479.0,145.0,14.1,65.9,1.0552,1
2.0,17.0,420.0,139.0,14.1,66.0,1.0539,1
2.0,17.1,378.0,134.0,14.0,66.4,1.0536,1
3.1,16.4,340.0,128.0,13.8,66.4,1.0451,1
3.3,17.3,399.0,135.0,13.4,68.1,1.0441,1
3.3,14.6,449.0,136.0,13.2,69.1,1.0452,1
2.6,11.9,374.0,126.0,13.0,70.0,1.042,1
1.7,7.3,244.0,116.0,12.7,69.9,1.0223,0
1.8,7.7,256.0,116.0,12.0,71.9,1.0071,0
1.5,4.9,212.0,107.0,13.2,66.8,1.0087,0
1.1,3.9,146.0,91.0,12.4,69.5,0.9986,0
0.9,2.1,121.0,80.5,13.1,65.7,0.9858,0
0.7,2.9,96.0,70.0,11.8,70.6,0.9731,0
0.7,2.6,106.0,78.0,12.3,68.0,0.9734,0
0.9,3.3,115.0,75.0,12.0,69.2,0.9697,0
1.3,5.2,236.0,101.0,11.7,69.8,0.9612,0
3.2,19.0,583.0,136.0,12.1,67.6,0.95,1
5.1,26.5,662.0,147.0,12.5,65.1,0.9399,1
3.7,15.3,528.0,143.0,12.8,62.5,0.9213,1
3.2,15.6,549.0,153.0,13.4,59.9,0.9143,1
3.1,16.4,531.0,148.0,13.4,57.9,0.8895,1
3.0,16.1,493.0,149.0,13.6,56.4,0.8754,1
3.6,18.8,527.0,141.0,13.8,56.3,0.8841,1
3.2,18.0,487.0,147.0,13.7,57.9,0.9063,1
3.9,20.1,581.0,159.0,13.6,58.9,0.9139,1
3.4,17.6,531.0,152.0,13.4,59.7,0.9142,1
3.9,19.3,495.0,144.0,13.3,61.2,0.933,1
3.6,19.7,487.0,146.0,13.2,61.8,0.9313,1
4.7,24.5,596.0,162.0,12.9,61.5,0.9139,1
4.1,18.4,595.0,156.0,12.6,63.9,0.9307,1
3.4,16.6,559.0,146.0,12.0,67.4,0.9417,1
3.5,16.2,586.0,151.0,11.9,69.0,0.9568,1
1.2,9.6,399.0,127.0,12.0,66.6,0.9293,0
2.4,11.4,399.0,123.0,11.4,69.6,0.9373,1
2.1,9.1,381.0,122.0,11.2,70.3,0.9323,0
1.1,4.3,271.5,103.5,11.5,68.2,0.9271,0
1.05,4.2,162.0,85.0,10.7,71.3,0.9161,0
1.0,4.7,183.0,83.0,10.0,74.8,0.9161,0
1.4,7.3,357.0,98.0,9.2,78.5,0.9143,0
1.8,9.3,479.0,109.0,8.8,79.4,0.9033,0
3.8,17.8,852.0,138.0,8.7,79.4,0.8944,1
4.1,20.1,822.0,138.0,8.9,76.5,0.8767,1
4.4,19.6,910.0,170.0,9.9,73.3,0.8936,1
3.5,16.5,800.0,191.0,11.8,65.5,0.901,1
3.5,17.3,758.0,196.0,13.0,60.9,0.9061,1
3.8,17.7,647.0,185.0,14.7,52.3,0.8687,1
3.1,15.2,431.0,156.0,15.1,49.6,0.8428,1
3.4,18.2,491.0,173.0,15.7,48.8,0.8657,1
3.3,17.2,476.0,166.0,15.8,48.9,0.8707,1
3.4,17.6,538.0,173.0,14.6,54.0,0.8946,1
4.7,25.4,621.0,177.0,14.3,56.3,0.9119,1
5.7,28.4,728.0,182.0,14.1,57.8,0.9262,1
5.6,27.5,716.0,166.0,13.1,62.9,0.943,1
5.9,23.3,782.0,177.0,12.0,67.5,0.9467,1
3.6,15.2,550.0,158.0,10.7,70.9,0.9113,1
2.5,11.1,377.0,133.0,10.0,73.2,0.8988,1
2.9,11.5,391.0,123.0,9.4,75.0,0.8874,1
2.5,10.2,433.0,120.0,8.5,76.9,0.8557,1
1.7,6.0,287.0,105.0,8.4,75.9,0.8407,0
1.6,6.3,239.5,95.5,6.9,80.7,0.8054,0
1.1,3.7,192.0,86.0,6.2,82.1,0.7825,0
0.9,3.2,161.0,77.0,7.0,77.3,0.7759,0
1.0,3.7,194.0,81.0,6.5,79.7,0.7751,0
1.6,8.0,343.0,103.0,7.7,76.8,0.8112,0
3.1,16.3,624.0,127.0,8.2,74.9,0.8184,1
4.1,24.0,758.0,134.0,8.8,73.2,0.8298,1
3.9,15.7,760.0,158.0,9.7,70.1,0.8432,1
3.6,16.5,713.0,175.0,11.7,62.7,0.8586,1
3.2,12.8,615.0,178.0,13.1,58.5,0.877,1
2.2,11.3,319.0,135.0,14.2,54.1,0.8707,0
2.4,12.9,338.0,133.0,14.2,54.3,0.8757,1
2.7,14.1,380.0,134.0,14.0,56.3,0.894,1
2.7,15.8,366.0,137.0,13.5,57.8,0.8933,1
3.9,19.9,567.0,160.0,12.3,63.0,0.9015,1
5.2,26.6,702.0,166.0,11.4,68.0,0.9166,1
4.0,19.8,523.0,144.0,10.8,69.5,0.8995,1
2.9,13.3,373.0,129.0,11.0,67.1,0.8766,1
3.3,13.0,467.0,129.0,9.5,71.3,0.8458,1
2.0,7.5,260.0,107.0,8.8,71.0,0.8089,0
1.8,7.8,244.0,101.0,8.0,73.4,0.7899,0
2.7,8.8,317.0,112.0,7.6,73.0,0.7629,0
1.8,6.4,224.0,98.0,7.1,73.9,0.7515,0
1.3,4.5,176.0,90.0,7.1,73.5,0.7439,0
1.0,3.6,139.5,74.5,6.7,75.0,0.739,0
1.1,4.2,103.0,59.0,5.1,81.3,0.7204,0
1.6,6.9,367.0,98.0,4.3,82.9,0.6968,0
1.3,5.0,326.0,109.0,5.3,80.4,0.7234,0
1.4,7.3,374.0,110.0,5.7,79.3,0.7326,0
5.0,24.5,756.0,159.0,6.8,74.8,0.7423,1
4.3,16.9,690.0,144.0,6.9,75.2,0.7505,1
4.1,17.7,754.0,147.0,8.0,71.9,0.7712,1
3.8,17.1,750.0,179.0,9.3,67.1,0.7849,1
3.1,14.7,590.0,164.0,10.2,63.6,0.7928,1
3.3,17.4,525.0,160.0,11.0,60.9,0.7966,1
3.1,15.1,406.0,143.0,11.3,60.1,0.8022,1
2.7,14.5,360.0,138.0,12.2,56.9,0.8068,1
3.4,16.9,448.0,143.0,11.9,59.1,0.8211,1
5.0,24.3,733.0,196.0,10.3,66.3,0.8286,1
5.7,26.1,847.0,197.0,8.2,74.9,0.8187,1
5.8,26.4,765.0,189.0,7.9,77.1,0.8223,1
5.8,25.7,715.0,188.0,8.3,75.0,0.8253,1
5.0,18.2,716.0,190.0,8.2,75.2,0.8185,1
1.7,6.2,235.0,126.0,8.3,69.7,0.7632,0
1.6,6.7,198.0,113.0,6.7,74.4,0.7344,0
2.3,7.5,293.0,129.0,6.4,74.9,0.7238,0
2.4,7.5,356.0,128.0,4.9,80.1,0.7011,0
2.0,6.2,285.0,122.0,4.8,79.4,0.6872,0
1.6,5.1,275.5,118.5,3.3,82.6,0.645,0
1.35,4.8,266.0,115.0,2.4,86.6,0.6369,0
1.1,3.1,158.0,92.0,3.4,81.4,0.6425,0
1.0,2.8,95.0,70.0,4.2,77.0,0.6439,0
1.3,4.3,148.0,83.0,3.5,80.8,0.6406,0
1.9,9.7,337.0,127.0,3.5,80.3,0.6366,0
2.6,10.9,453.0,142.0,4.0,78.5,0.645,1
2.7,10.6,497.0,155.0,4.5,76.6,0.6534,1
2.4,10.0,448.0,153.0,5.6,72.3,0.6627,1
2.7,11.6,496.0,177.0,7.5,64.4,0.672,1
3.1,15.6,535.0,179.0,8.9,60.8,0.6921,1
4.4,18.1,644.0,212.0,10.6,55.3,0.7058,1
3.2,12.3,459.0,182.0,12.3,46.3,0.6597,1
2.9,11.4,409.0,168.0,12.2,47.0,0.6686,1
3.0,15.2,515.0,179.0,10.5,55.1,0.6993,1
3.7,17.4,640.0,182.0,8.7,66.3,0.7491,1
5.2,20.8,816.0,194.0,7.9,69.9,0.7487,1
3.3,12.8,505.0,166.0,7.6,65.3,0.6842,1
3.6,14.7,560.0,168.0,6.5,67.6,0.6608,1
2.3,8.3,389.0,148.0,5.9,66.4,0.6226,1
3.0,11.1,492.0,151.0,5.2,70.0,0.6232,1
3.8,13.6,531.0,165.0,5.2,67.8,0.6028,1
3.2,9.8,487.0,165.0,4.9,67.1,0.5863,1
2.1,7.6,293.0,128.0,5.1,65.5,0.5811,0
1.7,6.0,256.0,121.5,4.0,69.5,0.5706,0
1.7,5.9,219.0,115.0,3.7,68.9,0.5549,0
1.4,4.2,198.0,120.0,4.5,62.7,0.5343,0
1.2,4.5,166.0,106.0,4.7,62.3,0.5368,0
1.4,5.4,255.0,118.0,3.9,67.1,0.5483,0
1.4,4.8,312.0,156.0,5.7,54.5,0.5034,0
1.7,6.3,236.0,130.0,6.1,50.3,0.4769,0
1.0,2.6,172.0,112.0,9.0,39.5,0.4554,0
1.0,2.6,138.0,96.0,10.7,34.4,0.4406,0
0.8,2.2,121.0,89.0,11.1,33.4,0.4401,0
1.0,3.0,143.0,98.0,11.9,30.8,0.4285,0
0.8,1.9,114.0,85.0,11.4,32.0,0.431,0
0.7,2.0,107.0,80.0,11.3,32.5,0.4334,0
1.1,2.8,176.0,112.0,11.0,33.0,0.4331,0
1.1,3.3,180.0,121.0,10.3,35.0,0.4377,0
1.2,3.4,212.0,132.0,8.4,40.9,0.4542,0
2.0,7.1,331.0,160.0,8.3,38.5,0.4228,0
2.2,7.4,369.0,167.0,8.1,37.9,0.41,1
1.5,4.3,274.0,157.0,7.7,39.0,0.4106,0
1.2,3.9,199.0,130.0,7.0,41.5,0.4193,0
1.5,5.2,248.0,145.0,6.6,42.6,0.4179,0
1.4,3.8,197.0,133.0,6.4,44.2,0.428,0
1.2,3.5,147.0,110.0,6.0,46.0,0.4349,0
1.0,2.9,135.0,100.0,4.4,53.1,0.4484,0
0.6,1.4,115.0,89.5,4.0,54.3,0.4454,0
0.7,1.1,95.0,79.0,3.7,55.8,0.4489,0
0.5,1.0,94.0,79.0,2.6,58.6,0.4385,0
0.7,1.6,121.0,90.0,3.2,56.0,0.4364,0
1.0,3.2,131.0,95.0,3.6,55.4,0.4419,0
3.0,15.9,552.0,169.0,1.8,63.3,0.4464,1
4.1,18.0,614.0,199.0,2.4,60.2,0.4426,1
3.1,14.7,530.0,186.0,4.6,52.1,0.4472,1
3.8,15.1,721.0,208.0,8.2,40.5,0.4414,1
2.7,13.4,474.0,178.0,10.5,34.7,0.4393,1
3.1,14.5,514.0,176.0,11.1,33.3,0.4384,1
3.1,14.7,504.0,177.0,11.1,32.6,0.4292,1
3.2,17.0,508.0,182.0,12.4,28.3,0.4076,1
3.3,15.3,529.0,182.0,12.9,24.5,0.363,1
4.0,21.2,676.0,193.0,11.4,28.7,0.3865,1
8.6,43.0,1216.0,272.0,9.2,39.3,0.4573,1
8.7,37.2,1230.0,225.0,7.8,48.1,0.5115,1
3.6,16.7,582.0,181.0,7.2,50.6,0.517,1
3.0,13.4,460.0,172.0,6.0,53.3,0.5008,1
1.9,8.7,340.0,153.0,5.3,55.0,0.4921,1
1.9,7.4,298.0,143.0,4.2,58.1,0.4832,0
1.6,6.7,300.0,142.0,3.4,60.9,0.4809,0
1.4,5.0,223.0,131.0,3.0,60.2,0.4639,0
1.0,3.4,151.0,105.0,3.2,58.8,0.4578,0
0.7,2.4,129.5,94.0,3.3,57.7,0.4516,0
0.75,2.1,108.0,83.0,4.5,53.8,0.4572,0
0.8,2.5,125.0,87.0,3.1,59.7,0.4604,0
0.9,3.5,181.0,106.0,4.2,57.1,0.4743,0
1.5,6.9,341.0,140.0,3.4,58.5,0.4608,0
3.1,16.8,552.0,167.0,3.9,57.3,0.4661,1
5.1,20.3,839.0,175.0,4.3,56.8,0.4768,1
5.8,25.0,1049.0,235.0,5.6,52.9,0.4841,1
3.8,17.2,796.0,196.0,5.5,54.9,0.4985,1
4.4,21.4,999.0,211.0,5.1,64.3,0.5697,1
4.9,25.1,1022.0,234.0,5.5,66.1,0.601,1
5.2,28.0,1023.0,240.0,5.5,69.3,0.6331,1
4.6,26.1,1065.0,243.0,5.0,75.5,0.6667,1
4.8,24.7,1098.0,224.0,5.2,76.2,0.6796,1
4.9,24.5,1099.0,240.0,5.3,77.4,0.6954,1
4.9,27.7,939.0,215.0,5.0,79.6,0.7022,1
5.5,26.0,875.0,216.0,5.1,83.0,0.7352,1
4.2,21.7,745.0,184.0,6.4,82.9,0.8022,1
1.5,6.0,339.0,152.0,10.3,74.0,0.9237,0
0.1,3.3,135.0,104.0,11.3,71.8,0.9577,0
0.2,4.9,167.0,104.0,9.8,81.9,0.9923,0
0.9,6.6,232.0,124.0,9.5,83.8,0.9972,0
1.0,6.7,273.0,127.0,9.9,81.0,0.9885,0
0.4,4.4,165.0,109.0,9.9,79.8,0.9725,0
0.34,1.5,120.0,91.0,6.9,76.4,0.7661,0
0.28,1.1,75.0,73.0,4.8,75.7,0.659,0
0.2199999999999999,0.9,53.0,52.0,4.7,78.9,0.682,0
0.1599999999999999,1.2,72.0,57.0,5.0,75.0,0.6627,0
0.1,2.5,130.0,89.0,5.6,69.5,0.6362,0
0.7,7.6,265.0,128.0,7.0,64.9,0.6512,0
1.2,7.3,314.0,152.0,7.1,65.4,0.6644,0
0.2,3.7,194.0,128.0,6.4,67.4,0.6537,0
0.2333333333333333,2.5,180.0,124.0,5.3,75.9,0.6824,0
0.2666666666666666,2.7,181.0,117.0,6.3,73.0,0.7024,0
0.3,4.6,193.0,110.0,8.6,63.3,0.7073,0
0.6,6.7,263.0,128.0,10.0,55.0,0.6753,0
0.2,4.3,176.0,114.0,9.4,53.6,0.6333,0
0.2,4.3,168.0,110.0,9.2,55.0,0.6402,0
0.7,4.1,170.0,112.0,8.7,55.1,0.6228,0
1.8,7.6,234.0,130.0,8.9,54.4,0.62,0
2.2,7.0,256.0,135.0,8.6,53.6,0.5992,0
2.3,9.6,257.0,141.0,9.0,50.4,0.5809,0
2.6,7.8,317.0,141.0,9.2,49.8,0.5808,0
1.1,2.4,135.0,95.0,8.8,52.1,0.5918,0
1.2,3.9,159.0,97.0,8.8,50.9,0.5781,0
1.8,4.1,186.0,112.0,8.7,51.1,0.5755,0
1.1,2.5,102.0,74.0,8.6,51.5,0.5772,0
0.9,1.3,75.0,62.0,8.5,51.9,0.5766,0
0.7,1.2,58.0,51.0,8.1,53.1,0.5742,0
0.6,0.7,41.0,40.0,7.8,54.2,0.5755,0
0.6,0.9,50.0,45.0,7.1,56.0,0.569,0
0.9,2.9,189.0,93.0,7.0,57.6,0.5784,0
1.0,2.7,182.0,104.0,7.5,55.3,0.5734,0
3.4,14.4,636.0,162.0,7.0,56.3,0.566,1
4.2,17.2,704.0,169.0,7.6,53.5,0.5605,1
4.4,17.4,854.0,190.0,8.3,50.5,0.5558,1
2.9,11.5,652.0,170.0,12.4,37.1,0.5329,1
2.6,11.9,529.0,151.0,13.9,32.3,0.5117,1
2.6,12.6,438.0,150.0,14.4,28.9,0.4723,1
3.0,14.3,438.0,154.0,14.8,25.4,0.4259,1
2.3,10.3,378.0,140.0,15.1,20.8,0.3536,0
3.0,14.5,482.0,167.0,15.4,23.5,0.4076,1
4.5,21.9,709.0,204.0,13.7,28.1,0.4381,1
6.0,28.5,796.0,210.0,11.5,37.5,0.5068,1
4.3,21.2,605.0,182.0,10.4,42.3,0.5337,1
3.4,16.0,472.0,165.0,9.9,44.0,0.5381,1
2.8,13.0,411.0,150.0,8.7,48.3,0.5458,1
2.1,7.0,264.0,132.0,8.1,49.9,0.5417,0
1.7,6.4,217.0,120.0,7.3,52.8,0.5419,0
1.8,5.8,211.0,119.0,8.0,52.2,0.5623,0
1.6,5.6,179.0,110.0,6.8,56.4,0.5609,0
1.4,4.5,135.0,94.0,6.7,57.4,0.5654,0
1.3,4.6,178.0,97.5,5.9,62.1,0.5806,0
1.3,5.9,221.0,101.0,5.4,65.9,0.5947,0
1.3,6.6,284.0,117.0,5.5,66.5,0.6054,0
1.6,9.2,357.0,121.0,5.9,65.8,0.6178,0
2.4,12.2,469.0,138.0,6.4,63.9,0.6192,1
4.5,22.6,766.0,174.0,7.2,62.2,0.6351,1
5.7,29.0,875.0,179.0,7.9,60.0,0.6406,1
4.3,19.4,800.0,175.0,8.3,58.5,0.6403,1
4.2,20.5,815.0,183.0,9.3,54.5,0.6415,1
4.5,22.5,841.0,189.0,10.2,53.1,0.6608,1
5.0,24.0,827.0,198.0,11.1,51.4,0.679,1
2.9,13.9,402.0,142.0,12.8,46.9,0.6919,1
3.0,16.8,415.0,139.0,13.1,48.0,0.7181,1
3.3,20.2,435.0,99.0,13.5,51.5,0.793,1
1.4,16.4,570.0,135.0,13.4,51.2,0.7808,1
2.3,18.0,530.0,223.0,12.1,55.3,0.7777,1
1.6,20.3,617.0,194.0,12.0,56.5,0.7924,1
4.9,38.1,983.0,244.0,10.4,64.4,0.8123,1
6.4,35.7,1200.0,243.0,9.4,69.1,0.815,1
3.5,21.8,1028.0,230.0,8.9,71.0,0.8115,1
1.7,18.2,797.0,207.0,8.1,73.8,0.7968,1
2.6,20.1,977.0,223.0,7.3,76.8,0.7904,1
1.6,14.4,811.0,216.0,7.3,76.7,0.7862,1
1.5,15.1,757.0,198.0,7.1,77.3,0.7826,1
0.9,13.1,572.5,162.0,6.7,78.7,0.7779,1
0.5,11.5,388.0,126.0,7.0,77.8,0.7848,0
0.9,13.7,497.0,144.0,5.7,80.5,0.7416,1
0.4,11.6,582.0,183.0,5.2,81.4,0.7276,1
0.5,13.2,574.0,193.0,5.6,80.4,0.7349,1
0.8,15.6,588.0,196.0,6.3,78.8,0.7544,1
1.4,16.9,645.0,208.0,6.9,76.9,0.7682,1
1.6,18.5,643.0,217.0,9.2,67.7,0.79,1
1.5,16.6,628.0,246.0,11.6,59.8,0.8152,1
1.0,15.0,547.0,204.0,14.0,52.0,0.8288,1
1.0,15.0,461.0,192.0,15.0,50.2,0.8495,1
1.3,16.9,455.0,186.0,14.9,49.9,0.8394,1
0.1,7.0,244.0,133.0,15.8,33.8,0.6034,0
0.1,5.9,202.0,126.0,15.4,29.3,0.5068,0
0.1,7.1,256.0,138.0,14.4,25.7,0.4193,0
0.1,8.6,310.0,148.0,13.4,27.2,0.4157,0
0.4,12.2,391.0,167.0,12.2,28.7,0.4077,0
0.7,12.6,444.0,175.0,11.3,25.7,0.3422,1
2.7,21.1,794.0,224.0,9.7,31.9,0.3848,1
2.1,16.9,716.0,215.0,8.4,36.5,0.4035,1
1.3,15.1,565.0,196.0,8.2,36.8,0.4016,1
0.8,10.1,451.0,195.0,8.0,36.0,0.3872,1
0.7730769230769231,7.5,313.0,181.0,7.0,39.9,0.4006,0
0.7461538461538462,7.6,241.0,150.0,5.7,44.3,0.4093,0
0.7192307692307692,5.9,232.5,144.5,4.7,46.6,0.4025,0
0.6923076923076923,5.5,224.0,139.0,4.2,50.8,0.4234,0
0.6653846153846155,2.3,82.0,74.0,4.6,45.1,0.3861,0
0.6384615384615385,2.0,89.0,73.0,2.7,53.3,0.4006,0
0.6115384615384616,1.6,93.0,77.0,3.1,51.0,0.3947,0
0.5846153846153846,2.1,134.0,98.0,2.5,54.1,0.4017,0
0.5576923076923077,4.4,189.0,121.0,3.1,53.5,0.4123,0
0.5307692307692308,6.4,292.0,162.0,5.0,47.5,0.418,0
0.5038461538461538,7.3,326.0,178.0,5.8,43.4,0.4032,0
0.4769230769230769,8.7,397.0,206.0,7.1,42.8,0.4327,1
0.45,9.2,371.0,191.0,7.9,41.6,0.4459,0
0.4230769230769231,7.9,305.0,175.0,8.1,41.2,0.448,0
0.3961538461538462,9.0,328.0,169.0,8.3,41.3,0.4533,0
0.3692307692307692,7.0,281.0,180.0,8.9,49.1,0.5629,0
0.3423076923076923,3.7,168.0,124.0,7.1,66.0,0.6678,0
0.3153846153846154,4.3,183.0,130.0,5.7,75.1,0.6942,0
0.2884615384615384,6.8,217.0,141.0,5.4,77.6,0.7031,0
0.2615384615384615,8.7,245.0,157.0,5.4,78.2,0.7074,0
0.2346153846153846,4.7,154.0,123.0,7.3,68.1,0.6979,0
0.2076923076923077,3.5,141.0,104.0,5.8,74.4,0.6924,0
0.1807692307692308,5.4,210.0,134.0,6.2,72.3,0.6887,0
0.1538461538461538,4.4,140.0,105.0,5.9,72.7,0.6791,0
0.1269230769230769,6.0,191.0,121.0,5.0,76.5,0.6728,0
0.1,7.6,248.0,136.0,4.0,80.4,0.663,0
0.1666666666666666,1.9,149.0,92.0,5.8,59.0,0.5493,0
0.2333333333333333,1.0,50.0,48.0,5.8,59.5,0.5519,0
0.3,0.6,43.0,40.0,6.6,51.3,0.5026,0
0.5,1.2,86.0,67.0,7.0,47.2,0.4745,0
0.6,2.9,152.0,104.0,6.6,47.9,0.4686,0
1.8,11.1,341.0,169.0,7.2,49.8,0.5061,1
2.0,9.7,355.0,203.0,6.9,52.8,0.5293,1
1.4,5.7,327.0,183.0,8.7,46.7,0.5249,0
0.6,5.4,240.0,151.0,10.0,40.6,0.4971,0
0.5,5.1,217.0,138.0,11.8,35.4,0.4877,0
0.7,5.8,191.0,127.0,10.7,37.2,0.4788,0
0.7,5.6,223.5,137.5,10.9,34.9,0.456,0
1.1,8.0,256.0,148.0,10.7,33.1,0.4256,0
1.3,7.1,287.0,172.0,10.6,34.2,0.4375,0
1.0,7.6,278.0,163.0,8.9,38.1,0.4341,0
1.5,10.4,302.0,180.0,7.8,39.7,0.4206,1
1.5,8.9,259.0,169.0,7.3,42.2,0.4341,0
1.2,7.3,221.0,152.0,6.9,42.5,0.4257,0
0.3,3.6,142.0,107.0,6.6,43.2,0.4247,0
0.2909090909090909,1.7,93.0,75.0,6.4,41.7,0.4034,0
0.2818181818181818,1.5,71.0,58.0,6.1,42.6,0.4041,0
0.2727272727272727,1.0,66.0,57.0,5.9,41.8,0.3928,0
0.2636363636363636,0.6,49.0,44.0,5.7,41.5,0.3836,0
0.2545454545454545,0.4,29.0,29.0,5.5,42.4,0.3867,0
0.2454545454545454,0.3,24.0,24.0,4.5,52.0,0.4436,0
0.2363636363636364,0.2,19.0,19.0,4.3,51.6,0.4323,0
0.2272727272727273,0.2,20.0,20.0,3.7,56.3,0.453,0
0.2181818181818182,0.1,39.0,35.0,3.3,58.1,0.4559,0
0.2090909090909091,0.4,77.0,60.0,3.9,47.3,0.3862,0
0.2,2.9,180.0,115.0,4.3,45.9,0.3843,0
0.7,5.4,243.0,157.0,4.2,50.1,0.4168,0
0.5,5.1,236.0,147.0,3.4,62.7,0.4943,0
0.4,3.8,297.0,188.0,5.0,51.4,0.4534,0
0.3,3.9,235.0,126.0,5.7,44.1,0.4063,0
0.3,3.6,186.0,114.0,5.2,44.5,0.3968,0
0.4,4.2,196.0,123.0,4.7,48.6,0.4194,0
0.2,3.6,167.0,107.0,4.5,51.0,0.4327,0
0.4,3.6,211.0,121.0,5.1,50.1,0.4432,0
0.4,3.9,194.0,118.0,5.0,50.4,0.443,0
0.7,4.9,206.0,134.0,4.3,56.4,0.4721,0
1.0,5.8,211.0,142.0,4.3,56.7,0.476,0
1.1,6.1,197.0,133.0,4.3,57.0,0.4771,0
0.3,2.8,139.0,106.0,3.5,60.3,0.4782,0
0.1,2.4,113.0,87.0,4.1,52.5,0.4351,0
0.12,1.5,81.0,67.0,3.9,50.6,0.4127,0
0.14,1.1,63.0,55.0,3.9,47.7,0.3901,0
0.16,0.9,55.0,49.0,4.0,47.8,0.3939,0
0.18,0.4,31.0,30.0,3.9,50.9,0.4144,0
0.1999999999999999,0.3,25.5,25.0,3.0,57.7,0.4423,0
0.2199999999999999,0.2,20.0,20.0,3.3,52.8,0.4137,0
0.24,0.1,17.0,17.0,2.7,53.9,0.4062,0
0.26,0.5,42.0,35.0,2.8,54.4,0.411,0
0.2799999999999999,0.9,90.0,71.0,3.6,49.0,0.3915,0
0.3,3.3,227.0,136.0,3.3,50.2,0.3934,0
0.6,4.4,250.0,163.0,3.5,47.5,0.3778,0
0.3,2.8,219.0,143.0,4.3,49.4,0.4136,0
0.1,3.2,211.0,134.0,4.5,48.4,0.4131,0
0.1,2.7,189.0,130.0,4.3,50.0,0.4199,0
0.2,3.5,180.0,122.0,4.3,49.7,0.4166,0
0.5,4.8,197.0,129.0,4.9,45.3,0.3955,0
0.3,3.4,198.0,132.0,5.6,42.4,0.3884,0
0.3,4.2,203.0,133.0,5.7,43.1,0.3984,0
0.3,4.2,188.0,126.0,4.8,49.7,0.4305,0
1.0,8.5,294.0,177.0,5.1,43.0,0.3821,0
1.4,9.2,302.0,185.0,5.3,44.4,0.397,1
1.4,7.6,261.0,169.0,4.9,47.9,0.418,0
1.1,6.2,232.0,151.0,4.7,50.8,0.4398,0
0.4,2.9,154.0,114.0,4.6,54.8,0.4704,0
0.2,2.5,120.0,90.0,4.0,56.8,0.4688,0
0.2,2.6,117.0,87.0,4.2,46.8,0.39,0
0.2,2.2,108.0,83.0,4.5,42.0,0.3571,0
0.2,2.5,97.0,74.0,4.1,42.1,0.3487,0
0.2666666666666666,0.8,62.5,51.0,4.5,39.7,0.3379,0
0.3333333333333333,0.3,28.0,28.0,4.4,42.2,0.3571,0
0.4,0.3,27.0,26.0,4.1,45.9,0.3804,0
0.5,0.7,81.0,61.0,4.3,42.5,0.3556,0
0.7,1.4,129.0,91.0,4.6,38.1,0.3267,0
1.9,6.6,336.0,184.0,4.6,39.4,0.3367,1
2.4,8.4,335.0,204.0,4.8,41.9,0.3634,1
2.0,5.5,318.0,185.0,5.9,40.2,0.376,1
1.3,3.5,201.0,125.0,7.0,38.4,0.3861,0
1.0,3.0,166.0,104.0,6.6,40.2,0.3944,0
1.2,4.1,192.0,115.0,6.6,41.2,0.4046,0
1.5,4.7,198.0,126.0,7.3,36.8,0.3779,0
1.3,4.5,198.0,125.0,7.3,35.0,0.3584,0
1.5,4.7,223.0,139.0,7.0,33.5,0.3367,0
1.5,5.1,224.0,142.0,6.5,32.4,0.3155,0
2.1,7.7,266.0,170.0,5.7,33.9,0.3131,0
2.6,10.3,326.0,195.0,5.0,36.1,0.3178,1
3.0,11.5,343.0,202.0,4.7,38.3,0.3306,1
2.0,6.0,243.0,168.0,4.5,39.9,0.339,0
1.4,3.6,177.0,128.0,4.3,41.1,0.3451,0
1.3,4.3,155.0,115.0,4.0,43.1,0.3551,0
1.2,3.4,143.0,111.0,3.7,46.0,0.3701,0
1.1,2.4,124.0,97.0,3.3,47.4,0.3716,0
0.9,2.0,94.0,77.0,3.0,49.1,0.3774,0
0.8,1.4,75.0,64.0,3.5,48.0,0.3822,0
0.6,1.2,56.0,51.0,3.6,48.0,0.3835,0
0.5,0.9,58.0,49.0,4.0,47.8,0.3919,0
0.6,1.6,105.0,79.0,4.1,48.1,0.3975,0
0.7,1.7,122.0,92.0,4.1,47.4,0.3926,0
1.6,6.2,274.0,167.0,4.2,48.7,0.4073,0
2.2,8.2,342.0,206.0,4.1,49.8,0.4117,1
1.8,6.4,296.0,184.0,4.3,48.4,0.4043,1
1.5,5.9,279.0,176.0,4.6,49.7,0.4271,0
1.8,5.7,325.0,191.0,4.5,49.6,0.421,1
1.4,5.3,222.0,147.0,4.4,48.4,0.4087,0
2.1,7.3,279.0,174.0,4.7,47.2,0.4075,1
1.6,5.1,248.0,167.0,4.2,49.5,0.4118,0
1.3,3.9,193.0,138.0,3.4,50.7,0.3991,0
1.9,3.59,256.0,164.0,3.25,50.6,0.39447,0
2.4,3.28,288.0,190.0,3.1,50.5,0.38984,1
3.0,2.97,300.0,198.0,2.95,50.400000000000006,0.38521,1
1.9,2.66,224.0,155.0,2.8,50.3,0.38058,0
1.8,2.35,219.0,153.0,2.65,50.2,0.37595,0
1.1,2.04,145.0,110.0,2.5,50.1,0.37132,0
1.1,1.7300000000000004,115.0,91.0,2.35,50.0,0.36669,0
1.1,1.4200000000000004,136.0,105.0,2.2,49.900000000000006,0.36206,0
1.0,1.1100000000000003,107.0,85.0,2.05,49.8,0.35743,0
0.7,0.8,70.0,60.0,1.9,49.7,0.3528,0
0.6,0.6,53.5,47.0,1.6,52.9,0.3692,0
0.5,0.5,37.0,34.0,1.4,53.8,0.3687,0
0.5,0.5,33.0,31.0,1.0,54.7,0.3657,0
0.4,0.6,43.0,37.0,1.4,52.3,0.3591,0
0.5,0.9,73.0,58.0,1.6,51.0,0.3561,0
0.8,2.0,125.0,92.0,1.4,53.1,0.3642,0
1.1,2.8,154.0,110.0,1.7,54.1,0.3785,0
1.1,2.8,140.0,101.0,2.5,51.0,0.3778,0
1.1,3.0,150.0,96.0,2.9,48.7,0.3706,0
1.1,2.4,139.0,102.0,3.6,45.8,0.3674,0
1.1,2.5,135.0,96.0,3.1,48.1,0.3722,0
1.2,3.0,152.0,102.0,3.4,46.6,0.3668,0
1.0,2.2,121.0,88.0,3.7,45.8,0.3697,0
1.2,2.6,122.0,87.0,4.4,43.7,0.3688,0
1.3,3.4,167.0,115.0,4.0,44.9,0.3689,0
1.4,3.0,165.0,118.0,3.3,46.8,0.3671,0
1.3,3.1,190.0,134.0,3.1,48.1,0.3707,0
1.4,3.4,176.0,125.0,2.8,49.0,0.37,0
1.5,2.9,196.0,140.0,3.1,47.4,0.3661,0
1.0,1.7,103.0,83.0,2.9,49.0,0.3725,0
1.0,1.6,91.0,73.0,2.8,49.1,0.3726,0
1.1,2.3,119.0,92.0,2.9,49.7,0.3782,0
1.3,2.2,147.0,109.0,3.8,46.5,0.3762,0
1.0,1.7,101.0,82.0,3.2,46.9,0.3658,0
1.1,2.2,101.5,82.5,3.1,45.2,0.3504,0
0.8500000000000001,1.8,102.0,83.0,3.1,44.8,0.3473,0
0.6,0.6,55.0,50.0,3.1,44.4,0.342,0
0.5,0.6,51.0,44.0,3.0,43.4,0.3337,0
0.4,0.4,53.0,49.0,2.8,43.8,0.3308,0
0.5,0.7,74.0,62.0,2.7,43.2,0.3259,0
0.7,1.2,113.0,85.0,3.3,42.3,0.3299,0
0.8,1.4,107.0,82.0,4.6,39.0,0.333,0
0.8,2.0,101.0,77.0,5.6,37.5,0.3426,0
1.0,2.0,129.0,92.0,7.2,34.2,0.3488,0
0.9,1.6,126.0,95.0,6.9,35.6,0.3561,0
0.9,1.6,132.0,95.0,8.2,30.1,0.3281,0
0.9,1.8,101.0,76.0,7.6,27.9,0.2927,0
1.0,1.8,128.0,95.0,7.9,25.9,0.2774,0
1.0,2.6,170.0,118.0,7.8,28.3,0.3017,0
1.1,2.0,174.0,123.0,6.3,28.8,0.2772,0
1.2,2.8,215.0,140.0,5.4,30.1,0.2726,0
1.6,3.9,248.0,163.0,5.0,31.1,0.273,0
1.7,4.1,247.0,164.0,4.6,33.8,0.2898,0
1.1,2.4,154.0,120.0,4.3,36.6,0.3064,0
1.3,3.5,186.0,130.0,4.0,39.0,0.3203,0
1.7,4.6,231.0,145.0,2.9,42.8,0.3276,0
1.5,3.0,174.0,126.0,3.4,38.9,0.3076,0
0.8,1.0,68.0,61.0,4.0,36.4,0.2982,0
0.5,0.5,53.5,49.0,4.0,36.4,0.2989,0
0.4,0.4,39.0,37.0,3.7,37.7,0.3024,0
0.4,0.3,39.0,37.0,3.4,38.9,0.3075,0
0.4,0.6,54.0,50.0,3.7,37.5,0.3012,0
0.7,1.4,158.0,109.0,3.7,35.2,0.2833,0
1.8,7.1,350.0,198.0,3.7,33.9,0.2732,1
2.65,14.0,467.0,240.5,4.4,38.8,0.328,1
3.5,15.1,584.0,283.0,6.6,34.4,0.3359,1
2.8,12.5,478.0,256.0,10.0,22.4,0.2753,1
3.1,12.8,563.0,261.0,11.9,18.6,0.2581,1
2.5,11.9,414.0,181.0,12.5,17.2,0.2477,1
2.7,11.7,398.0,194.0,13.2,17.3,0.2606,1
2.9,14.7,451.0,214.0,13.5,18.7,0.2872,1
3.2,15.7,503.0,204.0,14.1,18.2,0.2908,1
4.1,21.1,640.0,228.0,13.0,20.3,0.303,1
6.1,27.4,843.0,270.0,10.4,24.7,0.3116,1
6.8,30.8,954.0,285.0,8.6,29.8,0.3344,1
6.8,29.2,984.0,282.0,7.3,36.8,0.3771,1
3.7,15.0,586.0,235.0,6.3,39.4,0.3795,1
2.1,7.1,360.0,208.0,5.4,43.5,0.3922,1
1.4,5.4,231.0,161.0,5.1,45.6,0.4056,0
1.3,4.8,200.0,146.0,4.2,49.4,0.412,0
1.1,3.8,153.0,123.0,4.1,50.1,0.415,0
1.0,3.5,135.0,109.0,4.1,51.5,0.4263,0
0.9,3.3,165.5,112.0,3.7,57.5,0.4621,0
0.8,3.6,196.0,115.0,2.5,64.8,0.4807,0
0.9,3.8,208.0,114.0,1.8,68.9,0.4878,0
1.1,4.2,241.0,122.0,2.0,64.9,0.4661,0
1.6,7.7,417.0,149.0,2.2,65.3,0.473,1
3.7,20.0,896.0,187.0,3.1,64.0,0.4938,1
4.8,22.1,966.0,198.0,3.7,61.7,0.4967,1
4.1,17.2,878.0,196.0,4.4,58.8,0.4979,1
4.5,21.4,985.0,218.0,5.8,54.1,0.502,1
4.5,19.8,1017.0,227.0,7.3,50.8,0.5226,1
3.7,18.8,683.0,181.0,9.5,47.2,0.5589,1
4.2,18.8,660.0,179.0,11.8,44.4,0.6118,1
3.3,16.7,492.0,151.0,12.7,45.5,0.6648,1
3.2,14.4,497.0,162.0,13.5,44.8,0.6898,1
3.6,16.3,562.0,165.0,12.3,48.9,0.6967,1
3.5,14.4,539.0,173.0,10.8,40.3,0.5201,1
4.1,17.0,502.0,188.0,9.4,36.7,0.4324,1
4.0,14.8,452.0,186.0,8.3,39.5,0.4318,1
3.3,9.8,357.0,172.0,7.8,41.3,0.4389,1
3.0,6.1,289.0,150.0,7.3,43.8,0.4505,1
2.6,5.4,221.0,137.0,6.7,47.6,0.4688,0
2.6,4.7,204.0,133.0,6.6,51.2,0.5007,0
2.6,5.1,183.0,122.0,6.4,52.6,0.5074,0
2.9,6.9,222.0,130.0,5.3,57.8,0.5177,0
2.9,7.3,216.0,125.5,3.4,66.7,0.5281,0
2.5,4.8,210.0,121.0,3.3,66.8,0.5215,0
2.0,3.6,185.0,115.0,3.7,62.9,0.5059,0
2.2,4.5,257.0,125.0,2.6,67.5,0.5034,0
2.4,5.2,297.0,136.0,3.5,60.9,0.4857,0
4.0,15.1,573.0,174.0,2.7,63.4,0.4787,1
6.7,27.3,883.0,224.0,2.8,64.2,0.4859,1
5.6,19.6,824.0,230.0,5.8,53.1,0.4942,1
4.3,14.8,693.0,205.0,9.7,40.1,0.4832,1
4.0,14.5,714.0,204.0,12.7,30.0,0.4398,1
2.6,10.1,388.0,139.0,13.7,20.7,0.3221,1
2.2,10.1,337.0,133.0,13.7,19.9,0.3114,0
1.9,8.3,326.0,127.0,14.1,18.1,0.2884,0
1.8,9.0,329.0,124.0,14.5,18.0,0.2956,0
3.1,13.4,465.0,158.0,13.2,20.4,0.3074,1
4.8,19.5,612.0,171.0,10.5,25.1,0.3194,1
5.8,27.8,759.0,193.0,8.9,31.4,0.3597,1
5.9,31.4,771.0,195.0,8.2,36.2,0.3953,1
4.1,15.6,655.0,212.0,6.7,39.6,0.3906,1
1.8,7.0,332.0,193.0,5.8,42.0,0.3904,1
1.7,7.8,287.0,167.0,4.9,45.9,0.3999,0
1.7,5.6,242.0,156.0,4.5,47.9,0.4079,0
1.5,6.0,242.0,153.0,3.9,51.6,0.4226,0
1.1,3.9,192.0,128.0,3.4,54.7,0.4323,0
0.9,2.8,163.0,112.0,3.3,56.1,0.4379,0
0.6,2.6,134.0,96.0,2.0,60.8,0.4337,0
0.3,2.9,142.0,105.0,1.2,63.7,0.4327,0
0.4,2.8,194.0,130.0,2.1,60.3,0.4368,0
0.6,4.2,216.0,134.0,1.3,63.1,0.4322,0
3.0,16.7,728.0,275.0,1.3,64.8,0.441,1
5.6,29.1,975.0,309.0,2.1,62.2,0.4491,1
4.9,20.7,947.0,322.0,5.1,50.8,0.4499,1
3.5,15.5,790.0,333.0,8.5,39.7,0.4425,1
2.2,10.3,551.0,235.0,11.5,33.0,0.4476,1
2.7,13.8,565.0,241.0,12.2,34.3,0.4864,1
2.7,12.7,532.0,214.0,13.5,35.0,0.5396,1
2.1,11.4,459.0,174.0,14.9,34.9,0.5869,1
2.0,10.2,407.0,157.0,15.7,34.5,0.6111,1
2.4,14.3,434.0,170.0,14.7,37.2,0.618,1
6.7,32.4,980.0,212.0,12.2,44.8,0.6342,1
6.4,29.0,966.0,249.0,10.3,52.4,0.6578,1
3.9,17.6,646.0,231.0,9.3,55.5,0.6503,1
2.7,12.6,471.0,216.0,8.3,57.6,0.6304,1
3.0,15.5,528.0,217.0,6.3,65.1,0.6237,1
2.1,9.1,378.0,203.0,6.5,63.1,0.6132,1
1.2,6.4,235.0,161.0,6.0,62.7,0.589,0
1.2,5.1,217.0,147.0,5.1,65.4,0.5797,0
0.7,3.3,141.0,111.0,4.7,64.6,0.5568,0
0.9,5.3,149.5,113.0,2.9,72.2,0.5523,0
0.8,3.1,158.0,115.0,5.0,63.5,0.5575,0
0.4,2.2,87.0,80.0,3.9,65.5,0.5367,0
0.7,3.9,194.0,122.0,1.8,74.5,0.5271,0
1.4,6.9,401.0,186.0,1.8,73.7,0.5198,1
4.0,19.7,887.0,306.0,2.3,70.9,0.5182,1
3.9,20.1,654.0,301.0,4.4,61.1,0.5176,1
3.1,16.3,566.0,274.0,7.7,49.8,0.5267,1
3.2,14.3,649.0,247.0,12.1,36.9,0.5212,1
1.5,7.0,309.0,169.0,15.0,28.5,0.4821,0
1.2,6.3,229.0,138.0,14.5,28.3,0.4665,0
1.9,8.6,312.0,149.0,12.9,31.8,0.4707,0
1.5,6.6,276.0,165.0,12.1,32.3,0.4548,0
1.4,6.1,236.0,156.0,11.3,33.5,0.4476,0
1.9,8.8,312.0,184.0,11.4,32.6,0.4373,1
2.2,9.4,345.0,197.0,9.1,37.8,0.4372,1
3.0,11.8,386.0,204.0,8.1,41.0,0.4458,1
2.6,11.3,356.0,207.0,7.7,41.9,0.4409,1
2.8,9.7,467.0,208.0,7.1,43.9,0.4433,1
1.6,5.8,287.0,174.0,6.3,45.8,0.4408,0
1.3,5.3,239.0,157.0,6.0,46.1,0.4351,0
1.6,5.3,266.0,166.0,5.5,49.0,0.4471,0
1.5,5.1,261.0,167.0,4.9,52.0,0.4548,0
1.3,4.8,223.0,154.0,4.1,54.7,0.4536,0
1.6,6.4,247.5,159.0,2.1,64.2,0.4633,0
2.0,7.0,272.0,164.0,1.5,66.2,0.4571,0
1.3,4.4,226.0,149.0,1.0,67.7,0.4523,0
0.9,5.6,250.0,150.0,0.8,69.9,0.4591,0
1.4,7.3,402.0,205.0,1.3,67.2,0.4598,1
3.1,12.7,708.0,283.0,2.0,63.6,0.4564,1
4.1,11.3,759.0,310.0,4.1,52.7,0.4345,1
1.3,4.9,302.0,200.0,7.5,39.2,0.4091,0
0.9,3.8,210.0,147.0,9.0,34.5,0.398,0
1.0,3.4,180.0,128.0,9.2,34.5,0.4025,0
1.0,4.2,165.0,121.0,9.3,33.8,0.3981,0
1.1,3.7,180.0,129.0,9.3,33.1,0.3874,0
0.8,3.3,147.0,110.0,9.7,30.8,0.3716,0
1.0,3.4,177.0,126.0,9.6,31.1,0.3718,0
0.9,3.1,157.0,121.0,8.6,32.8,0.3669,0
0.9,4.3,195.0,142.0,7.2,35.0,0.3567,0
1.6,6.2,263.0,174.0,6.4,36.8,0.3566,0
1.4,5.2,239.0,168.0,6.0,40.2,0.3773,0
1.4,5.8,267.0,180.0,5.5,42.6,0.3874,0
1.1,3.5,214.0,157.0,4.9,43.7,0.3809,0
1.2,4.9,236.0,162.0,4.2,43.2,0.3605,0
1.8,4.7,251.0,173.0,4.0,39.2,0.3228,0
1.4,4.9,255.0,176.0,3.7,40.1,0.323,0
1.4,5.0,235.0,172.0,3.1,47.1,0.3638,0
0.9,2.9,182.0,140.0,2.6,48.8,0.3658,0
0.8500000000000001,2.6,129.0,108.0,0.8,53.8,0.3542,0
0.8,1.8,95.0,88.0,1.2,51.9,0.3515,0
0.7,1.3,95.0,85.0,1.0,52.2,0.3489,0
0.7,1.5,100.0,88.0,0.6,53.3,0.3467,0
0.6,1.3,110.0,94.0,0.8,52.8,0.3468,0
0.8,2.0,149.0,115.0,0.3,53.7,0.3424,0
1.3,4.3,197.0,137.0,4.1,42.9,0.3551,0
2.0,6.7,351.0,212.0,8.0,33.3,0.3591,1
1.7,4.6,249.0,173.0,10.7,25.2,0.3242,0
1.2,3.5,188.0,135.0,11.1,23.5,0.3105,0
1.0,2.1,127.0,100.0,10.6,26.0,0.332,0
0.8,1.9,96.0,78.0,10.3,27.7,0.3481,0
1.0,2.7,138.0,100.0,10.2,28.3,0.3516,0
1.4,3.7,217.0,150.0,9.2,29.9,0.3479,0
1.1,2.9,186.0,142.0,6.9,36.4,0.3635,0
1.6,4.5,227.0,165.0,6.0,38.0,0.3584,0
1.8,5.3,252.0,179.0,5.8,36.4,0.3385,0
1.4,3.7,193.0,149.0,5.8,35.4,0.3286,0
1.1,2.6,158.0,126.0,5.4,36.6,0.3304,0
1.0,2.4,150.0,120.0,5.1,37.9,0.3358,0
1.1,2.4,130.0,110.0,4.8,38.0,0.33,0
1.0,2.0,104.0,92.0,4.5,38.1,0.3249,0
0.8,1.5,86.0,78.0,4.3,38.1,0.3207,0
0.6,1.2,76.5,71.5,3.9,39.9,0.325,0
0.6,0.8,67.0,65.0,3.8,41.0,0.3327,0
0.6,1.0,75.0,73.0,3.3,44.6,0.3499,0
0.6,1.3,97.0,85.0,3.6,44.5,0.3574,0
0.8,2.4,177.0,133.0,3.4,47.0,0.3713,0
2.3,8.7,433.0,246.0,2.9,49.5,0.3775,1
2.8,10.5,471.0,281.0,5.6,40.5,0.3704,1
2.1,7.9,346.0,222.0,7.5,33.8,0.352,1
1.7,6.5,262.0,182.0,10.8,25.2,0.3251,0
1.4,5.7,221.0,154.0,12.9,20.6,0.3045,0
1.6,6.2,265.0,168.0,12.2,21.4,0.3033,0
1.4,5.4,219.0,149.0,12.0,21.9,0.3069,0
1.3,4.9,235.0,156.0,12.2,24.0,0.3392,0
1.4,5.0,227.0,156.0,12.0,24.3,0.3393,0
1.7,6.9,285.0,187.0,10.5,27.8,0.3525,0
1.9,7.5,291.0,194.0,8.7,33.9,0.3832,1
2.3,8.2,295.0,204.0,7.8,37.6,0.4004,1
2.0,7.7,243.0,174.0,7.2,39.4,0.4032,0
1.6,4.5,209.0,154.0,7.1,39.6,0.4019,0
1.0,2.7,147.0,117.0,7.1,39.6,0.4001,0
0.9,2.3,117.0,98.0,7.2,39.3,0.4004,0
0.9,2.1,105.0,90.0,6.9,39.6,0.3966,0
0.9,1.4,84.0,74.0,7.0,39.8,0.4006,0
0.5,0.8,51.0,49.0,7.1,40.5,0.409,0
0.4,0.6,52.5,51.5,6.9,40.9,0.4091,0
0.5,1.0,54.0,54.0,6.0,42.9,0.404,0
0.6,1.3,74.0,69.0,6.4,42.7,0.4126,0
0.6,1.6,114.0,92.0,6.1,43.6,0.4129,0
1.0,3.0,228.0,146.0,5.9,45.1,0.4211,0
2.1,10.0,455.0,224.0,6.0,46.4,0.4367,1
2.9,15.1,493.0,253.0,6.6,43.7,0.4273,1
2.2,8.6,410.0,225.0,8.7,36.3,0.4074,1
1.6,6.9,277.0,180.0,10.5,33.4,0.4246,0
1.8,7.6,340.0,194.0,11.4,27.8,0.3748,1
1.5,6.9,238.0,158.0,12.7,27.4,0.4011,0
2.2,8.5,323.0,184.0,13.3,23.3,0.354,1
1.6,5.3,286.0,165.0,13.9,20.7,0.3271,0
1.5,4.4,271.0,156.0,13.6,20.0,0.3093,0
1.8,4.561038961038961,276.0,172.0,13.533766233766231,20.4012987012987,0.312638961038961,0
1.8,4.722077922077922,295.0,194.0,13.467532467532466,20.802597402597403,0.3159779220779221,0
2.3,4.883116883116884,340.0,208.0,13.4012987012987,21.203896103896103,0.3193168831168831,1
1.9,5.044155844155845,275.0,187.0,13.335064935064937,21.60519480519481,0.3226558441558442,0
1.9,5.205194805194806,293.0,187.0,13.268831168831168,22.006493506493506,0.3259948051948052,0
1.1,5.366233766233767,157.0,127.0,13.202597402597402,22.40779220779221,0.3293337662337662,0
0.9,5.527272727272727,133.0,107.0,13.136363636363637,22.80909090909091,0.3326727272727273,0
0.8,5.688311688311689,120.0,99.0,13.07012987012987,23.21038961038961,0.3360116883116883,0
0.9,5.84935064935065,122.0,100.0,13.003896103896103,23.61168831168831,0.3393506493506493,0
0.7,6.010389610389611,80.0,73.0,12.937662337662337,24.01298701298701,0.3426896103896104,0
0.8,6.171428571428572,84.0,78.0,12.871428571428572,24.414285714285715,0.3460285714285714,0
0.75,6.332467532467533,88.0,83.0,12.805194805194803,24.81558441558441,0.3493675324675325,0
0.7,6.493506493506494,109.0,92.0,12.73896103896104,25.21688311688312,0.3527064935064935,0
0.6,6.654545454545454,120.0,100.0,12.672727272727272,25.618181818181817,0.3560454545454545,0
1.0,6.815584415584416,233.0,149.0,12.606493506493509,26.01948051948052,0.3593844155844156,0
1.7,6.976623376623377,394.0,231.0,12.54025974025974,26.42077922077922,0.3627233766233766,1
2.7,7.137662337662338,424.0,245.0,12.474025974025974,26.822077922077924,0.3660623376623377,1
3.3,7.2987012987013,446.0,203.0,12.407792207792207,27.223376623376623,0.3694012987012987,1
2.1,7.45974025974026,266.0,165.0,12.34155844155844,27.624675324675323,0.3727402597402597,0
2.0,7.620779220779221,261.0,168.0,12.275324675324676,28.025974025974023,0.3760792207792208,0
2.0,7.781818181818182,220.0,151.0,12.209090909090907,28.42727272727273,0.3794181818181818,0
2.3,7.942857142857143,241.0,152.0,12.142857142857142,28.82857142857143,0.3827571428571429,0
2.0,8.103896103896105,208.0,144.0,12.076623376623376,29.22987012987013,0.3860961038961039,0
2.1,8.264935064935065,215.0,148.0,12.01038961038961,29.63116883116883,0.3894350649350649,0
2.3,8.425974025974027,257.0,176.0,11.944155844155844,30.03246753246753,0.392774025974026,0
3.1,8.587012987012987,355.0,209.0,11.877922077922078,30.433766233766235,0.396112987012987,1
3.9,8.748051948051948,415.0,240.0,11.811688311688313,30.83506493506493,0.399451948051948,1
3.8,8.90909090909091,349.0,223.0,11.745454545454546,31.236363636363635,0.4027909090909091,1
2.9,9.07012987012987,254.0,187.0,11.67922077922078,31.63766233766233,0.4061298701298701,1
2.2,9.231168831168832,228.0,157.0,11.612987012987013,32.038961038961034,0.4094688311688312,0
1.9,9.392207792207792,156.0,123.0,11.546753246753246,32.44025974025974,0.4128077922077922,0
2.0,9.553246753246754,161.0,126.0,11.48051948051948,32.84155844155844,0.4161467532467532,0
1.8,9.714285714285715,123.0,106.0,11.414285714285716,33.24285714285714,0.4194857142857143,0
1.6,9.875324675324675,108.0,95.0,11.348051948051948,33.64415584415585,0.4228246753246753,0
1.5,10.036363636363635,101.5,91.0,11.28181818181818,34.04545454545455,0.4261636363636364,0
1.4,10.197402597402595,95.0,87.0,11.215584415584416,34.44675324675325,0.4295025974025974,0
1.5,10.35844155844156,102.0,88.0,11.14935064935065,34.848051948051946,0.4328415584415584,0
1.7,10.51948051948052,178.0,134.0,11.083116883116883,35.249350649350646,0.4361805194805195,0
1.9,10.68051948051948,214.0,156.0,11.016883116883117,35.650649350649346,0.4395194805194805,0
3.3,10.841558441558442,492.0,247.0,10.95064935064935,36.05194805194805,0.4428584415584415,1
3.8,11.002597402597402,540.0,289.0,10.884415584415583,36.45324675324675,0.4461974025974026,1
4.3,11.163636363636364,604.0,250.0,10.818181818181818,36.85454545454545,0.4495363636363636,1
3.7,11.324675324675326,646.0,232.0,10.751948051948052,37.25584415584416,0.4528753246753246,1
2.7,11.485714285714286,418.0,185.0,10.685714285714283,37.65714285714286,0.4562142857142857,1
2.2,11.646753246753246,250.0,147.0,10.619480519480518,38.05844155844156,0.4595532467532467,0
2.4,11.807792207792208,226.0,128.0,10.553246753246754,38.45974025974026,0.4628922077922078,0
2.2,11.96883116883117,271.0,131.0,10.487012987012989,38.86103896103896,0.4662311688311689,0
2.3,12.129870129870133,288.0,135.0,10.42077922077922,39.26233766233766,0.4695701298701299,0
2.6,12.290909090909093,299.0,149.0,10.354545454545455,39.66363636363636,0.4729090909090909,1
4.2,12.451948051948053,534.0,209.0,10.288311688311689,40.06493506493506,0.476248051948052,1
6.2,12.612987012987013,687.0,243.0,10.222077922077922,40.46623376623376,0.479587012987013,1
8.4,12.774025974025976,1028.0,276.0,10.155844155844155,40.86753246753247,0.482925974025974,1
4.5,12.935064935064934,605.0,225.0,10.089610389610389,41.26883116883117,0.486264935064935,1
2.7,13.096103896103896,345.0,194.0,10.023376623376624,41.67012987012987,0.4896038961038961,1
2.4,13.257142857142858,255.0,164.0,9.957142857142856,42.07142857142857,0.4929428571428571,1
2.3,13.418181818181818,211.0,148.0,9.89090909090909,42.47272727272727,0.4962818181818182,0
2.2,13.57922077922078,190.0,136.0,9.824675324675324,42.87402597402597,0.4996207792207792,0
2.0,13.74025974025974,149.0,116.0,9.758441558441556,43.27532467532467,0.5029597402597403,0
1.6,13.9012987012987,128.0,103.5,9.692207792207792,43.676623376623375,0.5062987012987012,0
1.6,14.062337662337663,107.0,91.0,9.625974025974026,44.07792207792208,0.5096376623376624,0
1.5,14.223376623376623,98.0,87.0,9.55974025974026,44.47922077922078,0.5129766233766234,0
1.7,14.384415584415583,183.0,123.0,9.493506493506494,44.88051948051948,0.5163155844155844,0
1.8,14.545454545454543,224.0,152.0,9.427272727272728,45.28181818181818,0.5196545454545455,0
3.8,14.706493506493509,589.0,267.0,9.36103896103896,45.68311688311688,0.5229935064935065,1
5.9,14.867532467532468,700.0,296.0,9.294805194805194,46.08441558441558,0.5263324675324675,1
5.4,15.028571428571428,747.0,291.0,9.228571428571428,46.48571428571428,0.5296714285714286,1
4.7,15.18961038961039,746.0,276.0,9.162337662337665,46.88701298701298,0.5330103896103896,1
4.3,15.35064935064935,702.0,250.0,9.096103896103896,47.28831168831169,0.5363493506493506,1
5.4,15.511688311688312,723.0,251.0,9.02987012987013,47.68961038961039,0.5396883116883118,1
5.8,15.672727272727274,872.0,275.0,8.963636363636365,48.09090909090909,0.5430272727272727,1
6.1,15.833766233766234,1054.0,312.0,8.897402597402596,48.49220779220779,0.5463662337662338,1
7.1,15.994805194805195,1218.0,340.0,8.831168831168831,48.89350649350649,0.5497051948051948,1
6.6,16.155844155844157,1227.0,326.0,8.764935064935065,49.29480519480519,0.5530441558441559,1
6.5,16.31688311688312,1061.0,284.0,8.698701298701298,49.69610389610389,0.5563831168831169,1
7.1,16.47792207792208,1075.0,289.0,8.632467532467533,50.09740259740259,0.559722077922078,1
4.9,16.63896103896104,641.0,215.0,8.566233766233767,50.49870129870129,0.563061038961039,1
4.0,16.8,490.0,207.0,8.5,50.9,0.5664,1
4.0,13.0,550.0,213.0,8.3,53.3,0.5843,1
3.6,12.6,422.0,192.0,7.1,58.1,0.5885,1
4.2,14.2,541.0,211.0,5.8,64.3,0.5964,1
4.3,12.9,599.0,229.0,5.3,66.8,0.5979,1
3.6,9.7,490.0,216.0,5.0,66.6,0.5871,1
2.5,5.9,356.5,181.0,5.0,66.3,0.5811,1
1.95,5.5,223.0,146.0,5.1,65.9,0.5827,0
1.4,6.6,214.0,136.0,4.1,69.0,0.5735,0
1.4,7.3,274.0,156.0,4.6,67.6,0.5778,0
1.6,8.8,338.0,176.0,5.2,65.5,0.5836,1
2.3,11.9,496.0,224.0,6.0,62.8,0.5929,1
2.4,12.0,433.0,207.0,7.1,59.3,0.6005,1
2.7,11.9,496.0,221.0,7.8,58.0,0.6136,1
3.4,16.2,615.0,229.0,9.0,54.7,0.6271,1
3.1,17.6,551.0,208.0,10.0,53.1,0.6495,1
3.6,17.6,575.0,207.0,10.8,52.0,0.6738,1
3.8,17.5,575.0,216.0,11.0,51.4,0.6746,1
3.3,15.7,574.0,224.0,11.0,51.4,0.6725,1
3.4,16.7,582.0,225.0,10.9,52.0,0.6796,1
3.7,17.1,658.0,227.0,11.1,52.0,0.6869,1
4.6,23.0,851.0,248.0,11.0,53.6,0.7033,1
5.0,24.6,903.0,251.0,11.0,55.1,0.7221,1
5.7,26.8,952.0,265.0,11.4,55.4,0.7471,1
5.2,23.2,894.0,262.0,11.1,56.9,0.7506,1
5.0,22.0,839.0,241.0,10.2,60.0,0.7461,1
4.5,20.4,743.0,231.0,10.1,59.9,0.7379,1
4.1,18.0,671.0,229.0,9.9,63.2,0.7706,1
4.1,18.5,689.0,221.0,9.4,73.4,0.8662,1
3.1,13.3,478.0,180.0,9.4,77.7,0.9203,1
2.7,11.3,411.5,160.0,9.6,78.7,0.9429,1
2.8,12.5,345.0,140.0,8.9,81.3,0.9277,1
2.9,11.5,373.0,153.0,8.5,82.9,0.9243,1
2.6,10.9,324.0,150.0,8.3,84.0,0.9234,1
2.6,10.7,341.0,145.0,8.1,85.0,0.9221,1
2.8,11.9,424.0,149.0,8.7,83.7,0.9423,1
3.3,13.4,522.0,155.0,9.5,82.4,0.976,1
3.2,13.0,492.0,158.0,11.0,78.2,1.022,1
3.3,11.2,492.0,188.0,14.1,67.9,1.0859,1
1.5,5.5,204.0,154.0,16.3,56.6,1.0422,0
1.2,4.9,142.0,107.0,18.7,48.0,1.0259,0
1.1,6.5,118.0,92.0,19.5,39.3,0.882,0
1.7,8.4,126.0,106.0,19.9,34.1,0.782,0
1.0,4.4,115.0,90.0,19.4,32.4,0.7239,0
1.0,4.3,137.0,100.0,17.1,35.8,0.6944,0
2.6,11.6,212.0,132.0,15.5,40.7,0.7103,0
2.5,9.0,354.0,211.0,14.8,42.8,0.7182,1
2.1,7.8,331.0,179.0,13.9,43.8,0.6937,1
1.0,3.7,141.0,116.0,13.7,42.9,0.6687,0
1.3,5.3,228.0,143.0,12.5,47.8,0.6877,0
1.5,5.6,228.0,142.0,11.8,53.4,0.7366,0
1.4,5.3,203.0,135.0,10.9,55.9,0.7312,0
1.6,6.0,215.0,136.0,10.1,58.9,0.7301,0
1.1,4.0,142.0,109.0,9.8,61.2,0.7413,0
0.7,2.8,104.0,85.5,8.4,67.1,0.7411,0
0.5,1.8,66.0,62.0,8.3,67.2,0.7382,0
0.4,1.5,54.0,49.0,7.7,68.9,0.728,0
0.7,2.9,121.0,81.0,6.9,70.0,0.6997,0
0.7,2.2,141.0,104.0,9.0,37.3,0.4297,0
2.3,11.4,388.0,176.0,9.4,44.9,0.5296,1
2.5,9.5,366.0,193.0,10.3,45.4,0.5666,1
1.7,11.6,254.0,168.0,11.5,39.6,0.5372,0
2.5,33.9,164.0,123.0,11.7,36.9,0.506,1
2.1,7.6,142.0,111.0,11.8,36.2,0.4999,0
1.1,7.0,162.0,120.0,12.0,38.7,0.5402,0
1.3,6.9,177.0,123.0,13.7,30.3,0.4724,0
1.1,5.8,157.0,115.0,12.6,30.6,0.4443,0
1.1,5.2,162.0,120.0,13.0,27.4,0.4085,0
1.4,6.4,209.0,140.0,13.6,22.7,0.3529,0
2.3,11.9,304.0,185.0,11.8,23.0,0.3171,1
4.2,17.4,484.0,212.0,10.7,19.9,0.2547,1
3.5,14.7,399.0,200.0,10.4,18.0,0.2269,1
3.0,10.0,390.0,191.0,9.7,20.6,0.2488,1
1.7,6.6,287.0,169.0,9.4,24.8,0.2923,0
1.6,6.6,202.0,139.0,8.8,31.2,0.3533,0
1.0,3.1,126.0,102.0,8.7,31.2,0.3521,0
0.8,2.2,87.0,76.0,8.5,30.4,0.3391,0
0.6,1.3,59.0,56.0,8.0,32.9,0.353,0
0.4,1.1,45.0,43.0,7.1,37.4,0.3799,0
0.35,0.5,31.0,30.0,6.9,39.1,0.3901,0
0.3,0.5,28.0,28.0,6.9,39.8,0.3966,0
0.4,1.3,64.0,56.0,6.1,40.8,0.3868,0
0.5,2.5,123.0,94.0,6.0,41.5,0.3896,0
1.5,6.7,363.0,196.0,6.1,39.9,0.3781,1
2.1,8.0,416.0,220.0,6.5,39.5,0.3865,1
1.6,5.3,286.0,168.0,9.4,32.7,0.3855,0
1.0,3.3,198.0,133.0,11.3,24.9,0.3318,0
1.2,4.4,216.0,134.0,12.8,19.8,0.2933,0
1.3,5.5,211.0,138.0,12.3,19.3,0.274,0
1.4,4.8,199.0,135.0,12.0,19.3,0.2716,0
1.0,3.5,161.0,111.0,11.9,19.2,0.2677,0
1.4,4.9,218.0,124.0,12.1,20.7,0.2906,0
1.5,6.6,252.0,158.0,11.5,22.1,0.2987,0
2.4,12.3,337.0,181.0,10.4,23.1,0.2905,1
2.8,14.1,357.0,185.0,9.5,25.2,0.2996,1
3.1,14.2,410.0,187.0,8.9,26.9,0.3069,1
3.1,11.6,445.0,196.0,8.2,30.1,0.327,1
2.0,8.2,314.0,174.0,7.4,31.8,0.3287,1
2.1,9.2,366.0,182.0,6.6,37.5,0.3664,1
1.9,8.3,336.0,182.0,6.3,40.1,0.3842,1
2.5,10.7,387.0,193.0,5.2,44.2,0.3943,1
2.0,8.0,320.0,174.0,4.4,47.5,0.4017,1
1.4,5.9,278.5,158.0,4.0,49.1,0.4019,0
1.1,4.5,237.0,142.0,3.3,52.2,0.4074,0
0.8,3.8,224.0,137.0,3.2,52.4,0.4071,0
0.9,5.1,237.0,140.0,3.6,51.7,0.4123,0
1.6,8.8,454.0,201.0,3.5,54.2,0.4297,1
3.6,16.1,854.0,288.0,5.2,48.3,0.4304,1
3.3,13.4,758.0,260.0,7.8,37.6,0.3994,1
2.1,9.0,428.0,206.0,8.9,33.8,0.385,1
1.3,5.0,205.0,98.0,9.1,33.0,0.3827,0
1.1,4.3,205.0,138.0,9.1,34.5,0.3994,0
1.5,6.3,226.0,139.0,9.6,31.3,0.3763,0
1.5,6.0,199.0,137.0,8.5,36.3,0.4026,0
1.6,5.7,253.0,155.0,9.3,34.6,0.405,0
1.5,5.6,259.0,155.0,8.9,37.9,0.4318,0
1.6,7.0,252.0,148.0,8.2,41.8,0.4563,0
2.2,9.5,313.0,153.0,7.4,44.5,0.4582,1
3.4,15.9,433.0,171.0,7.0,43.4,0.4366,1
5.6,24.7,611.0,227.0,6.6,43.4,0.4241,1
5.2,16.8,626.0,251.0,5.9,44.3,0.4137,1
2.8,10.7,408.0,216.0,5.0,46.6,0.4099,1
2.4,8.3,357.0,200.0,5.8,40.3,0.374,1
2.7,11.0,375.0,192.0,5.4,43.8,0.3945,1
2.6,7.4,326.0,187.0,5.7,42.1,0.3883,1
2.3,7.9,326.0,173.0,5.7,42.1,0.3885,1
1.0,3.6,199.0,118.5,5.8,42.9,0.399,0
0.6,1.7,72.0,64.0,5.7,46.6,0.4298,0
0.5,1.0,49.0,46.0,6.9,45.0,0.4499,0
0.5,1.1,59.0,51.0,6.9,42.2,0.4224,0
1.0,4.0,220.0,115.0,6.4,43.8,0.423,0
2.6,9.7,602.0,238.0,6.6,44.6,0.4383,1
2.7,10.6,485.0,202.0,7.7,42.1,0.444,1
1.8,5.4,295.0,167.0,10.1,36.7,0.4536,0
1.2,3.9,217.0,139.0,9.0,41.4,0.4775,0
1.3,4.4,236.0,147.0,8.7,42.5,0.4787,0
1.4,5.0,196.0,130.0,8.3,47.8,0.5238,0
1.8,6.8,233.0,143.0,8.9,45.5,0.5208,0
1.3,4.8,207.0,143.0,8.9,46.1,0.5256,0
1.4,5.0,198.0,136.0,9.0,44.9,0.5173,0
1.4,5.2,212.0,143.0,9.3,42.3,0.4974,0
2.4,10.0,280.0,177.0,8.4,45.2,0.4977,1
2.8,11.1,315.0,198.0,7.6,47.8,0.5013,1
3.3,12.9,378.0,200.0,7.4,47.2,0.4871,1
2.5,7.8,320.0,191.0,7.4,46.9,0.4854,1
2.1,6.3,265.0,169.0,6.9,48.2,0.4832,0
1.2,2.8,129.0,106.0,7.1,47.9,0.4867,0
1.2,3.3,129.0,105.0,6.9,48.7,0.4874,0
1.3,3.1,172.0,130.0,6.8,48.2,0.4792,0
1.0,2.1,100.0,82.0,6.3,49.6,0.4787,0
0.8,1.9,74.5,63.5,5.6,52.9,0.4855,0
0.6000000000000001,0.7,49.0,45.0,6.4,49.8,0.4814,0
0.4,0.8,36.0,35.0,6.9,48.1,0.4796,0
0.5,1.3,79.0,60.0,6.4,50.2,0.485,0
0.7,1.8,128.0,90.0,6.4,50.7,0.4886,0
2.1,7.9,456.0,205.0,6.9,48.8,0.4903,1
2.5,9.8,477.0,199.0,8.4,44.6,0.4922,1
2.0,7.4,342.0,153.0,10.8,37.1,0.4794,0
1.4,5.3,254.0,163.0,11.2,36.2,0.4818,0
1.3,4.8,231.0,152.0,11.8,34.4,0.4758,0
1.4,5.6,213.0,146.0,11.5,33.1,0.4479,0
1.6,6.6,208.0,146.0,10.9,32.6,0.426,0
1.7,6.7,270.0,134.0,11.3,31.7,0.4249,0
1.8,8.4,276.0,164.0,11.6,30.9,0.4223,0
2.4,10.3,375.0,141.0,11.1,32.2,0.4243,1
2.8,12.6,395.0,204.0,9.7,36.0,0.4333,1
3.3,16.0,421.0,210.0,8.5,39.0,0.4336,1
4.8,17.6,632.0,250.0,8.3,40.3,0.4411,1
2.8,10.1,424.0,202.0,8.0,41.3,0.4448,1
2.4,9.8,369.0,190.0,7.0,44.2,0.4446,1
2.9,11.5,484.0,236.0,5.4,51.8,0.4698,1
2.7,8.2,456.0,250.0,4.1,55.0,0.4558,1
2.1,6.8,373.0,219.0,3.1,57.8,0.4462,1
1.5,4.3,228.0,156.0,3.1,56.7,0.4388,0
1.2,3.9,172.5,127.0,2.2,59.6,0.4333,0
0.9,2.6,117.0,98.0,2.3,58.9,0.4317,0
0.8,2.4,108.0,89.0,1.9,60.0,0.4276,0
0.8,2.3,126.0,104.0,1.9,60.3,0.4293,0
1.1,4.5,235.0,148.0,0.9,64.6,0.4294,0
1.9,8.5,339.0,194.0,0.6,65.0,0.4231,1
2.5,9.0,399.0,231.0,2.1,59.9,0.4338,1
2.2,5.7,346.0,200.0,3.1,57.2,0.4402,1
2.1,6.9,407.0,217.0,4.2,54.0,0.4483,1
2.3,6.4,393.0,210.0,7.4,43.8,0.4538,1
1.2,3.5,166.0,126.0,11.2,34.5,0.4586,0
1.2,3.7,157.0,118.0,13.8,32.4,0.5084,0
1.1,2.9,141.0,114.0,12.4,34.9,0.5002,0
1.1,3.4,144.0,117.0,12.8,31.9,0.4684,0
1.4,5.3,191.0,140.0,13.5,29.1,0.4486,0
1.7,7.3,255.0,168.0,11.6,33.3,0.454,0
2.5,10.0,379.0,202.0,10.9,34.9,0.4568,1
2.7,12.3,427.0,211.0,10.4,37.3,0.4708,1
3.1,11.8,509.0,231.0,9.7,39.7,0.4792,1
2.8,10.4,459.0,214.0,9.1,41.9,0.4857,1
1.9,7.7,293.0,181.0,9.3,41.9,0.4927,1
1.9,7.5,269.0,173.0,9.4,44.7,0.5279,0
1.7,6.1,244.0,169.0,8.5,45.8,0.5108,0
2.2,8.3,293.0,174.0,7.8,50.0,0.53,1
1.6,5.1,235.0,152.0,7.7,49.7,0.5242,0
1.5,4.9,177.0,130.0,8.2,46.9,0.5099,0
0.8,1.9,81.0,72.0,8.4,48.6,0.5375,0
0.5,1.0,42.0,40.0,8.0,54.7,0.5883,0
0.5,1.1,61.0,56.0,7.8,55.7,0.5914,0
0.7,1.5,101.0,81.0,8.0,53.8,0.5796,0
0.7,1.6,98.0,81.0,8.8,50.7,0.5752,0
0.9,2.3,114.0,88.0,10.1,47.6,0.587,0
1.0,2.5,118.0,94.0,10.6,45.8,0.5838,0
1.1,2.5,120.0,97.0,9.1,56.2,0.6515,0
1.1,2.8,151.0,112.0,7.9,66.5,0.7124,0
1.0,2.4,131.0,104.0,8.0,65.0,0.6991,0
1.1,3.3,145.0,107.0,8.4,61.0,0.6721,0
1.3,3.2,156.0,114.0,8.6,57.3,0.6429,0
1.2,2.8,151.0,115.0,8.4,56.3,0.6227,0
1.3,3.4,173.0,127.0,8.0,57.7,0.6222,0
1.1,2.9,154.0,119.0,7.1,62.6,0.6341,0
1.5,4.6,221.0,149.0,7.4,59.3,0.6123,0
1.4,3.8,193.0,140.0,7.7,56.9,0.5994,0
1.1,3.1,130.0,105.0,7.7,54.4,0.5753,0
1.3,3.7,156.0,116.0,7.7,53.0,0.5572,0
1.4,3.3,148.0,112.0,6.7,62.8,0.6188,0
1.1,2.1,93.0,80.0,6.6,61.9,0.6056,0
0.8,1.2,66.0,59.0,5.7,70.3,0.6498,0
0.6,0.7,52.0,47.5,4.5,79.2,0.6751,0
0.55,0.5,38.0,36.0,4.0,81.5,0.6712,0
0.5,1.0,50.0,49.0,3.9,81.5,0.6653,0
0.6,2.1,77.0,63.0,3.3,84.3,0.6617,0
1.2,5.5,183.0,123.0,4.2,80.9,0.6742,0
2.2,10.9,256.0,164.0,5.1,75.0,0.6646,1
2.9,13.3,355.0,218.0,4.6,77.6,0.6651,1
2.9,9.6,491.0,254.0,3.8,84.3,0.6811,1
2.0,7.0,387.0,210.0,6.2,77.4,0.7383,1
1.7,6.6,384.0,208.0,7.7,67.6,0.7133,1
2.2,9.3,368.0,204.0,8.1,64.8,0.7039,1
1.8,7.9,258.0,172.0,8.1,64.0,0.6942,0
1.6,6.9,231.0,157.0,6.9,71.3,0.7118,0
1.9,8.6,290.0,181.0,7.0,73.7,0.7425,1
2.2,10.0,335.0,194.0,7.3,70.0,0.7195,1
2.2,8.8,293.0,193.0,5.8,77.8,0.7223,1
4.9,20.2,526.0,252.0,5.4,80.9,0.7293,1
6.3,19.7,607.0,283.0,5.5,79.8,0.7261,1
2.7,7.1,326.0,208.0,5.6,74.0,0.6808,1
1.4,4.4,188.0,143.0,5.6,71.9,0.6604,0
1.2,2.9,163.0,124.0,6.4,70.7,0.6848,0
0.8,2.1,102.0,89.0,6.3,70.1,0.6733,0
0.8,2.1,95.0,85.0,4.4,80.5,0.6825,0
0.7,1.1,71.0,66.0,3.9,83.1,0.6787,0
0.4,0.6,58.5,56.0,2.5,86.6,0.6407,0
0.4,0.5,46.0,46.0,3.4,85.4,0.6736,0
0.5,1.0,62.0,60.0,3.3,84.5,0.6608,0
0.9,2.6,170.0,117.0,3.4,84.5,0.664,0
1.5,6.7,313.0,178.0,3.4,84.5,0.6677,1
3.8,16.7,687.0,295.0,4.1,82.7,0.682,1
5.4,24.0,757.0,243.0,4.6,80.3,0.6889,1
3.5,15.0,559.0,255.0,6.1,74.0,0.7025,1
1.7,6.9,286.0,201.0,9.1,58.4,0.6787,1
2.0,9.1,324.0,208.0,11.4,48.9,0.658,1
2.1,10.0,316.0,212.0,8.3,64.4,0.7072,1
3.0,12.9,407.0,238.0,6.5,71.0,0.6903,1
2.1,9.0,305.0,201.0,6.6,71.1,0.6973,1
2.5,10.9,360.0,218.0,7.4,69.3,0.7165,1
2.2,7.9,339.0,222.0,6.4,70.6,0.6834,1
2.4,10.2,304.0,206.0,5.8,72.5,0.6718,1
3.6,13.2,397.0,251.0,5.6,71.6,0.6556,1
2.6,8.1,270.0,190.0,4.2,77.8,0.6491,1
2.7,8.5,339.0,218.0,4.3,79.5,0.6648,1
1.4,3.6,190.0,150.0,4.5,75.5,0.6429,0
0.9,2.6,126.0,111.0,4.4,77.1,0.6523,0
1.5,4.3,189.0,142.0,4.2,78.2,0.6506,0
1.1,3.2,146.0,119.0,4.0,79.3,0.6517,0
0.8,1.8,98.0,87.0,3.9,78.7,0.643,0
0.6,1.4,86.5,78.5,3.5,80.6,0.6403,0
0.6,1.2,75.0,70.0,3.2,82.8,0.6426,0
0.6,0.7,77.0,68.0,4.1,76.0,0.6304,0
0.6,1.0,72.0,66.0,4.2,75.9,0.6311,0
0.7,2.2,152.0,117.0,4.5,76.3,0.648,0
1.7,7.7,337.0,197.0,4.4,79.1,0.6687,1
1.9,6.2,360.0,198.0,4.3,79.8,0.6706,1
1.4,3.8,243.0,167.0,3.1,83.0,0.6419,0
1.3,3.6,277.0,180.0,2.8,83.9,0.6326,0
1.2,3.7,266.0,169.0,3.9,79.5,0.6482,0
1.9,8.3,317.0,210.0,5.1,74.5,0.6621,1
2.5,10.1,375.0,232.0,5.7,72.5,0.6686,1
2.3,9.9,349.0,223.0,5.6,74.6,0.6826,1
2.3,9.2,377.0,224.0,5.4,75.9,0.6875,1
2.5,10.3,403.0,238.0,4.9,78.2,0.6826,1
2.8,11.4,422.0,249.0,4.8,79.0,0.6845,1
2.7,11.7,388.0,223.0,4.8,78.6,0.6826,1
3.1,12.6,431.0,244.0,4.6,78.2,0.6686,1
2.9,11.4,425.0,243.0,4.2,79.7,0.6647,1
2.6,9.6,391.0,226.0,4.3,78.9,0.6621,1
1.5,4.6,231.0,167.0,4.2,77.9,0.6479,0
1.6,4.7,248.0,172.0,3.2,83.0,0.645,0
1.1,2.6,142.0,120.0,5.1,74.5,0.6626,0
0.9,2.9,117.0,100.0,4.0,80.8,0.6666,0
0.7,1.5,106.5,93.0,4.3,81.0,0.677,0
0.6499999999999999,1.3,96.0,86.0,2.9,85.3,0.6503,0
0.6,1.2,87.0,81.0,3.3,84.5,0.6612,0
0.8,3.0,197.0,131.0,3.6,84.4,0.6724,0
1.5,5.5,290.0,170.0,3.8,83.8,0.6771,0
3.1,12.9,621.0,267.0,4.1,82.5,0.6819,1
3.8,14.5,645.0,269.0,3.9,83.9,0.6847,1
2.7,9.0,573.0,244.0,4.1,83.9,0.6967,1
1.8,6.5,414.0,232.0,4.6,82.0,0.6997,1
1.4,5.4,314.0,196.0,5.5,79.5,0.7238,1
1.7,7.4,317.0,195.0,6.7,76.2,0.7519,1
1.9,7.7,290.0,189.0,7.9,69.0,0.7394,1
2.2,10.7,385.0,212.0,8.5,66.3,0.7387,1
3.0,13.3,507.0,267.0,7.6,70.8,0.7399,1
3.0,13.2,534.0,262.0,7.2,72.4,0.7372,1
3.9,17.5,601.0,270.0,6.7,74.2,0.7326,1
4.0,17.7,583.0,260.0,6.1,75.8,0.7184,1
3.9,17.5,551.0,265.0,6.3,74.9,0.7187,1
3.5,14.1,547.0,262.0,6.0,78.0,0.7345,1
2.4,8.4,385.0,227.0,5.6,81.2,0.7443,1
2.1,7.9,318.0,192.0,5.5,81.5,0.7393,1
2.5,8.1,356.0,202.0,5.3,84.1,0.753,1
2.1,7.1,326.0,189.0,5.2,83.9,0.7487,1
1.5,5.2,233.0,157.0,5.1,83.5,0.7416,0
1.1,3.4,174.5,127.0,5.0,82.9,0.73,0
1.0,3.4,116.0,97.0,5.0,82.5,0.7265,0
0.8,2.1,120.0,100.0,5.0,82.8,0.7273,0
1.0,4.1,228.0,146.0,5.2,80.7,0.7219,0
1.4,6.1,303.0,175.0,5.3,80.2,0.7179,0
3.6,18.7,378.3333333333333,180.0,5.7,79.7,0.734,1
5.8,27.9,453.6666666666666,185.0,6.2,76.8,0.7355,1
4.2,17.8,529.0,190.0,8.3,67.4,0.7384,1
3.3,11.8,615.0,166.0,10.8,52.1,0.6746,1
1.7,6.6,298.0,153.0,13.0,40.3,0.6028,0
2.1,8.4,317.0,167.0,10.9,44.8,0.5849,1
2.2,7.6,305.0,137.0,11.5,42.1,0.5706,0
1.8,6.7,253.0,140.0,12.5,38.5,0.5568,0
2.0,7.9,296.0,150.0,12.6,38.5,0.5586,0
2.3,8.4,293.0,152.0,12.3,38.4,0.5488,0
2.8,12.1,353.0,177.0,10.2,43.1,0.5366,1
3.4,12.6,399.0,189.0,8.6,48.2,0.5385,1
4.0,13.6,454.0,195.0,7.8,50.8,0.5384,1
2.3,8.1,356.0,179.0,7.3,52.8,0.5404,1
2.7,11.2,473.0,188.0,6.2,62.4,0.5958,1
2.7,10.1,482.0,170.0,5.1,68.2,0.6033,1
2.8,8.8,443.0,161.0,4.7,69.0,0.5936,1
2.1,6.8,373.0,145.0,4.0,69.8,0.5756,1
1.9,6.4,320.0,136.0,3.4,71.3,0.5626,0
2.1,6.7,276.5,129.0,2.8,74.0,0.5591,0
1.7,5.2,233.0,122.0,2.3,75.1,0.5514,0
1.3,3.6,161.0,115.0,3.8,66.2,0.5359,0
0.9,2.7,137.0,103.0,4.6,60.5,0.5173,0
1.0,1.9,144.0,108.0,5.7,54.3,0.5022,0
1.0,3.9,182.0,124.0,6.2,51.3,0.488,0
1.5,4.1,227.0,133.0,6.7,49.5,0.4892,0
1.5,3.7,203.0,124.0,8.8,45.0,0.5114,0
1.4,3.6,179.0,116.0,9.6,43.5,0.5202,0
2.4,4.1,171.0,113.0,9.8,43.3,0.5238,0
2.8,4.5,181.0,117.0,9.9,43.5,0.53,0
2.9,4.5,175.0,118.0,9.8,44.1,0.5332,0
2.6,2.9,148.0,108.0,9.7,45.1,0.5417,0
2.5,3.1,132.0,98.0,9.0,47.3,0.542,0
2.7,3.9,162.0,117.0,7.4,56.0,0.5797,0
2.8,4.2,185.0,126.0,6.4,61.7,0.5956,0
3.0,5.2,234.0,142.0,6.8,58.0,0.5758,0
3.7,10.2,275.0,157.0,7.3,56.7,0.5806,1
3.5,8.1,272.0,161.0,7.2,56.7,0.579,1
3.8,8.5,331.0,169.0,6.7,59.1,0.5848,1
4.3,10.7,347.0,166.0,5.9,62.1,0.5808,1
4.8,11.5,488.0,189.0,6.3,60.4,0.5811,1
4.2,9.5,404.0,184.0,5.5,60.2,0.5458,1
3.3,5.3,255.0,145.0,4.6,64.4,0.5525,1
3.0,5.8,214.5,132.0,3.5,68.8,0.5458,0
2.0,4.6,174.0,119.0,2.8,70.9,0.5383,0
1.0,2.7,108.0,87.0,3.7,65.9,0.5295,0
0.9,3.1,107.0,77.0,1.6,74.3,0.5168,0
1.1,3.2,188.0,112.0,1.4,76.3,0.5261,0
1.1,3.6,225.0,118.0,2.5,69.5,0.5172,0
1.2,3.7,208.0,124.0,3.7,64.8,0.5208,0
1.7,6.4,270.0,144.0,7.8,49.9,0.5307,0
1.6,5.2,202.0,128.0,11.2,37.1,0.4936,0
1.4,3.9,168.0,120.0,12.6,30.6,0.446,0
1.8,4.1,191.0,131.0,10.3,32.9,0.4131,0
1.1,2.5,149.0,115.0,10.0,35.5,0.4346,0
0.9,2.2,101.0,82.0,8.8,40.0,0.4538,0
1.1,2.3,134.0,100.0,8.3,40.3,0.4431,0
1.1,2.4,150.0,111.0,7.9,38.9,0.4141,0
1.2,2.9,188.0,132.0,6.8,41.0,0.4072,0
1.6,4.9,254.0,155.0,6.0,42.0,0.3962,0
2.6,6.8,324.0,181.0,5.5,43.5,0.3963,1
1.5,3.1,238.0,155.0,4.6,46.8,0.4001,0
1.0,2.1,128.0,105.0,4.5,48.0,0.4085,0
1.3,3.9,169.0,119.0,4.3,48.6,0.4069,0
1.6,3.8,215.0,150.0,4.0,50.0,0.4115,0
1.0,1.8,111.0,94.0,4.0,52.9,0.4338,0
0.6,1.0,60.0,56.0,4.0,51.0,0.42,0
0.4,0.6,44.5,42.0,3.9,48.1,0.393,0
0.3,0.4,29.0,28.0,3.8,48.0,0.3879,0
0.3,0.3,25.0,25.0,3.6,50.3,0.4022,0
0.3,0.2,34.0,31.0,2.8,52.6,0.3972,0
0.4,0.7,89.0,66.0,2.5,52.7,0.3908,0
1.0,2.6,212.0,111.0,2.7,50.5,0.3804,0
1.2,3.1,216.0,122.0,2.7,49.4,0.3714,0
1.0,2.3,191.0,115.0,3.3,45.2,0.354,0
0.9,2.0,200.0,123.0,3.1,43.3,0.3354,0
0.8,2.0,164.0,119.0,3.7,38.8,0.3123,0
1.1,3.1,185.0,125.0,4.0,36.8,0.3016,0
1.0,2.9,156.0,110.0,3.7,35.0,0.2823,0
0.8,2.1,155.0,111.0,3.4,32.4,0.2563,0
0.9,2.5,158.0,114.0,3.3,33.1,0.2592,0
0.9,2.8,166.0,114.0,2.6,35.1,0.2618,0
2.0,6.7,268.0,140.0,2.1,36.6,0.2634,0
2.4,8.1,309.0,141.0,1.6,37.9,0.2645,0
2.5,7.4,297.0,142.0,1.4,38.0,0.2615,0
1.6,3.6,225.0,123.0,1.0,36.6,0.2456,0
0.9,1.9,122.0,90.0,1.1,35.4,0.2382,0
0.7,1.4,100.0,79.0,1.0,34.3,0.2292,0
0.6,1.2,86.0,69.0,1.0,37.4,0.2487,0
0.6,0.9,71.0,60.0,0.7,41.2,0.2693,0
0.4,0.6,39.0,37.0,0.2,40.6,0.2566,0
0.2,0.2,34.0,32.0,0.1,40.0,0.2499,0
0.2,0.2,29.0,27.0,-0.1,37.5,0.2326,0
0.2,0.3,32.0,30.0,-0.3,38.4,0.2347,0
0.2,0.3,37.0,33.0,-0.6,40.1,0.2404,0
0.5,1.0,134.0,84.0,-0.6,41.4,0.2478,0
1.5,5.2,358.0,147.0,-0.2,40.2,0.2478,0
1.9,6.1,354.0,143.0,0.6,36.8,0.2388,0
1.4,3.6,284.0,122.0,2.8,30.3,0.2294,0
0.9,2.3,213.0,109.0,3.1,29.1,0.224,0
0.7,1.9,174.0,95.0,3.3,29.2,0.2288,0
0.8,2.6,157.0,94.0,3.1,31.0,0.2386,0
1.0,3.1,178.0,102.0,3.2,30.8,0.2399,0
0.9,2.7,187.0,107.0,3.3,31.5,0.2464,0
1.0,3.0,198.0,113.0,4.1,28.6,0.2363,0
0.9,3.0,186.0,110.0,3.9,29.2,0.2378,0
1.4,5.0,203.0,116.0,1.9,35.0,0.2494,0
2.1,7.5,313.0,148.0,1.8,35.4,0.2497,0
2.8,9.5,342.0,156.0,1.4,36.5,0.2503,1
2.2,5.3,310.0,159.0,0.8,36.3,0.2388,0
1.0,2.4,165.0,116.0,0.6,34.1,0.221,0
1.1,2.5,152.0,110.0,0.3,31.9,0.2031,0
0.9,2.2,141.0,102.0,0.2,30.2,0.191,0
0.8,1.5,122.0,93.0,0.0,29.7,0.1847,0
0.6,1.3,79.0,67.0,-0.1,31.9,0.1975,0
0.5,0.9,80.0,71.0,-1.1,41.4,0.2379,0
0.45,0.7,81.0,75.0,-1.4,44.9,0.2536,0
0.4,0.9,77.0,73.0,-1.3,46.3,0.2635,0
0.5,1.4,124.0,96.0,-1.2,47.2,0.27,0
0.7,3.5,159.0,110.0,-1.3,47.5,0.2702,0
2.4,11.0,396.0,150.0,-1.9,51.4,0.2801,1
2.8,12.4,479.0,169.0,-0.5,45.9,0.2763,1
2.0,8.3,438.0,181.0,4.6,32.5,0.2783,1
2.2,8.9,466.0,187.0,7.5,24.3,0.2528,1
1.4,5.7,288.0,146.0,9.6,18.8,0.2246,0
1.2,5.5,205.0,131.0,9.3,18.4,0.2157,0
1.9,9.0,311.0,161.0,9.7,18.6,0.2244,0
1.3,6.3,246.0,143.0,10.1,16.7,0.2062,0
2.0,9.1,356.0,176.0,11.8,13.5,0.1862,1
2.0,8.4,397.0,178.0,11.6,15.3,0.2086,1
3.4,17.5,579.0,207.0,9.1,19.2,0.2225,1
5.1,23.3,819.0,240.0,7.2,25.6,0.2611,1
5.3,19.0,754.0,236.0,6.1,34.0,0.3237,1
2.8,11.1,473.0,199.0,5.1,36.4,0.323,1
1.6,6.2,300.0,170.0,4.8,39.6,0.344,0
1.4,5.0,235.0,153.0,5.0,39.6,0.3479,0
1.4,5.3,207.0,140.0,4.1,41.7,0.3456,0
1.4,4.2,204.0,138.0,4.4,43.3,0.3656,0
1.1,3.5,155.0,117.0,3.8,45.9,0.3728,0
0.9,3.0,167.0,118.0,3.6,49.7,0.396,0
1.0,4.1,179.0,119.0,3.4,56.3,0.4455,0
1.0,4.0,143.0,108.0,2.9,67.9,0.5183,0
1.2,5.1,212.0,121.0,2.8,74.1,0.5618,0
1.4,6.7,263.0,136.0,2.9,75.6,0.5742,0
3.0,15.6,648.0,175.0,3.8,72.4,0.5867,1
4.2,17.1,717.0,211.0,5.9,50.2,0.4706,1
2.1,8.8,389.0,186.0,7.3,39.4,0.4035,1
2.0,6.9,438.0,177.0,3.6,75.9,0.6055,1
1.6,5.4,282.0,147.0,3.6,78.6,0.6283,0
1.4,4.9,268.0,150.0,5.3,69.2,0.6213,0
1.6,5.3,248.0,148.0,6.1,66.0,0.6255,0
1.5,5.4,272.0,151.0,6.0,70.1,0.6577,0
1.7,5.5,291.0,151.0,6.3,72.1,0.6907,0
1.9,7.5,363.0,165.0,6.3,75.7,0.7252,1
3.8,16.7,660.0,197.0,5.6,80.4,0.7382,1
5.4,18.2,907.0,228.0,4.9,82.4,0.7201,1
4.2,15.5,639.0,196.0,4.3,84.0,0.7051,1
3.8,10.9,574.0,192.0,4.3,83.6,0.7025,1
2.3,8.7,373.0,161.0,4.6,82.5,0.7066,1
2.1,7.3,330.0,156.0,4.4,82.0,0.6938,1
2.3,7.5,336.0,158.0,4.3,80.9,0.6791,1
2.3,6.8,347.0,154.0,4.1,81.2,0.6721,1
1.7,4.7,241.0,138.0,3.9,80.9,0.6613,0
1.2,2.5,168.5,115.0,4.5,70.6,0.6004,0
0.6,1.3,96.0,92.0,4.5,65.1,0.5547,0
0.9,2.2,147.0,103.0,4.0,75.2,0.6161,0
1.1,3.6,210.0,117.0,3.7,76.4,0.6164,0
1.9,7.5,409.0,139.0,3.1,77.3,0.5985,1
3.7,16.8,719.0,167.0,3.7,74.4,0.5992,1
6.1,28.0,959.0,205.0,5.0,69.4,0.6118,1
4.6,15.8,744.0,216.0,6.5,60.9,0.5919,1
3.3,15.5,583.0,192.0,7.6,59.8,0.6245,1
3.3,14.9,597.0,188.0,8.6,57.6,0.6471,1
3.4,16.4,550.0,189.0,10.9,52.4,0.6826,1
3.6,15.6,499.0,192.0,12.3,48.3,0.6871,1
3.9,16.1,470.0,194.0,12.5,43.4,0.6298,1
4.8,16.6,568.0,217.0,11.9,42.3,0.5902,1
3.9,15.9,525.0,178.0,12.3,41.2,0.5867,1
3.6,13.3,481.0,183.0,10.8,48.1,0.6235,1
3.6,14.9,414.0,189.0,8.9,52.5,0.5996,1
4.6,18.5,565.0,225.0,8.4,54.7,0.6057,1
2.3,7.9,303.0,175.0,7.5,58.7,0.6112,1
1.6,5.0,221.0,153.0,6.9,60.0,0.5977,0
1.8,6.5,260.0,156.0,6.6,61.3,0.5995,0
2.2,6.0,327.0,172.0,6.3,59.8,0.5761,1
2.1,6.8,344.0,164.0,5.4,65.8,0.5935,1
1.7,4.0,270.0,157.0,5.8,59.6,0.5523,0
1.5,4.4,230.5,146.5,4.9,62.6,0.5477,0
1.3,4.0,191.0,136.0,4.4,63.9,0.5385,0
1.1,3.5,136.0,110.0,4.2,62.5,0.5191,0
1.1,4.3,194.0,128.0,3.1,68.6,0.5302,0
0.8,2.0,168.0,132.0,4.6,54.6,0.4682,0
1.3,6.1,254.0,156.0,5.0,54.5,0.4788,0
2.3,8.7,410.0,185.0,7.0,48.1,0.4847,1
1.1,3.1,166.0,121.0,10.0,37.7,0.4643,0
1.1,5.2,162.0,117.0,13.0,30.3,0.452,0
1.5,5.3,188.0,133.0,14.0,28.1,0.4476,0
1.6,6.7,199.0,136.0,13.3,28.9,0.4399,0
2.2,8.3,272.0,162.0,13.4,29.0,0.4436,0
1.5,5.9,180.0,132.0,13.5,28.3,0.4374,0
1.8,7.3,255.0,162.0,13.0,29.7,0.442,0
2.0,8.4,251.0,159.0,11.6,38.7,0.5271,0
1.9,7.7,258.0,156.0,8.6,56.3,0.6312,0
2.5,9.1,344.0,177.0,8.5,57.9,0.6435,1
2.6,10.9,380.0,185.0,7.8,63.4,0.6735,1
3.2,10.2,464.0,199.0,7.2,69.5,0.7084,1
2.2,7.8,304.0,166.0,6.5,74.7,0.7248,1
1.9,7.0,258.0,152.0,6.5,73.9,0.7224,0
2.4,9.2,358.0,170.0,6.8,72.1,0.7143,1
1.8,4.6,278.0,160.0,7.0,60.0,0.6055,0
0.9,2.1,116.0,100.0,7.2,47.8,0.487,0
0.8,1.5,88.0,78.5,7.2,47.3,0.483,0
0.7,1.3,60.0,57.0,6.8,52.9,0.5245,0
0.6,0.8,51.0,48.0,5.8,65.0,0.6029,0
0.5,0.6,33.0,32.0,5.8,59.4,0.5502,0
0.6,1.1,80.0,72.0,5.5,58.3,0.529,0
0.6,1.0,103.0,86.0,5.9,54.8,0.5119,0
0.7,1.5,93.0,79.0,7.3,48.7,0.5007,0
0.7,1.4,108.0,87.0,9.4,39.9,0.4707,0
0.9,2.0,107.0,85.0,11.2,33.8,0.449,0
1.0,2.3,122.0,97.0,12.3,29.9,0.4255,0
1.0,2.6,122.0,96.0,14.8,23.7,0.3945,0
1.4,6.7,156.0,113.0,13.1,26.6,0.399,0
3.0,13.3,246.0,163.0,13.3,25.7,0.3914,1
1.5,4.0,205.0,146.0,12.0,27.7,0.3885,0
1.7,5.3,257.0,167.0,11.5,30.1,0.4067,0
2.3,8.6,228.0,162.0,10.1,33.2,0.4115,0
2.5,6.2,321.0,194.0,8.6,38.1,0.4282,1
2.1,5.3,270.0,185.0,8.0,41.2,0.4433,0
1.5,4.1,203.0,158.0,7.5,43.8,0.4551,0
1.4,3.5,201.0,156.0,6.8,46.9,0.465,0
1.4,4.1,207.0,157.0,6.1,46.3,0.4394,0
1.4,3.2,180.0,141.0,5.6,45.5,0.4187,0
1.2,3.2,140.0,116.0,5.4,48.8,0.4393,0
0.9,1.7,93.0,84.0,5.1,51.2,0.4534,0
0.6,0.7,64.0,59.0,5.3,51.0,0.4563,0
0.4,0.5,35.0,34.0,5.2,57.2,0.5094,0
0.4,0.6,47.0,45.0,4.5,63.1,0.5381,0
0.5,0.8,68.0,59.0,5.2,54.5,0.486,0
0.7,1.7,131.0,99.0,5.6,51.3,0.4712,0
1.5,5.2,289.0,165.0,5.9,45.4,0.4244,0
1.9,6.6,322.0,168.0,6.9,41.3,0.4145,0
1.6,5.5,330.0,169.0,8.6,34.2,0.3834,0
1.4,4.4,339.0,162.0,9.6,27.7,0.3308,0
1.3,4.4,316.0,155.0,10.6,25.3,0.3224,0
1.3,4.3,218.0,136.0,10.2,25.6,0.3181,0
1.2,4.5,177.0,124.0,10.0,25.2,0.3079,0
1.3,4.5,278.0,158.0,9.7,25.7,0.3088,0
1.4,4.8,313.0,167.0,9.7,26.8,0.3226,0
1.7,6.3,351.0,176.0,9.4,27.3,0.3216,0
2.5,9.6,374.0,204.0,7.9,28.0,0.2999,1
3.8,15.0,431.0,209.0,6.9,30.7,0.3066,1
4.2,15.4,468.0,224.0,6.1,33.3,0.3152,1
2.8,8.9,368.0,211.0,5.0,37.4,0.329,1
1.5,5.0,239.0,174.0,4.2,40.9,0.3417,0
1.8,6.5,292.0,181.0,3.9,43.5,0.3538,0
1.5,4.4,205.0,157.0,3.0,47.7,0.3658,0
1.5,5.3,255.0,154.0,2.5,52.1,0.3855,0
1.2,3.1,220.0,147.0,2.0,53.5,0.3831,0
0.8,1.9,167.0,124.0,1.0,56.7,0.3803,0
0.75,1.7,114.0,101.0,0.5,59.4,0.3841,0
0.7,1.9,153.0,114.0,1.4,56.8,0.3903,0
0.7,2.8,224.0,134.0,0.9,58.4,0.388,0
1.3,5.5,295.0,144.0,0.3,61.0,0.3881,0
3.4,18.3,667.0,182.0,0.9,59.1,0.3913,1
5.5,26.3,867.0,223.0,4.1,47.9,0.3959,1
4.1,16.3,666.0,219.0,7.7,34.6,0.3652,1
3.0,12.3,595.0,215.0,10.9,25.7,0.3341,1
1.9,7.4,421.0,191.0,13.7,17.4,0.2715,1
1.8,8.1,292.0,162.0,14.0,16.8,0.2672,0
2.1,10.8,308.0,165.0,14.1,17.0,0.2729,1
2.3,9.7,347.0,171.0,15.0,15.8,0.2678,1
2.3,9.9,377.0,164.0,16.5,14.9,0.2775,1
2.0,9.6,325.0,168.0,15.8,16.7,0.2972,0
3.1,16.5,508.0,204.0,13.2,23.9,0.3597,1
5.1,23.4,768.0,242.0,11.0,33.8,0.4436,1
5.9,24.2,764.0,246.0,9.5,39.0,0.4644,1
3.2,13.3,500.0,215.0,8.5,42.4,0.4716,1
2.4,8.4,463.0,206.0,7.5,44.0,0.4564,1
1.4,5.4,258.0,167.0,6.6,46.0,0.4505,0
1.4,5.2,214.0,145.0,5.5,49.6,0.4526,0
1.3,4.6,191.0,133.0,4.9,52.2,0.4567,0
1.0,3.2,154.0,117.0,4.6,53.5,0.4584,0
0.8,2.2,133.5,103.5,4.7,53.1,0.4589,0
0.8,2.5,113.0,90.0,3.8,56.8,0.4614,0
0.9,2.8,167.0,112.0,2.3,63.5,0.463,0
0.9,3.9,235.0,120.0,2.0,64.9,0.4657,0
1.7,7.2,372.0,141.0,2.0,65.3,0.4688,0
4.3,20.9,877.0,190.0,3.3,61.6,0.4829,1
6.0,27.0,900.0,215.0,5.7,52.5,0.4851,1
3.8,18.5,733.0,215.0,8.3,43.5,0.4774,1
3.3,14.0,691.0,235.0,10.5,38.9,0.4926,1
2.3,10.5,457.0,194.0,14.5,33.4,0.5488,1
2.4,11.2,369.0,159.0,15.7,34.6,0.6147,1
2.2,10.3,285.0,123.0,16.1,36.3,0.6593,0
1.9,8.6,279.0,121.0,17.3,34.5,0.6728,0
1.7,7.6,198.0,102.0,17.6,34.1,0.6781,0
1.9,10.2,229.0,114.0,18.0,33.1,0.6779,0
3.8,17.8,477.0,168.0,14.6,41.0,0.6792,1
5.3,25.3,679.0,207.0,12.8,46.2,0.6794,1
5.9,24.4,682.0,199.0,11.5,53.9,0.7312,1
5.5,20.0,679.0,192.0,10.6,58.8,0.7512,1
2.0,7.3,298.0,148.0,9.7,60.0,0.7238,0
1.8,6.6,265.0,137.0,8.3,64.2,0.7071,0
1.6,5.7,196.0,123.0,7.8,65.5,0.6961,0
1.3,4.5,155.0,109.0,7.5,65.9,0.6868,0
1.1,4.1,131.0,98.0,6.1,72.1,0.6847,0
1.1,4.4,148.0,96.0,4.6,78.2,0.6684,0
1.0,3.3,165.0,94.0,4.0,80.9,0.667,0
0.8,3.3,169.0,95.0,4.2,79.1,0.6611,0
0.9,3.5,224.0,101.0,5.3,73.2,0.6577,0
1.3,6.4,249.0,100.0,4.3,76.1,0.6395,0
4.1,20.1,863.0,150.0,4.8,74.6,0.647,1
3.9,21.2,665.0,168.0,7.5,64.5,0.6702,1
3.5,13.7,670.0,199.0,11.7,49.3,0.6772,1
2.7,11.7,500.0,168.0,14.7,41.2,0.6857,1
2.3,10.6,428.0,161.0,17.4,33.2,0.6535,1
2.3,9.8,367.0,153.0,18.8,26.2,0.5637,1
2.1,9.1,306.0,145.0,19.1,18.1,0.3955,0
2.2,9.2,334.0,148.0,19.5,15.3,0.3431,0
1.8,5.9,268.0,131.0,20.2,14.4,0.337,0
1.9,8.6,284.0,137.0,19.8,16.0,0.3632,0
2.7,12.7,393.0,163.0,16.5,21.6,0.4012,1
4.7,19.8,603.0,219.0,14.5,18.3,0.2996,1
5.4,23.8,757.0,245.0,12.8,22.8,0.3364,1
4.2,14.6,684.0,229.0,11.5,35.9,0.4862,1
2.1,7.6,426.0,184.0,9.5,34.6,0.411,1
1.4,4.9,254.0,151.0,8.3,38.2,0.4203,0
1.4,5.2,227.0,133.0,7.7,41.7,0.4387,0
1.4,4.8,221.0,135.0,6.8,44.9,0.4472,0
1.0,3.2,155.0,111.0,5.7,49.4,0.4551,0
0.8,2.4,120.0,90.0,5.7,50.1,0.4629,0
0.75,3.2,134.0,91.0,4.4,56.4,0.4761,0
0.7,2.1,128.0,89.0,4.9,55.2,0.4807,0
0.6,2.7,148.0,89.0,4.5,56.3,0.48,0
0.2,4.5,233.0,117.0,3.8,59.7,0.4839,0
1.5,13.8,470.0,141.0,4.3,58.6,0.4915,1
3.5,22.7,679.0,189.0,7.1,50.0,0.5067,1
3.0,19.3,796.0,211.0,11.1,38.4,0.5066,1
3.0,14.3,812.0,235.0,14.15,34.5,0.5507500000000001,1
1.0,9.3,339.0,162.0,17.2,30.6,0.5949,0
1.5,12.1,354.0,172.0,17.8,33.3,0.6741,1
2.2,14.2,466.0,182.0,18.8,31.8,0.6853,1
1.7,12.3,417.0,180.0,19.3,29.9,0.6604,1
1.1,10.2,289.0,156.0,18.8,31.5,0.6752,0
1.3,10.4,324.0,168.0,18.2,28.1,0.5817,0
1.5,13.9,376.0,181.0,16.0,35.3,0.6356,1
3.4,23.1,619.0,226.0,13.8,43.6,0.6825,1
3.8,22.8,689.0,231.0,12.9,48.8,0.725,1
2.8,13.4,582.0,222.0,12.8,49.3,0.7277,1
0.8,6.8,287.0,165.0,12.2,50.9,0.7202,0
0.5,6.0,238.0,151.0,10.6,55.9,0.7138,0
1.0,5.7,312.0,174.0,10.3,55.9,0.7014,0
0.4,3.9,231.0,145.0,10.2,55.8,0.6927,0
0.4,4.9,234.0,147.0,10.0,57.3,0.7015,0
0.3,4.5,195.0,134.0,10.2,57.9,0.7191,0
0.26,2.3,113.0,85.0,10.3,59.4,0.7459,0
0.22,1.5,73.0,55.0,9.8,68.9,0.8329,0
0.18,1.5,103.0,65.0,9.2,75.3,0.8764,0
0.14,1.8,121.0,84.0,9.4,73.1,0.8621,0
0.1,3.3,132.0,88.0,10.6,66.1,0.8444,0
0.2,5.8,178.0,109.0,12.6,58.5,0.8517,0
0.6,6.2,218.0,130.0,15.0,48.6,0.8253,0
0.7,6.7,246.0,137.0,14.2,51.5,0.8313,0
0.6,5.6,252.0,145.0,15.1,48.6,0.8266,0
0.3,5.8,208.0,128.0,18.0,35.4,0.7233,0
0.5,7.0,219.0,129.0,17.9,35.3,0.7184,0
0.2,3.8,160.0,105.0,17.7,35.0,0.7014,0
0.4,5.5,191.0,114.0,17.6,35.5,0.7065,0
0.7,7.6,270.0,146.0,17.5,34.1,0.6775,0
0.9,8.3,285.0,156.0,15.6,40.0,0.7018,0
0.8,7.5,289.0,152.0,14.0,47.8,0.7582,0
2.4,14.1,550.0,201.0,13.2,51.4,0.776,1
3.3,12.4,679.0,221.0,12.0,56.1,0.7832,1
0.9,5.8,314.0,157.0,11.6,54.7,0.7454,0
0.1,3.9,166.0,114.0,12.0,53.3,0.7472,0
0.1,2.8,157.0,107.0,12.5,55.4,0.7999,0
0.1,3.1,173.0,113.0,12.3,56.0,0.7958,0
0.2,3.3,184.0,118.0,12.4,53.4,0.7669,0
0.1857142857142857,2.0,93.0,69.0,12.7,51.8,0.7574,0
0.1714285714285714,2.5,85.0,63.0,13.2,49.7,0.7503,0
0.1571428571428571,2.0,79.0,61.0,12.3,55.9,0.7966,0
0.1428571428571428,0.9,55.0,42.0,13.3,50.1,0.7624,0
0.1285714285714285,1.6,98.0,68.0,12.3,51.8,0.7384,0
0.1142857142857143,2.1,190.0,120.0,12.9,50.4,0.7448,0
0.1,3.0,166.0,112.0,12.9,49.9,0.7406,0
0.3,5.0,260.0,148.0,13.9,47.3,0.7479,0
1.0,7.7,362.0,160.0,13.5,51.6,0.7931,0
1.6,10.1,415.0,164.0,13.2,56.2,0.8499,1
1.4,8.5,358.0,159.0,14.2,57.8,0.9292,0
0.3,2.8,170.0,110.0,17.2,46.2,0.8989,0
0.1,3.3,130.0,82.0,19.9,36.6,0.8406,0
0.3,5.0,177.0,102.0,19.7,37.1,0.8399,0
0.5,5.6,233.0,119.0,19.0,37.4,0.8122,0
0.8,7.1,282.0,135.0,16.4,43.5,0.8055,0
3.2,16.7,583.0,215.0,15.1,49.8,0.8458,1
2.8,12.5,566.0,211.0,14.8,51.0,0.8507,1
1.0,6.6,323.0,172.0,14.6,51.6,0.8508,0
0.9,8.3,318.0,166.0,13.7,52.1,0.8121,0
0.9,7.1,336.0,168.0,13.2,55.6,0.8412,0
0.4,3.8,196.0,134.0,13.2,55.9,0.8465,0
0.4,5.2,193.0,122.0,11.7,62.1,0.8535,0
0.3,5.3,192.0,123.0,9.9,68.9,0.8388,0
0.1,3.8,147.0,104.0,9.8,68.0,0.8227,0
0.45,2.8,122.0,90.0,8.9,71.9,0.8202,0
0.8,2.9,117.0,85.0,8.4,74.5,0.8241,0
1.0,4.4,201.0,103.0,9.2,71.0,0.8299,0
1.6,7.5,318.0,127.0,9.9,67.6,0.8239,0
3.5,15.7,658.0,163.0,10.8,64.4,0.8328,1
4.0,22.9,680.0,155.0,11.7,61.7,0.8483,1
3.5,10.8,497.0,170.0,13.7,51.9,0.8106,1
1.6,6.1,290.0,141.0,16.3,43.5,0.7988,0
1.5,7.0,230.0,123.0,17.9,38.8,0.7883,0
1.5,7.1,215.0,124.0,19.3,35.5,0.7876,0
1.7,8.1,226.0,126.0,20.1,32.9,0.7672,0
1.6,7.7,240.0,128.0,20.0,33.0,0.7625,0
2.4,10.8,391.0,158.0,20.2,32.2,0.7526,1
3.4,14.4,492.0,177.0,18.9,34.4,0.7436,1
5.4,25.4,700.0,225.0,17.9,37.6,0.7624,1
6.5,29.1,782.0,234.0,16.7,43.4,0.8168,1
6.5,28.3,728.0,227.0,15.9,47.9,0.8573,1
4.0,14.2,510.0,192.0,15.3,52.6,0.906,1
2.1,8.4,308.0,158.0,13.7,58.5,0.9146,0
1.6,7.5,248.0,149.0,12.7,62.8,0.9198,0
1.5,5.2,233.0,140.0,12.2,65.0,0.9193,0
0.7,2.2,96.0,79.0,13.0,61.2,0.9105,0
0.7,2.0,90.0,69.0,11.1,66.1,0.8738,0
0.6,1.8,95.0,72.0,10.1,69.8,0.8619,0
0.5,1.1,68.0,58.0,11.6,61.0,0.8299,0
0.4,1.2,75.0,59.0,10.1,64.5,0.7968,0
0.6,2.4,145.0,88.0,9.3,67.9,0.7969,0
0.9,3.8,185.0,110.0,10.1,64.3,0.7934,0
2.6,14.0,506.0,151.0,10.4,62.7,0.7909,1
3.3,18.9,485.0,158.0,13.0,53.9,0.8036,1
4.0,15.6,684.0,194.0,16.4,44.6,0.8242,1
3.1,13.2,562.0,181.0,19.1,36.7,0.8044,1
2.2,10.3,357.0,161.0,21.0,30.6,0.7508,1
2.1,9.7,306.0,143.0,22.1,27.6,0.7254,0
2.2,10.0,292.0,142.0,22.2,25.5,0.6752,0
1.9,10.9,305.0,146.0,23.6,23.2,0.6665,0
2.5,12.3,386.0,166.0,23.6,22.9,0.6571,1
2.9,14.2,408.0,172.0,22.8,24.6,0.6736,1
3.9,21.6,521.0,196.0,20.3,29.7,0.6973,1
6.3,30.9,766.0,243.0,18.0,36.0,0.7345,1
7.4,33.5,841.0,248.0,16.4,41.9,0.7759,1
5.7,19.9,754.0,233.0,14.9,47.6,0.8003,1
2.3,8.4,350.0,174.0,13.8,49.6,0.7793,1
1.5,6.1,244.0,149.0,13.2,51.6,0.7765,0
1.4,5.7,221.0,134.0,11.8,56.9,0.7836,0
1.1,4.0,183.0,123.0,11.4,58.0,0.7818,0
0.9,2.9,166.0,111.0,11.3,58.0,0.7742,0
0.7,2.0,133.0,93.0,10.7,59.6,0.7673,0
0.6,1.7,147.0,97.0,9.0,65.4,0.7532,0
0.6,1.6,119.0,86.0,8.0,68.9,0.7402,0
0.8,3.3,179.0,99.0,7.5,70.9,0.7358,0
1.0,3.6,178.0,99.0,7.6,69.2,0.7238,0
2.1,10.2,390.0,129.0,8.7,64.3,0.7257,1
4.2,25.2,579.0,161.0,11.7,54.3,0.7459,1
4.3,16.0,735.0,202.0,15.9,42.2,0.7553,1
3.2,13.3,568.0,200.0,19.3,34.7,0.7681,1
2.8,11.9,487.0,194.0,23.1,27.3,0.7615,1
2.4,10.9,343.0,173.0,26.1,20.8,0.6959,1
2.5,11.0,351.0,169.0,26.8,17.9,0.6249,1
2.9,17.3,417.0,188.0,28.4,16.0,0.6095,1
3.0,12.4,509.0,211.0,28.8,15.1,0.5877,1
3.6,17.4,573.0,210.0,27.9,15.6,0.5782,1
3.5,17.5,518.0,193.0,24.1,20.6,0.6075,1
4.8,26.2,641.0,227.0,21.0,28.0,0.6904,1
4.4,23.1,544.0,223.0,18.4,38.8,0.8152,1
4.9,23.5,582.0,229.0,16.9,42.9,0.8222,1
2.9,13.3,407.0,194.0,15.5,45.0,0.7895,1
2.1,10.5,327.0,171.0,14.3,49.6,0.8049,1
1.6,6.3,221.0,147.0,14.7,48.0,0.7977,0
1.2,4.4,142.0,111.0,13.3,51.4,0.7821,0
0.9,3.3,123.0,104.0,12.6,53.7,0.7793,0
0.7,2.0,106.0,90.0,11.5,56.8,0.7706,0
0.6,1.9,100.0,81.0,10.1,61.9,0.7631,0
0.5,1.4,85.0,69.0,9.8,61.8,0.7523,0
0.6,2.3,114.0,84.0,9.0,64.3,0.7417,0
1.3,5.9,299.0,123.0,7.9,68.4,0.7324,0
3.8,18.9,723.0,166.0,9.5,62.6,0.7444,1
5.6,26.1,745.0,189.0,13.2,51.0,0.7704,1
4.4,16.2,668.0,217.0,16.9,40.3,0.7717,1
3.0,10.8,571.0,196.0,20.8,31.3,0.7617,1
2.2,11.1,388.0,189.0,24.3,24.7,0.7407,1
2.0,10.2,323.0,174.0,26.7,22.6,0.7785,0
2.2,11.9,312.0,161.0,27.1,21.7,0.7636,0
2.1,11.8,320.0,158.0,28.3,17.9,0.6769,0
2.2,10.9,322.0,161.0,27.8,20.0,0.7378,0
1.9,8.6,276.0,147.0,26.2,19.4,0.6491,0
2.7,15.0,341.0,165.0,22.7,24.4,0.6661,1
3.9,21.3,531.0,214.0,20.2,29.3,0.686,1
5.6,24.8,653.0,228.0,17.3,35.2,0.6907,1
4.9,18.4,646.0,240.0,16.1,38.7,0.7023,1
2.2,9.1,333.0,188.0,14.6,44.5,0.7337,1
1.9,8.1,299.0,173.0,13.7,48.6,0.7555,0
1.4,5.9,224.0,150.0,12.4,52.2,0.7513,0
1.3,5.1,195.0,134.0,11.9,53.4,0.7414,0
1.1,4.5,209.0,132.0,10.4,58.4,0.7367,0
0.9,3.2,168.0,117.0,8.9,63.5,0.7268,0
0.9,2.8,153.0,103.0,8.2,65.9,0.7168,0
0.7,2.0,140.0,99.0,7.7,67.1,0.7074,0
0.8,3.3,184.0,106.0,7.2,68.6,0.6978,0
1.2,5.4,266.0,113.0,7.5,66.7,0.6943,0
2.9,14.5,518.0,141.0,8.7,61.6,0.696,1
5.4,26.5,681.0,180.0,12.0,51.0,0.7131,1
4.3,17.6,558.0,192.0,15.4,42.5,0.7379,1
3.1,14.9,457.0,187.0,18.8,33.5,0.7186,1
2.4,10.3,353.0,169.0,22.2,28.1,0.7426,1
2.3,12.0,313.0,161.0,24.7,25.5,0.7785,1
2.3,10.4,290.0,160.0,25.0,23.4,0.7301,0
2.3,12.9,318.0,177.0,25.9,21.9,0.7209,1
3.4,15.1,479.0,219.0,25.6,21.7,0.7039,1
3.7,15.8,494.0,212.0,25.1,21.8,0.6854,1
4.1,20.1,551.0,225.0,22.1,25.6,0.6728,1
5.6,25.6,701.0,240.0,19.1,32.5,0.7112,1
5.3,24.0,571.0,223.0,16.7,42.5,0.8002,1
4.9,18.3,643.0,241.0,15.5,48.3,0.8439,1
2.0,7.2,282.0,159.0,13.3,60.5,0.9168,0
1.9,6.8,251.0,150.0,12.1,67.6,0.9539,0
2.2,6.8,307.0,163.0,11.8,68.3,0.9432,0
1.9,6.4,282.0,155.0,11.6,68.3,0.9314,0
1.1,2.7,160.0,119.0,11.8,67.9,0.9362,0
1.0,2.9,125.0,94.0,12.3,65.8,0.9374,0
0.9,2.2,106.0,80.0,12.2,66.9,0.9496,0
0.9,2.5,111.0,83.0,12.1,67.3,0.948,0
0.7,1.9,115.0,79.0,11.8,67.1,0.9274,0
1.0,3.6,156.0,96.0,11.9,65.6,0.9129,0
2.0,10.1,320.0,141.0,12.2,65.6,0.93,0
2.7,10.9,380.0,153.0,12.8,64.4,0.9448,1
2.5,9.9,371.0,156.0,13.4,62.0,0.9498,1
2.4,9.7,343.0,162.0,14.5,57.0,0.9333,1
2.2,8.9,297.0,164.0,15.8,51.3,0.9144,0
2.1,8.5,281.0,160.0,17.5,46.0,0.9104,0
1.8,6.6,220.0,140.0,19.5,40.2,0.901,0
1.4,5.4,174.0,119.0,21.2,35.9,0.8943,0
2.1,8.7,260.0,153.0,21.7,35.1,0.8993,0
1.7,5.8,222.0,139.0,20.5,38.4,0.9161,0
1.9,7.6,266.0,156.0,18.2,45.9,0.9488,0
2.7,12.4,387.0,183.0,16.2,53.0,0.9722,1
3.2,14.7,425.0,185.0,15.0,57.6,0.9777,1
3.3,10.5,484.0,200.0,14.1,60.8,0.9716,1
2.3,7.3,325.0,163.0,13.2,65.6,0.9882,1
1.9,8.5,257.0,154.0,13.5,63.8,0.9797,0
1.9,6.8,273.0,151.0,13.6,63.4,0.9794,0
1.9,5.9,276.0,149.0,13.6,63.5,0.9857,0
1.5,4.3,202.0,131.0,13.4,64.8,0.988,0
1.1,3.5,132.0,94.0,13.2,64.8,0.9801,0
0.95,2.8,85.0,66.0,13.0,65.3,0.9704,0
0.8,2.4,87.0,69.0,12.6,65.9,0.9583,0
0.6,1.6,70.0,57.0,13.1,64.0,0.9591,0
0.7,2.7,113.0,78.0,12.4,66.2,0.95,0
0.7,2.5,112.0,84.0,13.3,62.4,0.946,0
1.0,3.9,140.0,97.0,14.0,59.7,0.9491,0
1.5,6.2,214.0,123.0,15.4,54.0,0.9385,0
2.4,8.8,334.0,166.0,17.0,47.5,0.9146,1
1.6,4.3,203.0,130.0,18.6,42.6,0.904,0
1.2,3.4,163.0,109.0,21.5,35.0,0.8886,0
0.9,2.2,110.0,82.0,21.3,35.6,0.8924,0
0.9,3.6,107.0,73.0,23.1,32.1,0.8973,0
1.1,4.1,135.0,91.0,22.1,34.5,0.9035,0
1.4,5.7,187.0,109.0,21.5,35.7,0.905,0
1.7,6.6,240.0,128.0,19.3,41.6,0.923,0
2.9,12.7,398.0,155.0,17.3,47.8,0.9363,1
4.0,14.8,585.0,176.0,16.0,54.9,0.9934,1
4.0,12.3,590.0,179.0,15.6,58.0,1.0197,1
1.9,6.3,295.0,124.0,14.8,61.3,1.025,0
1.5,5.3,209.0,105.0,13.8,63.4,0.9916,0
1.5,5.3,183.0,99.0,13.1,66.1,0.9913,0
1.6,4.7,177.0,104.0,13.3,66.4,1.0128,0
1.1,3.3,126.0,95.0,13.3,67.0,1.0207,0
0.8,2.7,100.0,81.0,13.1,68.6,1.0288,0
0.7,2.0,83.0,68.0,12.2,72.4,1.0224,0
0.6,1.6,84.0,69.0,11.6,73.8,1.0054,0
0.7,3.0,113.0,73.0,12.9,67.5,0.999,0
1.3,6.1,270.0,113.0,12.8,68.0,1.0023,0
3.2,17.3,487.0,141.0,13.5,63.9,0.9875,1
6.1,31.0,723.0,174.0,14.7,59.8,0.9928,1
4.3,15.4,614.0,178.0,15.9,56.6,1.0147,1
2.6,10.9,395.0,163.0,18.3,49.4,1.0264,1
2.0,8.4,310.0,143.0,19.8,44.2,1.0091,0
1.8,7.1,259.0,127.0,21.6,39.6,1.009,0
2.1,10.0,251.0,131.0,23.3,35.8,1.0086,0
2.1,8.2,261.0,135.0,23.8,33.4,0.9699,0
2.0,9.2,241.0,131.0,22.8,35.3,0.9693,0
2.6,12.4,317.0,153.0,22.8,34.9,0.9576,1
4.5,23.3,505.0,198.0,20.9,39.3,0.9615,1
6.4,29.7,669.0,232.0,18.6,46.4,0.9867,1
6.0,25.7,638.0,224.0,17.2,52.7,1.0285,1
3.8,14.3,433.0,183.0,15.3,61.0,1.054,1
2.1,8.2,252.0,144.0,14.2,65.4,1.0497,0
1.2,4.9,154.0,117.0,13.8,65.2,1.0275,0
1.3,5.9,152.0,106.0,13.3,65.6,0.9969,0
1.5,5.7,181.0,121.0,12.6,67.9,0.9886,0
0.9,2.9,109.0,87.0,12.8,64.5,0.9493,0
0.7,1.8,73.0,62.0,12.8,63.6,0.936,0
0.5,1.2,83.0,70.0,12.0,65.2,0.9103,0
0.6,1.6,90.0,66.0,10.6,70.8,0.9033,0
0.7,2.5,151.0,88.0,10.9,69.2,0.9033,0
0.9,3.8,191.0,93.0,10.3,70.9,0.8907,0
2.2,13.5,403.0,116.0,11.8,66.3,0.9174,1
4.7,27.8,555.0,151.0,14.1,58.9,0.9447,1
4.5,18.8,551.0,169.0,16.5,51.6,0.9601,1
3.1,15.7,473.0,166.0,20.2,42.1,0.984,1
2.8,15.6,388.0,160.0,21.7,39.0,0.9979,1
2.4,12.3,296.0,145.0,23.5,35.0,0.9977,0
2.5,12.4,283.0,131.0,23.5,34.2,0.9748,0
2.0,9.1,256.0,130.0,25.5,28.3,0.9124,0
1.7,8.6,234.0,122.0,25.5,24.7,0.7928,0
1.7,8.4,215.0,113.0,22.9,29.2,0.8055,0
3.3,20.9,454.0,156.0,21.3,32.9,0.8209,1
4.5,21.9,605.0,198.0,20.1,42.4,0.988,1
5.8,20.4,529.0,175.0,18.6,46.6,0.9858,1
4.3,11.0,354.0,141.0,17.4,50.6,0.9989,1
3.0,6.8,195.0,101.0,16.4,57.2,1.0574,0
2.8,6.3,161.0,102.0,16.3,59.4,1.0895,0
2.7,6.2,187.0,119.0,16.0,60.2,1.0844,0
2.4,3.5,156.0,110.0,15.6,61.6,1.0859,0
2.2,3.3,116.0,87.0,15.4,62.0,1.0793,0
2.0,2.5,83.0,66.0,15.2,63.5,1.0881,0
1.25,2.3,85.0,65.0,14.5,66.4,1.0919,0
0.5,1.8,78.0,63.0,15.0,64.8,1.1007,0
0.7,3.6,127.0,71.0,14.2,68.3,1.0988,0
1.2,6.1,279.0,103.0,14.0,68.6,1.0918,0
3.9,22.3,649.0,144.0,15.4,63.4,1.1045,1
4.9,27.0,593.0,158.0,17.8,53.3,1.0736,1
4.6,19.5,584.0,169.0,19.4,47.5,1.061,1
3.4,15.8,563.0,184.0,21.4,38.7,0.9724,1
2.0,10.3,337.0,143.0,22.9,29.3,0.8077,0
1.9,11.0,272.0,133.0,24.2,26.5,0.7869,0
2.4,11.9,322.0,141.0,24.5,23.1,0.6968,0
2.4,11.7,362.0,153.0,23.1,22.8,0.6346,1
2.2,12.0,361.0,149.0,23.3,23.8,0.6738,1
2.5,12.3,431.0,159.0,23.2,23.3,0.6562,1
3.9,23.2,545.0,181.0,22.7,25.5,0.6944,1
6.2,32.6,796.0,227.0,21.0,29.2,0.7192,1
7.2,32.0,874.0,230.0,19.5,35.6,0.7978,1
3.9,18.8,551.0,194.0,18.8,37.3,0.8031,1
2.4,12.1,393.0,172.0,17.7,39.7,0.799,1
2.3,13.0,369.0,158.0,16.7,45.2,0.8506,1
1.9,9.9,314.0,144.0,15.9,47.0,0.8434,0
1.7,8.1,294.0,133.0,15.1,50.2,0.8543,0
0.9,3.8,165.0,109.0,15.3,49.2,0.8493,0
0.7,3.1,143.0,94.0,13.1,56.1,0.8416,0
0.5,2.0,93.0,73.0,13.3,54.4,0.8287,0
0.4,2.2,111.0,76.0,12.4,58.3,0.8364,0
0.4,2.3,105.0,74.0,12.9,56.0,0.8292,0
0.7,4.9,173.0,73.0,11.9,59.6,0.8294,0
3.1,19.8,541.0,107.0,13.4,55.1,0.8444,1
3.4,15.0,581.0,115.0,16.1,46.4,0.8436,1
3.5,18.1,591.0,132.0,17.9,42.2,0.8557,1
3.2,15.3,653.0,155.0,18.2,43.2,0.8926,1
3.2,17.8,690.0,140.0,16.0,67.9,1.2217,1
3.3,17.3,602.0,147.0,17.6,59.7,1.188,1
3.0,14.1,489.0,161.0,20.9,43.4,1.0618,1
2.0,10.3,288.0,123.0,24.1,33.3,0.9881,0
2.3,11.0,323.0,142.0,22.9,35.2,0.9694,0
2.2,10.3,301.0,143.0,22.2,36.2,0.956,0
2.7,14.6,335.0,153.0,21.3,37.8,0.9462,1
5.9,30.8,659.0,200.0,20.1,43.2,1.0051,1
7.5,35.5,847.0,232.0,18.8,49.1,1.0538,1
5.0,24.2,691.0,201.0,18.2,52.2,1.0795,1
4.0,17.8,590.0,175.0,17.4,57.3,1.1288,1
2.7,11.9,449.0,159.0,17.0,56.6,1.0902,1
2.0,9.3,316.0,135.0,16.2,66.3,1.208,0
1.5,6.3,239.0,128.0,15.3,73.3,1.2655,0
1.0,4.0,165.0,109.0,15.2,73.3,1.2556,0
1.0,4.1,152.0,101.0,13.9,80.4,1.2694,0
0.9,4.1,144.0,96.0,13.6,82.8,1.2817,0
0.8,3.3,126.0,87.0,13.7,82.0,1.277,0
0.6,2.5,132.0,81.0,13.7,78.0,1.2174,0
1.0,5.4,228.0,100.0,14.1,75.5,1.2065,0
3.2,17.4,580.0,146.0,14.8,73.6,1.2331,1
4.3,22.9,564.0,158.0,16.0,67.8,1.2276,1
2.7,11.1,369.0,136.0,18.4,59.2,1.2398,1
1.6,9.5,260.0,117.0,20.4,50.5,1.1954,0
1.4,13.6,371.0,140.0,21.3,46.6,1.1628,0
2.3,17.0,513.0,169.0,20.4,49.8,1.1765,1
2.1,15.8,471.0,163.0,21.1,47.8,1.1813,1
1.4,14.3,378.0,144.0,21.5,47.8,1.206,0
3.4,17.5,445.0,153.0,21.7,47.4,1.2184,1
3.8,17.8,483.0,164.0,21.0,49.8,1.2208,1
4.9,24.3,530.0,174.0,20.4,51.9,1.2261,1
5.7,27.2,649.0,196.0,19.4,56.3,1.25,1
5.5,23.7,604.0,189.0,18.8,58.3,1.2514,1
3.9,16.7,486.0,155.0,18.2,61.0,1.2634,1
3.1,14.0,402.0,137.0,17.7,63.3,1.2729,1
2.0,10.1,268.0,117.0,17.7,63.5,1.27,0
2.5,12.1,350.0,128.0,17.1,66.9,1.2926,1
2.2,10.5,312.0,124.0,16.8,69.0,1.3135,0
1.5,7.2,243.0,108.0,16.6,70.0,1.3078,0
1.2,6.4,202.0,89.0,16.1,71.3,1.2955,0
1.0,6.0,181.0,92.0,16.2,71.2,1.3013,0
0.8,5.3,139.0,84.0,16.3,69.8,1.2853,0
0.1,4.9,156.0,83.0,16.1,70.0,1.2739,0
1.1,5.7,175.0,80.0,16.1,69.5,1.2623,0
1.7,9.0,281.0,93.0,16.5,68.1,1.2653,0
2.1,10.9,322.0,106.0,17.4,65.0,1.2775,0
2.3,10.6,369.0,115.0,18.4,60.2,1.2623,0
2.1,9.3,366.0,124.0,19.1,57.5,1.2569,0
1.9,8.3,301.0,113.0,21.2,48.4,1.2028,0
1.7,6.6,232.0,104.0,22.3,43.9,1.1695,0
1.3,5.1,156.0,85.0,23.7,39.4,1.1366,0
1.3,7.9,169.0,94.0,23.1,41.2,1.1523,0
1.6,7.7,203.0,99.0,25.7,35.7,1.1626,0
2.2,10.7,260.0,112.0,24.3,38.4,1.1503,0
2.3,10.5,289.0,122.0,21.9,45.1,1.1687,0
2.2,10.9,273.0,119.0,19.7,51.8,1.1779,0
2.0,8.4,263.0,119.0,18.7,54.5,1.1644,0
2.3,10.0,295.0,127.0,17.8,58.1,1.1742,0
2.2,10.3,303.0,126.0,17.3,60.8,1.1885,0
1.6,7.2,209.0,111.0,16.5,63.8,1.1873,0
1.6,6.4,200.0,102.0,16.3,65.2,1.1982,0
1.3,4.3,174.0,93.0,16.5,63.8,1.1896,0
1.0,3.3,115.0,78.0,16.6,63.0,1.1784,0
1.0,3.9,122.0,74.0,16.2,64.3,1.1729,0
1.0,3.4,105.0,68.0,15.9,65.1,1.1654,0
0.8,2.3,102.0,68.0,15.8,65.4,1.1629,0
0.7,2.3,96.0,61.0,15.8,65.9,1.1792,0
1.1,4.2,144.0,76.0,15.6,67.7,1.1911,0
1.1,3.6,152.0,78.0,15.2,71.5,1.2228,0
1.1,4.4,156.0,79.0,14.5,80.8,1.3224,0
1.4,4.6,208.0,90.0,15.2,81.4,1.393,0
1.3,4.5,174.0,89.0,15.9,77.3,1.3838,0
1.5,5.0,206.0,97.0,17.5,67.1,1.3342,0
1.3,3.8,160.0,91.0,18.1,62.8,1.2916,0
0.8,2.5,91.0,62.0,18.6,62.1,1.3224,0
0.9,2.7,106.0,66.0,16.2,71.9,1.3171,0
1.4,3.5,199.0,104.0,15.4,75.2,1.3024,0
1.8,4.9,299.0,126.0,14.4,80.8,1.3182,0
1.6,4.4,272.0,122.0,13.8,83.5,1.3154,0
1.8,5.7,285.0,121.0,13.9,83.6,1.3208,0
2.1,6.3,307.0,126.0,14.2,82.3,1.3219,0
1.9,6.0,237.0,115.0,14.1,81.4,1.3046,0
1.7,6.0,244.0,116.0,14.4,79.0,1.2917,0
1.9,5.6,284.0,120.0,14.6,77.7,1.2834,0
1.6,4.3,221.0,111.0,14.4,78.6,1.2839,0
1.2,3.0,173.0,101.0,14.4,78.0,1.2741,0
1.0,2.8,144.0,92.0,14.1,79.1,1.2665,0
1.0,2.7,117.0,78.0,13.7,80.6,1.2528,0
0.8,2.0,89.0,63.0,13.9,79.6,1.2616,0
0.6,1.9,97.0,63.0,13.8,79.0,1.2425,0
0.6,1.9,95.0,63.0,13.9,78.0,1.2346,0
1.0,3.1,166.0,84.0,14.1,77.8,1.2445,0
1.0,3.4,160.0,89.0,15.0,73.2,1.2413,0
1.3,4.9,176.0,101.0,16.4,67.3,1.2451,0
1.5,5.2,216.0,115.0,17.8,61.7,1.2436,0
1.6,5.5,220.0,111.0,20.8,50.4,1.2213,0
1.4,4.2,183.0,96.0,21.6,46.8,1.1959,0
1.4,3.3,154.0,87.0,23.1,41.3,1.1506,0
1.2,4.8,132.0,81.0,23.6,39.4,1.132,0
1.3,4.2,140.0,85.0,25.1,34.0,1.068,0
1.4,3.7,186.0,98.0,24.7,35.6,1.0882,0
1.6,6.2,213.0,109.0,24.2,38.1,1.1357,0
2.8,9.7,376.0,150.0,22.7,42.4,1.154,1
3.7,12.4,508.0,175.0,19.6,47.8,1.0781,1
2.9,9.4,388.0,157.0,17.6,54.4,1.0839,1
1.8,7.1,250.0,130.0,16.2,60.6,1.1089,0
1.6,6.1,232.0,120.0,15.2,65.8,1.1288,0
1.7,6.0,229.0,114.0,14.5,68.9,1.1298,0
1.5,5.0,184.0,100.0,14.3,68.5,1.1122,0
1.0,2.9,117.0,83.0,14.7,66.4,1.1006,0
0.8,2.2,103.0,72.0,13.4,70.4,1.0793,0
0.5,1.0,66.0,51.0,14.2,65.1,1.0495,0
0.5,1.3,63.0,46.0,13.7,68.2,1.0611,0
0.5,1.9,95.0,58.0,13.7,67.8,1.0575,0
1.0,4.7,188.0,86.0,12.9,71.8,1.0657,0
3.0,16.0,527.0,122.0,13.2,69.9,1.0543,1
5.1,26.3,623.0,140.0,14.4,65.8,1.0727,1
4.3,18.8,606.0,146.0,15.3,63.3,1.092,1
3.3,14.4,460.0,152.0,17.7,55.6,1.112,1
2.4,10.0,346.0,147.0,19.6,49.4,1.1176,1
2.4,12.1,296.0,134.0,18.1,58.3,1.2013,0
2.5,11.7,321.0,136.0,18.0,57.9,1.1826,1
2.3,12.0,312.0,142.0,18.6,55.0,1.1696,1
2.7,12.3,355.0,153.0,18.3,57.9,1.2047,1
2.7,12.3,349.0,153.0,18.3,54.8,1.1403,1
3.3,16.7,385.0,155.0,18.3,53.9,1.1252,1
3.9,15.3,456.0,181.0,18.5,54.6,1.1515,1
2.6,13.4,306.0,151.0,17.1,61.5,1.191,1
3.2,13.5,402.0,159.0,16.4,62.5,1.1531,1
2.3,9.0,340.0,151.0,15.2,64.2,1.0983,1
1.4,4.8,206.0,127.0,14.6,67.3,1.1102,0
1.1,5.0,158.0,107.0,13.5,70.8,1.0928,0
1.2,4.9,178.0,101.0,13.0,71.9,1.0697,0
0.9,3.4,118.0,80.0,13.0,70.2,1.0457,0
0.7,2.4,95.0,68.0,11.6,74.9,1.0224,0
0.5,1.1,84.0,61.0,12.5,67.4,0.9722,0
0.4,1.4,82.0,56.0,11.5,71.5,0.9684,0
0.5,2.1,122.0,70.0,10.2,77.9,0.9692,0
0.8,3.8,146.0,78.0,11.0,73.1,0.9554,0
2.3,12.6,397.0,106.0,10.7,73.6,0.9439,1
2.9,14.7,371.0,117.0,12.1,67.3,0.9499,1
3.1,15.5,454.0,144.0,15.1,58.6,0.9982,1
2.7,12.1,433.0,158.0,18.6,49.5,1.052,1
1.8,7.9,287.0,137.0,20.9,42.5,1.037,0
1.9,9.6,265.0,130.0,23.6,34.8,0.9986,0
1.8,8.3,225.0,125.0,25.6,28.5,0.9199,0
1.8,9.2,210.0,124.0,26.1,26.3,0.875,0
1.8,8.4,215.0,125.0,26.6,24.9,0.8525,0
1.7,9.2,227.0,135.0,25.1,28.5,0.8932,0
3.2,16.1,403.0,179.0,24.1,32.1,0.9504,1
3.4,17.1,444.0,183.0,21.5,39.1,0.9914,1
4.2,19.9,475.0,193.0,19.3,46.2,1.023,1
3.5,14.9,438.0,185.0,18.2,52.6,1.0911,1
2.0,8.8,254.0,147.0,16.8,58.2,1.1022,0
1.4,5.8,172.0,117.0,16.0,61.9,1.115,0
1.5,6.6,174.0,112.0,15.3,65.4,1.126,0
1.2,4.8,146.0,101.0,14.5,67.8,1.1171,0
1.1,4.1,134.0,93.0,14.2,68.6,1.1068,0
0.7,2.5,83.0,64.0,13.9,68.7,1.0892,0
0.6,1.7,81.0,61.0,13.1,72.5,1.0911,0
0.5,1.6,73.0,54.0,12.9,72.7,1.076,0
0.6,2.6,104.0,64.0,12.3,74.2,1.0583,0
0.9,6.1,191.0,80.0,12.6,71.5,1.038,0
4.0,23.6,673.0,133.0,12.7,69.6,1.0206,1
4.1,10.9,547.0,170.0,16.8,51.6,0.9818,1
1.9,6.8,275.0,139.0,20.3,40.1,0.9439,0
1.3,4.9,200.0,124.0,21.0,37.3,0.9139,0
1.2,4.2,185.0,118.0,21.0,36.9,0.9089,0
1.2,4.3,164.0,108.0,22.8,33.0,0.904,0
1.2,4.0,150.0,100.0,24.0,30.3,0.8925,0
0.9,3.1,134.0,91.0,22.6,33.2,0.9007,0
1.0,3.7,128.0,89.0,22.5,32.9,0.8846,0
1.1,3.8,150.0,102.0,21.5,33.8,0.8575,0
1.5,6.5,171.0,114.0,21.4,36.4,0.9172,0
2.1,7.2,204.0,124.0,20.0,38.9,0.8974,0
2.1,8.3,215.0,136.0,17.8,45.2,0.9123,0
1.5,4.4,156.0,118.0,16.3,47.3,0.8686,0
1.0,2.3,114.0,93.0,16.3,44.8,0.8244,0
0.8,1.8,81.0,72.0,15.6,47.1,0.8273,0
0.8,2.1,83.0,69.0,15.1,47.6,0.8139,0
0.7,1.5,69.0,61.0,15.1,44.5,0.7569,0
0.6,1.0,53.0,50.0,14.6,43.0,0.7108,0
0.5,1.1,36.0,35.0,14.5,43.7,0.7163,0
0.5,0.9,30.0,29.0,13.6,46.7,0.7245,0
0.5,0.8,47.0,41.0,13.7,48.8,0.7606,0
0.5,1.4,88.0,66.0,13.5,50.6,0.7783,0
0.6,2.0,135.0,89.0,13.7,47.4,0.7412,0
1.5,6.7,280.0,150.0,13.7,45.9,0.7154,0
1.9,6.3,313.0,150.0,16.1,41.0,0.7435,0
1.3,4.3,205.0,127.0,16.1,41.5,0.7559,0
1.0,3.5,180.0,120.0,16.5,40.8,0.757,0
1.0,3.6,197.0,123.0,18.9,33.8,0.7312,0
1.1,4.0,172.0,115.0,19.2,29.5,0.648,0
1.3,4.5,184.0,122.0,19.9,26.3,0.6054,0
1.0,3.3,160.0,111.0,19.2,27.0,0.5934,0
1.1,3.6,176.0,119.0,19.4,25.3,0.5625,0
1.4,4.3,219.0,137.0,18.9,26.2,0.5667,0
1.5,5.1,222.0,147.0,19.3,24.7,0.5483,0
1.6,5.5,231.0,154.0,17.1,25.3,0.4881,0
2.2,7.4,248.0,160.0,15.6,26.2,0.4604,0
1.4,3.7,183.0,134.0,13.8,30.6,0.479,0
0.9,1.9,144.0,110.0,13.1,31.7,0.4756,0
0.8,2.1,132.0,99.0,13.2,31.8,0.4798,0
1.1,3.4,180.0,127.0,13.6,30.8,0.4779,0
1.5,5.8,280.0,174.0,13.1,32.0,0.4817,0
1.1,1.9,167.0,127.0,12.7,33.6,0.4902,0
0.6,1.5,102.0,81.0,12.2,35.6,0.5038,0
0.5,1.4,92.0,70.0,11.9,35.6,0.4945,0
0.4,0.9,63.0,49.0,11.2,38.3,0.5099,0
0.4,1.4,59.0,44.0,11.0,40.5,0.5316,0
0.6,2.0,163.0,107.0,10.7,42.8,0.5489,0
0.9,3.1,227.0,141.0,11.1,43.3,0.572,0
0.9,2.5,183.0,121.0,14.2,36.9,0.5939,0
0.8,2.7,145.0,103.0,15.6,33.3,0.5861,0
1.0,2.7,150.0,102.0,16.3,30.0,0.5514,0
0.8,2.7,138.0,95.0,17.0,26.1,0.5036,0
0.8,2.4,134.0,93.0,19.3,22.3,0.495,0
1.0,2.4,137.0,95.0,20.5,21.9,0.5215,0
0.8,2.3,112.0,80.0,22.0,20.2,0.5274,0
0.8,2.5,112.0,81.0,21.7,20.9,0.5367,0
0.9,2.9,149.0,106.0,21.6,20.8,0.5292,0
1.1,3.5,159.0,113.0,21.0,22.3,0.5468,0
1.1,4.0,161.0,117.0,18.6,26.6,0.5631,0
1.2,3.5,171.0,124.0,15.5,33.9,0.5957,0
1.1,2.9,167.0,122.0,14.3,38.0,0.6162,0
0.8,1.8,116.0,87.0,13.5,39.4,0.6089,0
0.7,1.8,105.0,79.0,13.1,41.3,0.6184,0
0.7,2.1,125.0,93.0,13.5,37.8,0.5815,0
0.8,2.5,140.0,102.0,13.5,37.4,0.5745,0
0.8,2.8,109.0,86.0,12.7,40.8,0.5977,0
0.7,2.7,99.0,77.0,12.0,44.2,0.6177,0
0.8,2.8,120.0,88.0,10.5,48.7,0.6164,0
0.5,2.0,83.0,64.0,10.1,49.7,0.6122,0
0.3,1.0,60.0,46.0,9.6,51.0,0.6082,0
0.4,1.3,75.0,55.0,9.1,52.4,0.6074,0
0.6,1.7,127.0,84.0,8.9,52.7,0.6034,0
0.7,2.4,134.0,89.0,13.5,40.0,0.6168,0
1.2,4.1,192.0,118.0,17.8,30.7,0.6205,0
1.4,3.4,166.0,113.0,21.1,23.7,0.5875,0
1.3,5.3,171.0,115.0,24.0,19.3,0.5673,0
1.4,5.3,177.0,124.0,26.5,16.4,0.5594,0
1.0,3.8,119.0,86.0,28.7,13.7,0.5302,0
1.0,4.2,121.0,87.0,28.5,13.1,0.5002,0
1.1,5.4,142.0,100.0,30.0,11.1,0.4624,0
1.3,6.3,197.0,132.0,29.4,10.4,0.4192,0
1.4,6.1,242.0,156.0,28.9,9.9,0.3866,0
1.2,4.6,190.0,138.0,22.8,21.7,0.5945,0
2.7,11.1,367.0,181.0,19.9,33.0,0.7608,1
2.5,7.9,355.0,187.0,17.5,40.7,0.8073,1
1.5,6.0,235.0,158.0,16.4,46.6,0.8642,0
1.6,5.8,233.0,153.0,15.5,49.0,0.8579,0
1.2,5.1,170.0,128.0,14.3,52.5,0.8497,0
0.9,3.5,117.0,93.0,14.2,51.4,0.8275,0
0.6,1.9,70.0,58.0,13.8,51.2,0.8058,0
0.5,1.5,69.0,55.0,12.1,56.3,0.7927,0
0.4,1.1,62.0,51.0,11.3,58.9,0.7888,0
0.45,0.8,52.0,43.0,11.8,56.0,0.7743,0
0.5,1.3,77.0,53.0,10.4,59.9,0.755,0
1.1,4.4,182.0,93.0,9.5,63.1,0.7531,0
4.0,17.4,594.0,155.0,9.7,61.9,0.7446,1
5.0,22.4,586.0,174.0,13.5,48.9,0.7553,1
3.9,13.6,523.0,187.0,18.2,36.3,0.7487,1
3.1,13.5,472.0,190.0,21.9,29.3,0.7568,1
2.4,11.4,353.0,179.0,24.3,23.7,0.7119,1
2.4,12.4,293.0,175.0,26.9,18.3,0.6406,1
2.1,9.5,235.0,156.0,28.3,13.5,0.5139,0
2.2,11.9,265.0,168.0,28.5,13.1,0.5028,0
