PC1,PC2,KMeans_Cluster,Hierarchical_Cluster
0.2182141561368909,-0.5668167764396402,0,0
-0.5241208428098882,-0.7037448085829026,0,0
-0.14664246300755113,-0.9558838257420516,0,0
0.0745728748177984,-1.1256012768205295,0,0
-0.47776104285111104,-1.2364257237818979,0,0
-1.047748492719431,-1.2918422098055542,0,0
-1.3857957407784318,-1.2643081037241446,0,0
-1.4718650685081847,-1.3954450163592511,0,0
-1.7790925761157568,-1.4099829378689475,0,0
-2.0810930100119616,-1.495651915767877,0,0
-2.2495196469930434,-1.5072182389825697,0,0
-2.340435033571286,-1.3498138384498526,0,0
-2.0439395137970346,-1.45322253700723,0,0
-1.2783627226869492,-1.4813199377021682,0,0
-0.16714510485104087,-1.1966682625568483,0,0
-0.22402574551766866,-1.1366904554329078,0,0
-0.6826608685739713,-1.2458336034332549,0,0
-0.9346132813616869,-1.3380531450761137,0,0
-0.8053172778490091,-1.5141076910055993,0,0
-0.2499678978566509,-1.6857034604648087,0,0
0.7007406480816344,-1.5514654621440918,1,0
0.19557098099154896,-1.657078977708845,0,0
0.2015579856895925,-1.4261915358672794,0,0
0.7955197461723194,-1.2381877861354296,1,0
2.3188362889576255,-0.6286503355689437,1,1
3.9748488386302716,-0.35804756302364155,1,1
3.323940551063162,-0.5455324557800447,1,1
1.2673779835560584,-1.155932546450986,1,0
-0.9773575476843123,-1.6912148215991447,0,0
-1.7421771517748839,-1.7271202688363319,0,0
-0.6427017750523932,-1.6083890664357314,0,0
-0.3638917014710842,-1.6849568936516153,0,0
-0.9988266606468363,-1.8661145098931964,0,0
-1.7315476600121533,-1.9684027107207698,0,0
-2.1800762044471584,-2.093609103703749,0,0
-2.0790188382509944,-2.0994441226316876,0,0
-1.622760340083338,-2.022145421690897,0,0
-0.7591663938914174,-2.00617016741558,0,0
2.018636964219811,-1.1906433877095461,1,1
1.749406199535089,-0.75989581455269,1,1
0.6809104544474842,-0.5065018559749842,0,1
0.6608734775418231,-0.5400202636623255,0,1
-0.1512970271412708,-0.4866720596160802,0,0
0.09642454414986303,-0.2894840647089968,0,1
0.35540257161300143,-0.1845963434915707,0,1
0.6218940875372002,-0.186688673127723,0,1
0.39914397421901593,-0.2284912691621092,0,1
0.09450105831534492,-0.1700654235628348,0,1
1.5881462878495292,-0.026509098896067982,1,1
1.4099803635788903,-0.17269879355583342,1,1
3.980551729084833,0.35863494545830293,1,1
2.050146828680621,-0.39103754027578214,1,1
1.2381405469655349,-0.8573551735143987,1,0
2.4807091980944476,-0.6007037157707722,1,1
0.2728888169243571,-1.2899736684025602,0,0
-0.44651550943093254,-1.4576385324198966,0,0
-0.9694099612956228,-1.5622345522818395,0,0
-0.8714435754049663,-1.7222250986491476,0,0
-0.8891726677097306,-1.874152075230507,0,0
-1.5778532994116434,-1.76125321366736,0,0
-1.5363924707340006,-1.8974837642884865,0,0
-0.8748150675832834,-2.0022497968334156,0,0
0.46074862719457427,-1.6796668819168346,0,0
1.2870444311688032,-0.991385458679609,1,0
0.8691112208493956,-0.6956585371579617,1,0
1.7741024759316586,-0.10014670249191264,1,1
1.3018294766713998,0.13403611134866775,1,1
0.2901269728304643,0.1966104844589699,0,1
-0.5204175082852973,-0.1340665339192281,0,0
-0.34153977192415896,-0.0908161342175533,0,0
0.04517619728909542,-0.12082668752608319,0,1
0.05009257432635787,-0.24555336412822637,0,1
1.1254478661965617,-0.10821821708541095,1,1
2.046559103852499,0.06364427228007374,1,1
1.9874496002398165,0.04003424900939755,1,1
1.9280811673117295,-0.03954579907893196,1,1
0.8846118121876295,-0.3917630119398914,1,1
0.3258941522736544,-0.47699729638967225,0,0
0.4912249462870296,-0.5597646220827313,0,0
0.35108219845333033,-0.4090758217699295,0,0
-0.18705310362502534,-0.8401098473867634,0,0
-0.3221072088548658,-0.9257847540899855,0,0
-1.0144322703371804,-1.0488756346650923,0,0
-1.4762126940872957,-1.2382304553909267,0,0
-1.7204754224577794,-1.2697259216740864,0,0
-1.6157621743173831,-1.5015316817356779,0,0
-1.1081555848567046,-1.2252939268669854,0,0
-0.887045599761357,-0.9947107214834374,0,0
-0.36033915901817376,-0.5633498842927149,0,0
0.19539551828107407,-0.11162437066174227,0,0
0.15260486328384476,0.1883330952787986,0,1
-0.6392596354560166,0.23636240389336516,0,0
-0.7593372193607076,0.23795874521616567,0,0
-0.6127677445325196,0.3150953357088309,0,0
0.3816501590359829,0.5429859002025246,0,1
0.3807045846746475,0.43685608620923017,0,1
0.14964670012077835,0.2534171903194291,0,1
2.074255341029039,0.5348390388173127,1,1
3.0372611998160353,0.6195192988534591,1,1
1.0851007309145215,0.003169311046316951,1,1
-0.16533589092984788,-0.33332990697057213,0,1
-0.11400479022913561,-0.5609810581337384,0,0
-0.675991902943489,-0.589004056447302,0,0
-0.7468961079469728,-0.7182319820130746,0,0
-0.7729650025861435,-0.8082681441015055,0,0
-1.3081700143993882,-1.0817918929138324,0,0
-1.4858074632243197,-1.1266337564787476,0,0
-1.412625349217028,-1.2190325162365228,0,0
-0.9121920696917949,-1.2037278656461656,0,0
-0.09758797573133052,-1.0577949592344107,0,0
2.654276233601792,-0.013314601609350647,1,1
4.863226437592117,0.9330358608076769,1,1
3.23081082127105,0.7084963275281304,1,1
1.9997173503515477,0.6424123806286169,1,1
0.6766241830666805,0.6628884397548486,0,1
0.397825692651929,0.8768904371652186,0,1
0.30813114715799034,0.9628874149907721,0,1
-0.13555406803467843,0.8716365977927466,0,1
-0.32245266030281317,0.8450963265560398,0,1
0.2148547217017011,0.9476395882930803,0,1
3.4278759187286245,1.6549116852761696,1,1
5.0711063235444795,1.7980904979634356,1,1
3.6221816857382034,1.1413015015257737,1,1
1.7770111336739232,0.29818004247197744,1,1
0.7884313167335568,-0.07412062229711791,1,1
-0.8801294336466801,-0.5613722887226752,0,0
-0.22425070006926653,-0.5442811413975664,0,0
-1.1936900767758862,-0.6914870706064488,0,0
-1.8692637798627822,-0.7762055139793465,0,0
-1.89907966517864,-0.9934450972803606,0,0
-1.857890111236351,-1.2008141688316705,0,0
-2.0506378899437987,-1.1285186325971348,0,0
-1.575650683174668,-1.3413936757455605,0,0
-1.2244063995560288,-1.2801991909945842,0,0
0.8948969306988057,-0.6392416094246192,1,1
1.066784454826001,-0.1536455085986766,1,1
2.884572860812317,0.6574538793316232,1,1
1.991683609307918,0.8022917110332826,1,1
1.2224382530290434,1.0414336631704055,1,1
1.86759794832929,1.3413084455058846,1,1
1.7054040748401338,1.2566635389678815,1,1
0.4216331148584185,1.1164169941525872,0,1
0.5849066194182236,1.3163218619561834,0,1
0.5945557623334956,1.2618697032123305,0,1
1.0016720279370224,0.97416523483494,1,1
1.26578100833585,0.8431291147168001,1,1
0.8517128235460758,0.5278960783304228,1,1
2.8561649027142737,0.7839393785026901,1,1
0.5317094297817353,0.07603123167692909,0,1
-0.39370241051540866,-0.2979346743840888,0,1
-0.49883870876330927,-0.4720886720073972,0,0
-1.1455866663526326,-0.6075318819355996,0,0
-1.481654352917528,-0.8658800400936109,0,0
-1.7422313852324376,-1.0820899764221934,0,0
-1.931838726270929,-1.1594871590448597,0,0
-2.2420801362142226,-1.2649069344181543,0,0
-2.044503010789589,-1.2689273469013882,0,0
-0.6452314408153231,-1.3642912952954,0,0
1.736780835872541,-0.486466693333513,1,1
3.83574761672263,0.7381679790105412,1,1
1.8346818579499224,0.45119123361218305,1,1
0.7665072323658386,0.5414480740742321,1,1
0.4340740227267397,0.7690885839122593,0,1
0.7830211075490583,1.0114549429435942,1,1
0.19601245520536872,1.0565356291831882,0,1
-0.47949339871467167,0.8721454882693543,0,1
0.49682119228369115,1.3160963556387646,0,1
-0.06305284412029179,1.0833375509951262,0,1
2.626177785868216,1.4703838544825922,1,1
4.942345960826402,1.9067050206630676,1,1
4.1591091559436775,1.5120987835377673,1,1
3.290154224006662,0.9385774123414642,1,1
0.7384008446587818,0.029237231269269935,1,1
0.5766935528594366,-0.0918502715306314,0,1
0.15310712882052935,-0.37707613396331796,0,0
-0.7121747145165886,-0.6923852455222677,0,0
-1.3027595161766448,-0.7165410926482698,0,0
-1.561806723989167,-0.9427909345491792,0,0
-1.6249040340568677,-1.3209310752136183,0,0
-1.9542591674460559,-1.2294598032580293,0,0
-1.6385839975167313,-1.4053805354497395,0,0
-0.727519114907651,-1.2517083200309702,0,0
2.2760275093204316,-0.3313072303839175,1,1
4.156859763650763,0.6824914023584014,1,1
2.2453274184002034,0.43896525851710555,1,1
0.8518562081842909,0.42772377818087176,1,1
0.20621177343835287,0.6874267560822666,0,1
0.06068697602289177,0.7548426880781813,0,1
0.039446578681122765,0.8839935247652889,0,1
0.12388472589829899,1.0011171090540285,0,1
0.9504238908556174,1.2204000611837813,1,1
0.5727735339753702,0.9957653298069967,0,1
1.6054634487742265,0.9996982756169865,1,1
2.7397775371326927,1.021917562287803,1,1
2.824130025186112,0.7425421141205393,1,1
0.7774919751148366,-0.10896231068379678,1,1
-0.0896693504562981,-0.5465442153728434,0,0
-0.6396512758273167,-0.8359179121477226,0,0
-0.31663566833597157,-0.9903099336388552,0,0
-0.7626731321005757,-1.1054866744503058,0,0
-1.696710871255569,-1.1129436413229399,0,0
-2.033774280883044,-1.1395613980398747,0,0
-2.304953400400614,-1.1774341290446129,0,0
-2.4225239462949815,-1.170259642442639,0,0
-1.8456601579157355,-1.2064710870695576,0,0
-0.7440321909462141,-1.0299356158714281,0,0
2.543483960862923,-0.16164026450337868,1,1
3.7442647527257362,0.3668410193467396,1,1
1.760411457070728,-0.19921255674859303,1,1
1.08907505551476,-0.25095815821898726,1,1
0.5912936585892473,-0.22351466103139503,0,1
0.6379007684441774,-0.05160571434576684,0,1
1.019712607750886,0.025415734308921297,1,1
1.3077231572083168,0.13959490901369784,1,1
1.6948879554561096,0.13852203105947353,1,1
2.1723306262022097,0.218015458906278,1,1
1.729632295761888,0.1478803866572499,1,1
2.002839883718904,0.1921721902766037,1,1
1.5049967978036782,0.07515510189270486,1,1
1.5051916228424438,-0.08418143231027342,1,1
-0.1494025043165344,-0.542520605922299,0,0
-0.33669711403066255,-0.644027723039021,0,0
-0.8609316401605127,-0.8030450259454729,0,0
-1.0758241506308903,-0.7959050235880366,0,0
-1.3020571876833589,-0.8641454394918597,0,0
-1.5172205468656539,-0.8726721588134355,0,0
-1.8110032727793564,-0.8907899993050603,0,0
-1.9102731344497201,-0.9330116683892267,0,0
-1.7471680065899375,-0.9942342391333009,0,0
-1.1439213506089438,-0.9743971148040361,0,0
-0.1394983580736172,-0.7088863033504248,0,0
-0.12394092293470024,-0.46664128077191697,0,0
0.162341405456623,-0.3232922529630537,0,0
0.3496854654307864,-0.2740218355823015,0,0
0.13719193127753562,-0.17430173085441036,0,0
0.052636565825764384,-0.040906583663315135,0,0
-0.5471859606057375,0.11986849406975113,0,1
-0.94370899996974,0.10217160382051779,0,0
-1.1906283006442766,0.08537979930955268,0,0
-0.5292985243739334,0.14896170932945002,0,1
-0.055308698985651786,0.1598114353033431,0,1
1.11098070431869,0.2265213955653192,1,1
1.3161922725776025,0.20048897340629165,1,1
0.7446253327293759,-0.030767999473015957,1,1
-0.1404078837553112,-0.25759411224513673,0,0
-0.4770976706748237,-0.3242828978355051,0,0
0.12195786840054544,-0.2544647905198429,0,0
-0.5966111043260526,-0.4966996609092682,0,0
-1.0344187577480348,-0.4963075427060591,0,0
-0.9967411599171241,-0.5468162087464175,0,0
-1.1231724983650242,-0.5725080093549236,0,0
-1.6080154383900995,-0.6929522349564712,0,0
-2.2503738334134655,-0.8076706371634004,0,0
-1.7222010294711418,-0.8532865143839834,0,0
-1.1078626055324041,-0.7989120177297883,0,0
-1.0424668980005147,-0.599998006343676,0,0
-0.7811873409196374,-0.35513158696817293,0,0
-0.955632283421536,0.06866898980704501,0,0
-0.9418478005057717,0.13252328929925186,0,0
-1.004919669412573,0.3001826697872188,0,0
-1.837648807558246,0.3103294169779191,0,0
-1.3164900170326579,0.41693238546598654,0,0
-0.8982966171113681,0.17474422013568902,0,0
-0.3573041512993271,0.1492795130112154,0,1
0.7926669334972264,0.382151032796162,1,1
0.6050303970956759,0.1600592114268629,0,1
1.510917977788194,0.2736398726773934,1,1
0.24409538812224071,-0.07445324328722117,0,0
-0.5431452065717267,-0.23901189498000402,0,0
-0.6880847230125875,-0.2990145064946177,0,0
-0.9876550959588265,-0.39909937334794143,0,0
-1.2664059483218204,-0.4818446486136052,0,0
-2.3866280936628717,-0.5377780678760737,0,0
-2.571602142710843,-0.5017379670192021,0,0
-2.604153377855077,-0.6219845845674922,0,0
-2.683576386399445,-0.5636951070158636,0,0
-2.187395941257062,-0.552672608192976,0,0
-1.339519792007782,-0.5449752168928949,0,0
1.070069237406432,0.06178552790845298,1,1
1.0799172669678316,0.3032244307514687,1,1
-0.9032980789728089,-0.17998556566584664,0,0
-0.8971960125017815,-0.1171113090996125,0,0
-0.6611621942223651,0.27548374903449335,0,0
-0.6493852425517641,0.3559650730381931,0,0
-0.3330848530398947,0.3485801545107319,0,0
-0.40804458046013864,0.32461812117419464,0,0
-0.20499226752985342,0.3409007305003631,0,0
-0.0444728050158431,0.30810728444277313,0,0
1.2607177245725207,0.2312857842034869,1,1
1.8637276120011492,0.1742501598042469,1,1
1.952716813300088,0.13132657195346287,1,1
0.7607239537936961,-0.28811494791336373,1,1
-0.31597503623337864,-0.7012663551656765,0,0
-1.4077304410343006,-0.7823679573136171,0,0
-1.6095321784225325,-0.9048936542930839,0,0
-1.8161198762893174,-0.910460464640412,0,0
-1.7691039942536284,-1.0966946741921413,0,0
-2.115522769851735,-1.4576459305787814,0,0
-2.392670129475113,-1.620452039401501,0,0
-2.5199582867697816,-1.8435269498727844,0,0
-2.0849342018637063,-1.678390500260557,0,0
-1.0973512154735496,-1.572918214040823,0,0
0.9161502324461497,-1.0985891623605981,1,0
1.6647639981322013,-0.5682007562241789,1,1
1.185851832813874,-0.6389682584278994,1,0
0.9262633880882686,-0.5655950139588174,1,0
0.6283549066122909,-0.6195351210264869,0,0
1.1507439310705396,-0.3111084119573454,1,1
0.22587517882380692,-0.1825991052999529,0,0
-0.3891256924926056,-0.5971965935188991,0,0
-0.3896304652835091,-0.9664346087460274,0,0
0.5983872473574201,-0.4756834713777838,0,0
-0.511375512559329,-0.6762133960146457,0,0
0.26422166596404406,-0.7887290057689321,0,0
0.8199961606495381,-0.7514332839204491,1,0
-0.6690079415708176,-0.921104474790865,0,0
-1.0137557342477481,-1.127547890557404,0,0
-1.0958222962819744,-1.2678121725716618,0,0
-1.194675404035482,-1.2823075421937573,0,0
-1.2897703438219819,-1.3410194189978657,0,0
-1.762159097931476,-1.3054286689528545,0,0
-1.8943598680872265,-1.4929957474442153,0,0
-1.8522255733315895,-1.55385300892839,0,0
-2.050255867991183,-1.4317974154534419,0,0
-1.8919705238550735,-1.4119328762473586,0,0
-1.2691555210796903,-1.362516585392999,0,0
0.4247806814701631,-0.8088365938489601,0,0
1.787496652848082,-0.3155875014098022,1,1
0.8113714298391022,-0.639811543528107,1,0
-0.711778120448373,-0.5433172123956688,0,0
-0.9525965841535105,-0.5350346791900465,0,0
-0.6599943737919557,-0.3035591047043141,0,0
-0.22470059451190416,-0.2243256037507316,0,0
-0.5002357749007514,-1.079851957487427,0,0
0.5396351729459387,-1.3135249074569304,0,0
0.6792986293597006,-0.8485488743333939,1,0
0.28308380878047523,-1.022331819770273,0,0
1.9046866667798759,-0.5970141198510206,1,1
1.0611292270965167,-0.8798290218288547,1,0
0.27219522238812116,-1.205386678884223,0,0
-0.5674327921876435,-1.4210958264707425,0,0
-1.1209552985707687,-1.3901471867669628,0,0
-1.101364826938601,-1.4025544364167915,0,0
-1.767419423116109,-1.3318551496750564,0,0
-1.9229561796098993,-1.7055386125430547,0,0
-2.1164260838016564,-1.6383474861919456,0,0
-2.372787606333685,-1.6993866603442451,0,0
-2.5068232288774666,-1.5779627452663538,0,0
-1.9542571074356436,-2.0540450142628863,0,0
-1.2154791048017128,-1.8745370505853427,0,0
0.38814001944821824,-1.3820170788415929,0,0
1.1791535042763028,-1.1054431873285417,1,1
-0.21851260867836825,-1.311323942692946,0,0
-0.6430612151642563,-1.2357940634468327,0,0
-1.0307435910085285,-0.8633087984001453,0,0
-0.45763819630383695,-0.6150370906810722,0,0
-0.7587637688198885,-0.616990730206169,0,0
-0.6070763557263397,-0.3789861547830307,0,0
-0.26827829873151904,-0.11027209257488219,0,0
-0.5957499910697415,-0.19281392092362298,0,0
0.3421066336745038,-0.23407668312196908,0,0
2.451487148720288,0.06773533196661617,1,1
1.928512224792961,-0.20002613288044557,1,1
0.13469940493196236,-0.844574544958076,0,0
-0.7380424883382909,-1.3200927969500456,0,0
-1.1108594013834334,-1.4709878845065465,0,0
-0.7645881672011534,-1.447829393710428,0,0
-1.0150114223465245,-1.4786375180514901,0,0
-1.2676391911979572,-1.573992250645078,0,0
-1.7225791914991626,-1.8923309672801156,0,0
-1.8038329358466592,-1.8721709094790373,0,0
-1.4954282794893454,-1.9265689252928584,0,0
-1.2733104524597165,-1.855525366120214,0,0
-0.6730035062600129,-1.603722152556248,0,0
1.0377779278790311,-0.896098083218802,1,0
1.4448269278389427,-0.5697273379880778,1,1
0.7818932585982826,-0.2692663182662373,1,1
0.4047137027602576,-0.09505354045238308,0,1
-0.45418735270166943,0.07116899441790747,0,0
-0.22011035568940693,0.1336254582547523,0,0
-0.7491931993929738,-0.35709362359253427,0,0
-1.2583991772270884,-0.7723880336054167,0,0
-0.6292575565435186,-0.7103721369726833,0,0
-0.15856235197566523,-0.5047230248537777,0,0
-0.0302661166813396,-0.7733575764791396,0,0
0.07428083108993831,-0.9291432768541888,0,0
-0.1152199678852866,-1.0637044812998062,0,0
-0.8644753409842422,-1.3627473319047443,0,0
-1.1697748537659898,-1.4423119697903484,0,0
-1.387669609440764,-1.4222384026433,0,0
-0.9581794246334994,-1.452754918213167,0,0
-1.3864332375947863,-1.6866784655458842,0,0
-1.2183611367243703,-1.7122780861828149,0,0
-1.3924216003426344,-1.7732898401796806,0,0
-1.5358262622915393,-1.8512311027283734,0,0
-1.9490410767173674,-1.7482558421437162,0,0
-1.6663312298375021,-2.0609171520181286,0,0
-1.462150997223041,-1.8760061651433557,0,0
-0.9691487606644678,-1.7357881307826577,0,0
-0.62651322172561,-1.0644698652252396,0,0
-0.43500369883903756,-0.4021283179939549,0,0
-0.42744153260525086,-0.1504266921401601,0,0
-0.6314724514547427,-0.19094471768456583,0,0
-0.5031966027070262,0.031291408954564885,0,0
0.09030228831664341,-0.03720989537727941,0,1
-0.6314742548946528,-0.24311337256039137,0,0
-0.18278925797366374,0.027272317946360213,0,0
-0.02755463588447089,-0.17957650190845584,0,1
0.3657267466745407,-0.2673847489411311,0,1
0.6865429471294624,-0.3847052677739152,0,1
0.3903671099468369,-0.5420435314693514,0,1
-0.22304866713488652,-0.8574848244119667,0,0
-0.758601136386932,-1.0601810921789507,0,0
-0.282477640544112,-1.1109279522796471,0,0
-0.24596051032689356,-1.072585376079026,0,0
-0.34700630972779767,-1.1756068141978577,0,0
-0.9106346003116411,-1.4346127709178667,0,0
-0.6461499331082673,-1.4798191791754824,0,0
-1.2349875651736355,-1.6573111568887198,0,0
-1.8739684395525096,-1.539813710455264,0,0
-1.4582570463874154,-1.8182616894796437,0,0
-1.2348875440280052,-1.8545551565046547,0,0
-1.1593108656436721,-1.4635293973228702,0,0
-0.6781659660180196,-0.8958264795026907,0,0
-0.42414516574272354,-0.23057253762255375,0,0
-0.41872102600380007,0.0744274384490728,0,0
-0.9324179799991926,0.21644082507247495,0,0
-1.4038044272223806,0.08489679497258172,0,0
-1.8598171139820463,-0.29274682022096227,0,0
-1.470506507407335,-0.30136090984106545,0,0
-1.4816151785577962,-0.31201742392730536,0,0
-1.4128648099475163,-0.46284566363410096,0,0
-1.1784162554529278,-0.6219703077667055,0,0
-0.7780095755805251,-0.72187118735729,0,0
-0.7194776262919509,-0.8720806836483371,0,0
-1.4099563000222195,-1.1281720832019266,0,0
-1.4285854098238633,-1.1850926405792999,0,0
-1.471074572844832,-1.241861814852361,0,0
-1.8092069581438257,-1.373766944395119,0,0
-2.3202831534096684,-1.360187094682348,0,0
-2.2874113192016865,-1.4301469470372963,0,0
-2.0655685701720636,-1.4703871713187284,0,0
-1.9998703010449745,-1.3443525555689722,0,0
-1.7525839784498756,-1.5164884475057967,0,0
-1.4973291784199294,-1.4955080794508726,0,0
0.5209034761680059,-1.2195944144589796,0,0
1.7431289271818386,-0.5433961149590985,1,1
-0.81781365163491,-1.098014560518422,0,0
-0.8569816325836657,-0.8304881145641685,0,0
-0.8535886962235114,-0.619154444729534,0,0
-1.2106600615292253,-0.48451251860171357,0,0
-1.0442455586939219,-0.31808260095650526,0,0
-1.0240075606249015,-0.3409346874026702,0,0
-1.1997816121893083,-0.31252187401790593,0,0
-1.0508526482226963,-0.31118813436925236,0,0
-0.699722484266293,-0.31287581247437474,0,0
-0.05863493240954863,-0.31294674208709505,0,1
-0.42739465315714076,-0.5996852163743016,0,0
-0.8428086684117853,-0.8968767932439509,0,0
-1.2391868173079308,-0.9965597798645917,0,0
-1.3969659771907244,-0.9251337707834678,0,0
-1.5862625097986494,-1.0986756658654213,0,0
-1.5852389285712243,-1.0224526612828158,0,0
-1.860648622211542,-1.2451502054662071,0,0
-1.7568148094926206,-1.4320999413144015,0,0
-1.790017801850087,-1.2653402852580775,0,0
-1.8510505016465917,-1.2019368473899088,0,0
-1.7717919770990262,-1.0847594415979946,0,0
-0.9813655255813644,-1.2148264741373382,0,0
0.4249410871493573,-0.732649857075983,0,1
1.834044912722518,-0.06454874786497986,1,1
2.0194708447647978,0.18442049257711068,1,1
2.327837087446523,0.38403380422997163,1,1
1.559447631156842,0.2899377460336974,1,1
1.320153376553966,0.587438400291272,1,1
0.925981737466906,0.6773083411791188,1,1
-0.3753604314110094,0.21718207499401487,0,0
-0.7194247024096209,-0.06338132560154057,0,0
-1.0767209349395184,-0.2356962964468397,0,0
-0.4491443022372634,-0.17258170078254864,0,0
-0.3603583111879875,-0.35072645385701917,0,0
0.04120979065643323,-0.21012032349819404,0,0
-0.29804869768549375,-0.35404331391529076,0,0
-1.2597099968255392,-0.6842688689068014,0,0
-1.3957124606018485,-0.7161464338178537,0,0
-1.0938115247491282,-0.7017198810070128,0,0
-1.343100446599141,-0.7512381319068833,0,0
-1.7669262062203788,-0.7838844316073018,0,0
-1.7269448156115683,-0.7994450039408546,0,0
-2.2394275694674675,-0.9464059500355442,0,0
-2.5268473149290496,-0.8722005188616477,0,0
-2.0426780369987902,-0.8895962774286366,0,0
-1.3039504674789568,-0.872001971430375,0,0
0.6950500830998556,-0.36061470900510334,1,1
1.442742053417766,-0.2038958438500217,1,1
0.1133643003296096,-1.3044240366711728,0,0
-0.3890602848517316,-1.2256020437735617,0,0
-0.36470031155673527,-1.021883696579131,0,0
0.5235856842079465,-0.8242850260489051,0,0
-0.07018180976960388,-1.1257767076607381,0,0
0.19913705793408634,-0.6035256555606523,0,0
0.6035047287138691,-0.27586639546836683,0,1
-0.10156914921601247,-0.3465600832215338,0,0
-0.12601018380568982,-0.33750711223940727,0,0
0.024814439046253054,-0.23426678452542693,0,0
0.09104386293831379,-0.4484513167716555,0,0
-0.21256076022660503,-0.733829295592425,0,0
-0.9945507791675025,-1.0015901785470238,0,0
-1.225833011944149,-1.0504341632403607,0,0
-1.3173918470329438,-1.1253269742244312,0,0
-0.9078118566167639,-1.0646577230096734,0,0
-1.3084244359217525,-1.1987708538241315,0,0
-1.6315846583110387,-1.3420214348700645,0,0
-1.6901564022783921,-1.650280914536943,0,0
-1.9145478960960174,-1.509895749338813,0,0
-1.8020755393335675,-1.3479409734356265,0,0
-0.8014299315111536,-1.3863565165475098,0,0
1.6248156975211632,-0.8003753792484779,1,1
3.383499964369667,0.19814403866711486,1,1
2.0632100706635446,0.26867932157540764,1,1
0.23138769525712805,0.21836506878591916,0,1
-0.9295069002941438,0.04778773899549917,0,0
-1.0900052001390472,0.2293025378688051,0,0
-1.0475250831877831,0.4254724199488522,0,0
-0.9509903469987518,0.542278477416505,0,0
-0.6480598107221036,0.6579399450498424,0,1
-0.2065432075556906,0.7838656607194079,0,1
0.48358794103224034,0.9668980982811467,0,1
1.5006095228653045,1.136129784789306,1,1
2.7119784635417123,1.09156576217241,1,1
2.222544535928172,0.5184299303878139,1,1
0.13316766270846303,-0.17850658158345276,0,0
-0.2659762284163886,-0.3671456658911665,0,1
-0.4505005750200222,-0.5300051744745722,0,0
-0.44339607608628384,-0.6723901427746931,0,0
-1.0457185102041973,-0.9257729853048908,0,0
-1.710562789139776,-0.9832400247805566,0,0
-1.774461625262374,-1.215186978141903,0,0
-1.8960891084044578,-1.3263535324071023,0,0
-1.7484529406719818,-1.3870325024051633,0,0
-1.247746318171082,-1.3007668797296665,0,0
0.269982934815994,-0.8148714466249487,0,0
1.2995829051496803,-0.30285061636601507,1,1
2.104657756534975,-0.0697898259513374,1,1
0.8645856917421297,0.1291351840342369,1,1
0.5256779915695808,0.37709068426128123,0,1
0.6926274701752708,0.8735535797024127,1,1
0.5875565118373528,0.9476893466466092,0,1
0.31228547503300486,1.0256250945008105,0,1
0.1894641646213292,1.1510773194308632,0,1
0.10968706067488772,1.23206429587697,0,1
1.169841038743939,1.4215946187792583,1,1
2.085340324205435,1.3702700909018941,1,1
2.1176531551578113,1.1166437551267319,1,1
2.8099519261076265,0.9461051645247441,1,1
0.7750714590586837,0.20023051213597318,1,1
-0.24820272897699047,-0.08824702979143133,0,1
0.12289907350683378,-0.10947365300687742,0,0
-0.6419881076917437,-0.20954066699768095,0,0
-1.1486343457741444,-0.4297202008384117,0,0
-1.2829430635455834,-0.6435296399590481,0,0
-1.5415048339351465,-0.7207407192552185,0,0
-1.6711242602162437,-0.8476393507825754,0,0
-1.7497276402283324,-0.9367580208508925,0,0
-1.6102911267546525,-0.9058161248038004,0,0
-0.38461362495952656,-0.7293615993126193,0,0
0.4497748980450603,-0.16088521321059307,0,1
0.5133488421364129,0.08144157746979708,0,1
0.2722344951303175,0.34723723633435755,0,1
0.2687154309866938,0.49954585201255003,0,1
0.3501841033443043,0.9026633743274894,0,1
0.1843246062563683,0.7893302730307244,0,1
0.19121182400528747,0.8730091823346089,0,1
0.25860683394695705,0.951579683921648,0,1
0.3485537025139675,1.1079130247828877,0,1
0.4715713976334719,1.0796325619394407,0,1
0.6182530045607577,0.9790318928348524,0,1
1.2306966239534736,1.2257003854133273,1,1
0.4981694554440505,0.5207127480787748,0,1
0.17674144217553067,0.1326204434367198,0,0
0.5525659445499435,0.25910343917921064,0,1
0.26252741822857045,-0.020674702583603096,0,0
0.19261980909532433,-0.1988998356243864,0,0
0.14708252041963066,-0.3601574236327108,0,0
0.08790776818205442,-0.5196049438112543,0,0
0.11818029472296898,-0.6011610010100559,0,0
0.002507690719633365,-0.7411393206099,0,0
-0.008917894854820368,-0.8593500828664031,0,0
0.10197335058594183,-0.9417053301613372,0,0
0.03193277742840064,-0.8407244390448141,0,0
0.04366546384510981,-0.5624301057263166,0,0
0.2219229350224125,0.003520591682653826,0,0
0.2225047844367119,0.5017593467102283,0,1
0.1381096789066701,0.7046504433198437,0,1
0.14136640999145805,0.9513777378264241,0,1
0.047176933518897714,0.9428296443952316,0,1
-0.040574556484803945,0.8896250744116708,0,1
0.22949483806690218,1.0982291303355967,0,1
0.2884917991750355,0.9517696341554394,0,1
0.3006188359280325,0.7168452981971514,0,1
0.31351457113759745,0.613727147480529,0,1
0.5478874697580725,0.41681757298910094,0,1
0.4242322251272387,0.14517459655638607,0,0
0.1426970064682997,-0.3335031227957667,0,0
0.27018593000306496,-0.39204863311038896,0,0
0.2554686225348374,-0.4878338431350513,0,0
0.16931662533838276,-0.6463342628590594,0,0
0.03069300475362952,-0.7201276040805791,0,0
0.01893859140393099,-0.6970139738843248,0,0
-0.05461277033565086,-0.6639108388988237,0,0
-0.07204121929809898,-0.6011739393026406,0,0
0.12574700593067997,-0.9137610871304852,0,0
0.33536989583317334,-0.8905883013198751,0,0
0.7600276041721964,-0.5450072454477911,1,1
1.5176093124142813,0.0969670117395894,1,1
1.0359111526974483,-0.06350504719581924,1,1
0.7934740587761775,-0.1619792637680232,1,1
0.6451354941858405,-0.021790159057678254,0,1
0.7032502630286823,0.15154649463253955,1,1
0.581103354450552,0.2892920272623917,0,1
0.0026668130597691775,0.3620212329883289,0,1
-0.617132802770412,0.5381115524865014,0,0
-0.8116170592766973,0.5948348141020043,0,0
0.5276145534632871,0.6463820747920338,0,1
1.3810843756979796,0.7542257529907026,1,1
1.051589799423866,0.5630474456619301,1,1
0.4163304479505498,0.20179855724310633,0,1
-0.5606278193545641,-0.10964703075894078,0,0
-0.904337828044402,-0.15842574813554136,0,0
-0.9126342378881507,-0.24870991692887356,0,0
-1.6094798894176972,-0.4404899031266967,0,0
-2.023072354763593,-0.5822170854498071,0,0
-2.337660570985801,-0.7717636427386813,0,0
-2.3223788910174807,-0.8406102269105877,0,0
-2.342524100330599,-0.8971516228098313,0,0
-1.7205541349068898,-0.7996811453882304,0,0
-0.5346487580620569,-0.6345162728814843,0,0
2.247675579597407,0.25027309148763466,1,1
3.3101064206530144,0.9378152143615163,1,1
1.7374913360445436,0.6596559999478275,1,1
0.31580260040949715,0.4123154143010083,0,1
-1.0603483776097342,0.19083975542852624,0,0
-0.07190395084778071,0.5908691372127923,0,1
0.3328924665139007,0.44016767850557115,0,1
0.23591519481751233,0.13826626494149127,0,1
-0.42623665614078926,-0.04422415358589862,0,0
-0.5334046605576858,0.05032919456621569,0,0
0.27813523944281165,0.07056162628847068,0,1
0.541889795660637,0.04115957696191144,0,1
0.783921074710385,-0.011175426567188847,1,1
0.7349776760440527,-0.12300751701353413,1,1
-0.7535065119676755,-0.39785191608518333,0,0
-1.2264399300651614,-0.5165146276197115,0,0
-1.461786465781934,-0.5802153940933638,0,0
-1.6806093370688586,-0.6189053911427107,0,0
-2.1273164577912613,-0.6725036528766408,0,0
-2.492389594013333,-0.7061110693270358,0,0
-2.6497210564762796,-0.6647075510796159,0,0
-2.7114796469930798,-0.7022300786259837,0,0
-2.5363967689200213,-0.7815191308161741,0,0
-1.7761501829532917,-0.8427224272520307,0,0
0.28012769279967686,-0.39505338239997617,0,0
0.45435826808832214,-0.1399277064549134,0,1
-0.09649455369305274,-0.7271743773988497,0,0
-0.7879977219611487,-0.40472492782768577,0,0
-0.8507497193352167,-0.4079316522303617,0,0
-0.6117797348886589,-0.2786098623932171,0,0
-0.5671661084524955,-0.0793661372230403,0,0
-1.149054829640535,-0.7040579562354009,0,0
-0.38017450418623516,-1.254694035530668,0,0
-1.4278852534721072,-0.4140646886345369,0,0
-0.2194150803069618,0.07442093785445492,0,0
0.6769432980774363,-0.2972441883259726,0,1
0.7587728552723843,-0.8351540640261418,1,0
0.553635809394764,-1.1441862771393239,0,0
-1.4312806616545504,-1.5548892906996536,0,0
-1.1192455230567684,-1.6324641142349958,0,0
-0.47717168688373707,-1.4615733320747337,0,0
-0.892684573100205,-1.6249118794166284,0,0
-0.9044546152648661,-1.6183100471635257,0,0
-1.3739876229656418,-1.8231678298309075,0,0
-1.611268796411325,-1.9677415857579545,0,0
-1.8190283670058338,-1.8671720135304253,0,0
-1.6380611817168642,-1.857269457748262,0,0
-1.3751198597174688,-1.7459311233943142,0,0
0.10582865130423749,-1.3129049686567904,0,0
2.54873348691138,-0.3746192710520491,1,1
1.766949625102227,-0.3011031961563994,1,1
0.20630778402698602,-0.17919844833408863,0,0
0.07222360519616697,0.19928730066637304,0,1
-0.42805292865823136,0.39271377945863173,0,0
0.3660287861046557,0.33313923435983145,0,1
0.4912462538563753,0.3161932191286836,0,1
-0.08090721174642962,0.34562343238635596,0,0
-0.575315440693661,0.2706439473907087,0,0
1.2489939700050885,0.7278779891114289,1,1
2.1979697322191596,0.7076602768155207,1,1
3.5357157604375105,0.8714242786134667,1,1
1.4330128506191768,-0.009162844593325498,1,1
-0.8732721486341113,-0.5540327619340842,0,0
-0.8942579869584677,-0.7787735198443169,0,0
-0.5125164387268872,-0.7518603689578114,0,0
-0.26707095698129263,-0.7353552559954109,0,0
-0.6916904271324382,-0.7735573924193382,0,0
-1.2419423762090716,-0.8241373264617415,0,0
-1.2200658712972487,-0.8362938310743724,0,0
-1.1981893663854264,-0.8484503356870029,0,0
-1.052930960228503,-0.8959313912300103,0,0
-0.7486603421250176,-0.8565693762071683,0,0
0.11936994404789127,-0.8267522107112139,0,0
0.207729149660651,-0.8032573582983643,0,0
0.2510426440615846,-0.8513282857099377,0,0
-0.00013840915467297894,-0.8699128747563876,0,0
0.17327775061119094,-0.8739186809150362,0,0
0.9717750889046339,-0.7673482705852679,1,0
1.029827323794123,-0.7554424076158457,1,0
-0.07894905890005631,-0.9268452292314868,0,0
0.7165112872546029,-0.8692279777055637,1,0
0.7425727594625988,-0.8514128356530278,1,0
-0.05962554879297818,-0.9101798298344208,0,0
0.2228215001120704,-0.9162076774717024,0,0
0.628180223868425,-0.8933778358618151,0,0
0.37238339968559087,-0.9255979698326142,0,0
-0.23304568392690633,-0.9825214172561032,0,0
-0.12965886611794963,-0.9591033606298037,0,0
-0.2770358108448418,-0.9609057659547457,0,0
-1.1749808537810669,-1.1252555865504523,0,0
-0.848227544261734,-1.122991430667263,0,0
-0.9511043592077872,-1.1466052856662512,0,0
-1.557726225522961,-1.3415566702847717,0,0
-1.8304995553130963,-1.3924044096833768,0,0
-1.5798574147041424,-1.4706737330341637,0,0
-1.1459739934845734,-1.2738941004278859,0,0
-0.7365279081724078,-1.1633166462766424,0,0
-0.5486424313731315,-0.8245107085698474,0,0
-0.627077125904866,-0.4705414195821815,0,0
-0.6564404162820103,-0.288215082244801,0,0
-0.6986077471411246,-0.11985185072253418,0,0
-0.8860372984139585,0.1641920604988061,0,0
-1.0789939079279491,-0.04463396526413525,0,0
-1.297131667869246,-0.14685666083255702,0,0
-1.096874634738793,0.10985403559490932,0,0
-1.0484167750807225,0.18102905045748147,0,0
-0.7639839664570073,0.10888278138455185,0,0
-0.41249974064413947,-0.13118768756411894,0,0
0.24097774563318622,-0.30018217993860263,0,1
0.2601467123790363,-0.5135225525173148,0,1
-0.299857187578847,-0.8167368289604328,0,0
0.5138836889398579,-0.7712372328420178,0,0
0.147372887887862,-0.9384474399921893,0,0
-1.1137355519675096,-1.2173219616568718,0,0
-1.5361721626500056,-1.2634819116865597,0,0
-1.5008989373860715,-1.5884324111537855,0,0
-1.5835391796897864,-1.6376788959043833,0,0
-1.7861006822770462,-1.8478312126569383,0,0
-1.8753086191231665,-1.8760626520232153,0,0
-1.8252683298942116,-1.9120697757594403,0,0
-1.7478477769349938,-1.760649651423302,0,0
-1.55736925121007,-1.6426768052180971,0,0
-1.7847429373204233,-0.9675867380279245,0,0
-1.1399223258084035,-0.2883451464695872,0,0
-0.8609545905971526,0.07284389849266953,0,0
-0.06295616509442997,0.40750546698473245,0,1
-1.6677337609785543,0.12138214782658692,0,0
-2.396240643642845,0.01867498173961454,0,0
-2.0810752394736256,0.033633351154361196,0,0
-1.871905633100194,-0.0455191096556602,0,0
-1.7175244070165547,-0.1707486391685455,0,0
-1.352014873088033,-0.3530351907948898,0,0
-0.8256877694051676,-0.432602028492249,0,0
-1.5081641386713003,-0.6782137427772975,0,0
-1.5291520292383065,-0.6790956576818852,0,0
-1.5610357335293432,-0.8274060042785,0,0
-1.462181397797283,-0.8749817480300819,0,0
-1.9914092653436752,-0.9919555671081334,0,0
-2.0528374980116966,-0.9697011583445798,0,0
-2.0374361777005707,-0.8537337803937523,0,0
-2.2650325932626445,-0.8688600899295955,0,0
-2.601451467340865,-0.973551220524844,0,0
-2.5965266463330186,-1.0309808754166776,0,0
-2.272267094059531,-1.0127923828500993,0,0
-2.158922818430143,-1.0614096351120221,0,0
-2.02514062471927,-1.0656118385423434,0,0
-1.6994738973044285,-1.0418211870003011,0,0
-1.5021036043237466,-1.0756727328677473,0,0
-1.0859316955954212,-1.0926116791469143,0,0
-1.4900370329957822,-1.1984318184527243,0,0
-1.9718959181097648,-1.4126034015157896,0,0
-1.850945336872224,-1.4840115392992559,0,0
-1.3170175573471845,-1.2750324930287862,0,0
-1.1675191272843028,-1.5507526277210324,0,0
-1.2994971329749205,-1.4594773445697005,0,0
-1.0814189676277337,-1.3340623372318317,0,0
-0.7237812328282263,-1.3067026060257823,0,0
-1.2462798082623112,-1.3845722707419397,0,0
-1.5915051262744273,-1.4360764336095837,0,0
-1.6654020514769117,-1.4788864860992086,0,0
-1.7288314192098635,-1.4641562858886408,0,0
-1.8886212747363826,-1.432492794399995,0,0
-2.2817574250265995,-1.4628873400824387,0,0
-2.449138580307166,-1.4807843367517288,0,0
-2.4095588512658477,-1.4585485371690157,0,0
-2.4835447681133878,-1.4005582215614067,0,0
-1.621375647217477,-1.5501888933939814,0,0
-0.5539925419750991,-1.4080166928634246,0,0
1.7775053441248059,-0.6680633646278652,1,1
2.0152558861687493,-0.3008860164091539,1,1
0.4396155498458759,-0.7064891006831671,0,0
-0.6958027459255294,-0.9394657997786522,0,0
-0.6359388399862089,-0.7481880933981371,0,0
-0.8897145490240448,-0.5675597419861339,0,0
-0.8955128591639008,-0.41016525965081635,0,0
-0.6287725569622249,-0.27541730976637785,0,0
-0.29189500799255497,-0.36797646136477064,0,0
-0.8207691495755863,-0.3748612075606212,0,0
0.6187754987942704,-0.062102244918047944,0,1
1.9073635157198399,0.1782745654085174,1,1
2.220332517796447,0.11839370953752348,1,1
0.9631677510107682,-0.3434400282271897,1,1
-0.22742458922134298,-0.713965507664966,0,0
-0.21567511276369156,-0.8925850398156892,0,0
-0.8328399589635486,-1.1226764865769732,0,0
-1.3692822214483464,-1.2094822343237428,0,0
-1.475515153470604,-1.3711847892592905,0,0
-1.828025928662362,-1.3681064017474223,0,0
-1.9941308863923857,-1.4889287820843058,0,0
-1.9346061103287602,-1.4694569193347202,0,0
-1.5964767905522732,-1.4831228130141887,0,0
-0.9146078758488434,-1.2692582030023558,0,0
1.185353296798316,-0.6384139487723302,1,1
2.1920249162982968,0.20998308820369305,1,1
1.4864940507044957,0.1183876170116333,1,1
0.10482060058755603,0.25803646609009223,0,1
-0.5198808207236791,0.2717782299746971,0,0
-0.41824202771339497,0.0024193081396554116,0,0
-0.4464541985101661,0.30687210394654985,0,0
-0.1979343495377182,0.458286023840086,0,0
-0.12604932949390976,0.4382992091610913,0,0
-0.29825104325111823,0.20087242770514374,0,0
-0.07961354598940573,0.08977319512325149,0,1
0.08275545766962192,0.139359233185005,0,1
0.20044736230768936,0.07940638546535085,0,1
0.5816050648915208,0.09802401261664624,0,1
0.3618766176250121,-0.3205317063450828,0,0
0.13309510927429705,-0.7215746776762832,0,0
0.07048888891438163,-0.7867446870076017,0,0
0.0888152240404042,-0.9939490872874368,0,0
0.06763629613682268,-1.1597716433696803,0,0
0.08851962568481223,-1.3379653994419296,0,0
0.13616126723356833,-1.4231281305590593,0,0
0.16591756663564491,-1.3844550863523946,0,0
0.33565962810758937,-1.524867775675845,0,0
0.7294758628154813,-1.3588205609879267,1,0
1.5971389596144758,-0.665575889671051,1,1
1.6701331425083357,-0.4153551066385947,1,1
1.505477512300401,-0.23779722308754278,1,1
1.507137705353651,-0.11941001361140437,1,1
1.4909751581562485,0.16831919299245002,1,1
1.3659976410694485,0.33912840065219335,1,1
0.8928988560113319,0.45799209848699696,1,1
1.4136860541748038,0.5606037222870783,1,1
0.4150156142094794,0.6020186883775354,0,1
0.6449873577769947,0.327541120588138,0,1
2.396831825150105,0.8874130061179456,1,1
2.9908520996262107,0.955709478759053,1,1
4.107164353068726,1.15144952058979,1,1
2.9169680889386687,0.6180462809859935,1,1
1.8335019471541356,0.2606133249541989,1,1
-0.08342786344206872,-0.4644678290676352,0,0
-0.4077315079916039,-0.7068517137385693,0,0
-0.4630547011243185,-0.7762267144699035,0,0
-0.7342272924802686,-0.8119751040219818,0,0
-1.0225967444437536,-0.9473053037112964,0,0
-1.5344268833875365,-1.1025024783209316,0,0
-1.543385361825609,-1.2342498998571616,0,0
-1.1833219231527456,-1.2249870529251583,0,0
-0.3002951439540663,-0.9990580512206889,0,0
2.04949852435873,-0.1577701252493361,1,1
1.4903885599997235,-0.17731239838713797,1,1
0.025796408624554287,-0.3818461367754544,0,0
-0.12394429695650948,-0.2042150739035495,0,0
0.040801056535633956,-0.0038200516197367924,0,0
-0.29144193368025684,0.2102600735982054,0,1
1.7476783548779222,0.12898252920420689,1,1
2.000074913064958,-0.05137463767029484,1,1
1.37466617052257,-0.1268493095418335,1,1
1.7995138400896122,-0.04079347141444874,1,1
2.6558167001021453,0.23709930915583882,1,1
2.222077932571199,-0.0027826726005601016,1,1
3.2690917052152426,0.3027377238709888,1,1
2.568214865707809,0.006420541673376571,1,1
0.736143450340776,-0.5231337130148527,1,0
0.023619913293534623,-0.7317440911266828,0,1
0.17098975130921903,-0.7257693870141977,0,1
-0.11855797255974612,-0.8620743519542465,0,1
-0.5676590299805239,-0.9400150998302347,0,0
-0.8180311356340888,-0.9526096341705017,0,0
-0.8967775572457751,-1.050655274434345,0,0
-1.0374053798456468,-1.0922515101458115,0,0
-0.9737167261060952,-1.0154362514629145,0,0
-0.918716571762131,-1.0174998491698821,0,0
-0.7380495033271912,-0.914732777744795,0,0
-0.7064572969384738,-0.8476488354953511,0,0
-0.8295166738685724,-0.7793445121550333,0,0
-0.7407979537315696,-0.5055899707657567,0,0
-0.9965429725333094,-0.261832678727835,0,0
-1.1034253310060178,-0.024082986405629225,0,0
-0.9633422057670435,0.12863427593708882,0,0
-1.1896401278533673,-0.015804680939474854,0,0
-1.1344094279043766,0.07386241159762218,0,0
-1.1085187055262598,0.04019031045676269,0,0
-1.1098596979617092,-0.1766059691161485,0,0
-1.064271401145167,-0.30017131727984936,0,0
-0.9100062947893829,-0.3394019540359892,0,0
-0.8996149173368022,-0.2649493933183408,0,0
-1.0914664353581054,-0.32267079218272154,0,0
-0.938954576500729,-0.21045551361149137,0,0
-0.7722143443434023,-0.10476329613469874,0,0
-0.9988459514010621,-0.3402679362871361,0,0
-1.0348536155223564,-0.4091760346631927,0,0
-1.0757109833289455,-0.4913449580599946,0,0
-1.0708388331615373,-0.6574428509108504,0,0
-1.20398418113676,-0.796535086874817,0,0
-1.2782069479738747,-0.9258926867704803,0,0
-1.2584462503007166,-0.9162238824911977,0,0
-1.2680837336789397,-0.8429965552508579,0,0
-1.2505682754028489,-0.7719029181048912,0,0
-1.1692606823221443,-0.7705561120689496,0,0
-1.022589304061023,-0.6183980679459554,0,0
-1.0069563961431345,-0.5340976313146096,0,0
-1.1498980749497496,-0.5130102153656946,0,0
-1.2970873874005642,-0.41504394019602614,0,0
-1.3122158545864036,-0.3500262343663036,0,0
-1.0905529828689724,-0.34589972634105465,0,0
-1.1107720903366338,-0.15258068991936058,0,0
-1.0726378158122845,-0.1299989458013231,0,0
-1.0286489141208408,-0.10240148041339214,0,0
-0.7156677658566105,0.013260756576710676,0,1
-0.9724101305217475,-0.24578279551572274,0,0
-0.9956625101937258,-0.35664473075876785,0,0
-1.1249023422323674,-0.4770927508829925,0,0
-0.9644388274079069,-0.46615675500339865,0,0
-1.0383785606465443,-0.5973780829657894,0,0
-1.256236016411413,-0.8004580596301163,0,0
-1.30371376119898,-0.8826501629099497,0,0
-1.3947837571733999,-1.0801104200410574,0,0
-1.3739446363511618,-1.078260594901064,0,0
-1.4063494487799437,-0.8481675402803841,0,0
-1.1159275879804216,-0.7155360268831624,0,0
-0.5622157012750517,-0.13008266908423982,0,1
-0.45806263117300644,0.13077592814614863,0,1
-1.1388970331177042,0.0690636734817969,0,0
-1.2595344460682167,0.07698113187639403,0,0
-1.2022128233716847,-0.0350975752953869,0,0
-0.9882258674607262,0.022671704269386885,0,0
-0.8118763207302233,-0.07860864285297459,0,1
-1.0511221446087637,-1.0140980119210412,0,0
-0.9767309333507744,-1.149880426930508,0,0
-0.7994842044427565,-1.1615508989867498,0,0
-0.7732334486597051,-1.2427672905979428,0,0
-1.031068360487357,-1.1251122126603932,0,0
-1.0478883098424,-1.2339436575195208,0,0
-1.107235438820575,-1.4191802575583539,0,0
-1.26636418447218,-1.333589460143648,0,0
-1.2299173539719708,-1.4384452996223072,0,0
-1.2129585639224554,-1.455505111915333,0,0
-1.3004960862901511,-1.5392463474935274,0,0
-1.356306299221962,-1.6560513276054616,0,0
-1.448973120293015,-1.704491997214584,0,0
-1.5024264256578295,-1.6991296463062742,0,0
-1.484656214904789,-1.6756118630189234,0,0
-1.3914642464254758,-1.5712455408773278,0,0
-1.113673102758094,-1.3509271974197499,0,0
-0.32948389592232,-0.7358821046897108,0,1
0.19685789115707583,-0.14829325489000506,0,1
-0.46531577634884486,-0.15610464261422075,0,1
-0.6901045707300771,-0.03295963527600141,0,1
-0.6003647863627212,0.37463333234988616,0,1
-0.7420724919337472,0.9964586404063549,0,1
-0.9033036976164829,0.7250858529323329,0,1
-1.24632048472564,0.5071420569004654,0,0
-1.4279733959027174,0.6152318746006625,0,0
-1.1072789722449203,1.054387794424602,0,1
-0.7514629154575712,1.3346839444279543,0,1
-0.36397335628907995,1.205741169738008,0,1
-0.4030031681964713,0.7838040684112042,0,1
-0.5688040782141724,0.3590385181025061,0,1
-1.0626558382430709,-0.11679824757646932,0,0
-1.3348524389024685,-0.4086180332722732,0,0
-1.2212829557883733,-0.6310459406269955,0,0
-1.5038561011034925,-0.804109737939203,0,0
-1.3831754844755149,-1.0749777707199444,0,0
-1.5729963031379885,-1.0083598699306555,0,0
-1.5351414010853068,-1.4014879596392427,0,0
-1.6132953349515797,-1.3649778789130542,0,0
-1.4847037783490744,-1.5043740808658277,0,0
-1.185140684316868,-1.2958141411981299,0,0
-0.09990495590390244,-0.3496066080875416,0,1
0.6624982260733782,0.5090031305863575,1,1
-0.6602342097522195,0.1990418115044847,0,1
-0.948039515673136,0.8100059017798568,0,1
-1.3617215729613434,0.806165599264266,0,1
-1.4103006509897535,0.9221295068357379,0,1
-1.4183214231855903,0.892202057157434,0,1
-1.4860801137711857,0.9052421289772217,0,1
-1.5143704505681304,0.9259788505745006,0,1
-1.3091038251471905,1.0471097949640125,0,1
-0.8611931795769946,1.1985016469361762,0,1
-0.08765487311764816,1.6972730325701353,0,1
-0.006601468683291081,1.6027225754178147,0,1
-0.43312798296031574,0.9843926746139862,0,1
-1.0014902077765595,0.4188318669644903,0,1
-1.3551837538333924,0.13286643008920082,0,0
-1.5722046893174961,-0.03130664475967384,0,0
-1.5862442806909236,-0.29981984818211527,0,0
-1.6838589266298554,-0.4999331349933452,0,0
-1.784004060855677,-0.589368616717027,0,0
-1.8007684623452975,-0.8843598243571698,0,0
-1.8136255249880837,-1.0667133720701978,0,0
-1.7913039779601267,-1.0287019596329252,0,0
-1.5528897711396803,-1.092782744025472,0,0
-1.0985482150751087,-0.5161250853238726,0,1
-0.6514446112374838,-0.027978153037901323,0,1
-0.4605237339829521,0.7035497654993759,0,1
-0.9138222598469758,1.0229537553986285,0,1
-1.24872323671675,1.1236083607802292,0,1
-1.3990009787661375,1.2919864664066047,0,1
-1.5610116782292092,1.213670886371812,0,1
-1.4799769488879562,1.1280386509906122,0,1
-1.1909433717333078,1.5589348405483299,0,1
-1.1058714129211913,1.6745948312641246,0,1
-0.6037365095949208,1.8652866092002753,0,1
-0.47780367811203894,1.5039303685494505,0,1
-0.044384075405650265,1.5695321932692325,0,1
-0.8010834206117617,0.9119251458003603,0,1
-1.3211998113429342,0.3376968419520584,0,1
-1.6357241539491336,0.013353664096403007,0,0
-1.6412614792575502,-0.1757664007354128,0,0
-1.4998764696465452,-0.17375776743872617,0,0
-1.696274232029369,-0.43313540911319237,0,0
-1.9056312943789808,-0.5086486765478055,0,0
-1.9053658552499022,-0.8300214080591869,0,0
-1.9307466407445328,-0.9260853796766734,0,0
-1.9014493828252772,-0.8896867305139928,0,0
-1.5927336866431945,-0.7940130297460828,0,0
1.3832828629089085,0.03703996394311283,1,1
3.0133614764995524,0.6526135692418393,1,1
2.3842611313387767,0.7347451925018673,1,1
1.1370730044590738,1.0076033318088968,1,1
1.7980083806299576,1.5234531961191076,1,1
1.0279043820536473,1.7369609275730982,1,1
0.7418832796399707,1.632555785598187,1,1
1.0676109938666032,1.7022013108281981,1,1
2.5118937285473666,1.9211333262912833,1,1
2.570667052408155,1.9207136403104623,1,1
3.0191296420102964,2.0062256878476643,1,1
2.4707304126034755,1.6375107615334494,1,1
3.162581945475227,1.7438155457713613,1,1
1.824962282833004,1.0463171346413758,1,1
-0.6032479689495379,0.36255748891605405,0,1
-0.14299588607472893,0.28486999356990084,0,1
-0.3208370911876161,0.180478142331006,0,1
0.2685665701584884,0.2131573411794203,0,1
0.07214627823671403,-0.08411007331635047,0,0
-0.7241251531306531,-0.2712328422103277,0,0
-1.37959481421314,-0.5314669008414491,0,0
-1.8222067915868394,-0.41396714894710684,0,0
-1.7369173265775135,-0.7699053790855895,0,0
-1.524183718863998,-0.7976023324109357,0,0
-0.8845853515628119,-0.5086237775324437,0,0
0.024199139558323934,0.057975671053621614,0,1
0.42483104151285767,0.5739378852205826,0,1
-0.03704574126446612,0.8860307942956915,0,1
0.057281962425218415,1.3261823898203042,0,1
-0.057481835944212,1.4904711350209847,0,1
-1.1145865744740524,1.2155727405382997,0,0
-0.650428402009403,1.0391562194928612,0,0
-0.9756244974388282,1.047451794033615,0,0
-0.735689625449233,1.2572702265166265,0,0
-0.8754559479822354,1.2989506236393982,0,0
0.3387355987280986,1.261156495962107,0,1
1.0413972122513329,1.2168746515695743,1,1
0.7557589552364476,0.9012640418836526,1,1
-0.9148697729965118,-0.3813185486041855,0,0
-1.7492255220078157,-1.0568487393995858,0,0
-1.4378395885583395,-1.2878896675286071,0,0
-1.5384058039596338,-1.1593547473892358,0,0
-1.3710799449946465,-1.0935069213798148,0,0
-1.525829292944777,-1.0761238424181245,0,0
-1.6194505714347323,-0.9847396843183315,0,0
-2.2607340728541376,-1.1236035937196163,0,0
-2.6296358399874484,-1.1656938843782065,0,0
-2.312440986911774,-1.1180651408930447,0,0
-2.1161872814777385,-1.0257189991275821,0,0
-2.1790689454347865,-0.8830087182804635,0,0
-2.0266860560514828,-0.7459208398283543,0,0
-1.8542620486881816,-0.5406608691756243,0,0
-1.8736045093380465,-0.4821545537054284,0,0
-1.9062679211347104,-0.4361994916610546,0,0
-2.0231081742179975,-0.42732199504488394,0,0
-2.1919417163767068,-0.39522404590395527,0,0
-1.8549356381667121,-0.22761683547988665,0,0
-1.4329019723048233,-0.0983009264073901,0,0
-1.3597802922807232,-0.14788828586709254,0,0
-1.1108594471680169,-0.22601429688739028,0,0
-0.07578586560409187,0.0031298597086855326,0,1
-0.3098603717589149,-0.2964914984265926,0,0
-1.0746468263179387,-0.6323553674844685,0,0
-0.0005822624854648733,-0.28985336952890856,0,0
-0.798008078806021,-0.5942389170841829,0,0
-1.689241445832596,-0.8096407182059229,0,0
-2.1410317252500395,-0.8702414041509015,0,0
-2.5301186933711937,-0.9128413701168284,0,0
-2.6452954127429686,-0.9482042554356103,0,0
-2.692467698065557,-0.9267345974462259,0,0
-2.288505063195816,-0.9855212341562123,0,0
-1.6309106749479874,-0.9086067770049201,0,0
-0.6766138287954945,-0.6350627632246613,0,0
-0.5057043322068151,-0.48082365408622163,0,0
-1.1080728866318046,-0.5059623263907194,0,0
-1.1551135488192783,-0.2527271792701777,0,0
-1.2944324729281755,-0.19741082074521127,0,0
-1.1347198947583774,-0.02773633752670601,0,0
-1.1462250265002196,0.08177473711149122,0,0
-1.3416875937247974,-0.053868318944820845,0,0
-1.2866066139785197,0.10375332045817179,0,0
-1.1594803371275335,0.03463862516882949,0,0
-0.33974671362191744,0.05519871228432454,0,0
0.4805685692760819,0.1986255743732126,0,1
0.21781084623721647,0.0797730933194574,0,1
-0.16264086059190466,-0.1386082950147097,0,0
-0.8543332426150261,-0.311249702185256,0,0
-1.1097594492771057,-0.46929702656161876,0,0
-1.4766930709203647,-0.5701370480912269,0,0
-2.030475901324393,-0.7097508915903921,0,0
-2.263692509774884,-0.6712103237355078,0,0
-2.428075278962969,-0.6932247248514817,0,0
-2.3190012499892143,-0.7681444632740527,0,0
-2.1037977645566293,-0.8080440146237132,0,0
-1.7766746575675014,-0.6922197876935249,0,0
-0.9372383902725206,-0.5993851967271041,0,0
1.8868309321959498,0.28641125745261087,1,1
1.9342259648857856,0.659504650762384,1,1
-0.690632874560048,0.07041048983981939,0,0
-0.6405077851973282,0.44408853847829927,0,0
-0.9515864154035133,0.7010810254842772,0,1
-0.2810163379763767,1.2330014095347106,0,1
0.38419027494187247,1.479524275682157,0,1
-0.5019860727975325,0.889284160851074,0,1
0.14463441506341562,1.0629206851696964,0,1
-0.38802975831441855,1.1184515871431975,0,1
0.284741794982994,1.2525461117474528,0,1
0.8220154529429903,1.1191401205892615,1,1
1.306937103084254,1.2326495445191,1,1
1.1423398566935012,0.8286520872336217,1,1
0.10903071959709949,0.31344794399585113,0,1
-0.6731215120592094,0.029120122869754506,0,0
-0.3394095625156696,-0.020008690736061464,0,1
-1.1200260972755123,-0.2053988858612574,0,0
-1.6032654706356921,-0.2509447639267916,0,0
-1.9511269947947398,-0.5498365577211499,0,0
-2.05366573014062,-0.8773553908144099,0,0
-2.260603367213582,-0.797044077570683,0,0
-2.2934162386630352,-0.5442281989279742,0,0
-1.2845093781586676,-0.7342185591753457,0,0
2.668668931946612,0.601673264828399,1,1
1.4983971480155593,0.34686743650791835,1,1
2.342448809386755,0.8567154643020227,1,1
1.3567784580695637,1.1347704787459418,1,1
0.6869980371983017,1.3397521099494423,1,1
0.06590157358292013,1.3572250332013533,0,1
-0.06767998679852877,1.5139603527646892,0,1
0.9272841292040078,1.7037354626983587,1,1
1.233741505267887,1.6707059408790124,1,1
0.32863019563089163,1.5740360572141916,0,1
1.1564359823840427,1.6641331150966396,1,1
2.4655866725757107,1.756626199871338,1,1
2.6069516970001905,1.6802984994658625,1,1
2.572392013791007,1.3141593947036754,1,1
0.32055606468401426,0.40885726710780396,0,1
-0.9487424244440064,0.17938339525114017,0,0
-0.8081090146173318,-0.003379408690438574,0,0
-0.9649154504729728,-0.1595457968226571,0,0
-1.6775426919527743,-0.3347414454812056,0,0
-2.064321263854558,-0.5918852941380626,0,0
-2.2156516041598575,-0.6715552302348841,0,0
-2.1629169848175684,-0.8029566738434601,0,0
-1.6939915960035885,-0.959689673824734,0,0
-0.8499657382411621,-0.8102259456729555,0,0
2.255925285106556,0.5122575610849511,1,1
3.949020577869092,1.117823592830617,1,1
1.2511306889052132,0.43927974080077703,1,1
-0.21772537571337414,0.6939352533214619,0,1
-0.9381367808103421,0.7497997441797885,0,1
-0.4676703033661394,1.0504869970057162,0,1
1.338481438394612,1.421992067808077,1,1
1.061377014689053,1.0869718591292397,1,1
1.8930433023269566,1.1804779480590566,1,1
1.530623149082949,1.0276641581907766,1,1
2.1994873851326067,1.1668718866410415,1,1
2.7052793578239,1.2770728714966897,1,1
3.5077434477016416,1.5454213661386111,1,1
1.4535518106726033,0.6616546233928555,1,1
0.5123099116087123,0.38509506750305045,0,1
0.12281197516695518,0.23932097856528428,0,1
0.1564823952325202,0.1412798406276685,0,1
-0.3726734124133054,-0.09725392688968414,0,0
-1.0015078446510617,-0.3467830245203415,0,0
-1.3346753179286488,-0.45406842701683214,0,0
-1.5973678753431324,-0.4963910546698324,0,0
-1.824159517968948,-0.5750646496601717,0,0
-1.6756556626098928,-0.547438413290561,0,0
-0.5739698324949467,-0.3096394962367315,0,0
0.7807372310738575,0.21205615041746861,1,1
0.7595860426475094,0.6788584412452422,1,1
0.8108236572048219,0.3431033021981901,1,1
0.32242052325826953,-0.0665279577107341,0,1
0.2981485568186301,-0.09799012589918206,0,1
0.6704380601385943,0.2465913608100262,1,1
0.8130676018567585,0.6954245080196843,1,1
0.020560205570014513,0.8635780943823985,0,1
0.7271998264407917,1.0982317748444084,1,1
1.0327740423557685,1.0704222720150829,1,1
1.2654600513687633,1.1192017197324893,1,1
1.3993919977572213,1.0961069347994181,1,1
2.624785090527218,1.285308416283452,1,1
1.6288666087662107,0.7730861093578909,1,1
0.5059922073667812,0.40125016763303134,0,1
0.32015292939160384,0.3757689300974805,0,1
0.35521472750672517,0.27583060906428625,0,1
0.6556741290976223,0.3783068889706424,1,1
-0.5035452996246911,0.02352195531287155,0,0
-1.1909108529505024,-0.26033944772687345,0,0
-1.5036945306365637,-0.4135116294528803,0,0
-2.029082301967048,-0.43346052943778907,0,0
-2.353797935456667,-0.40231243780070386,0,0
-2.241456774410488,-0.3749393040700493,0,0
-1.4093610642126668,-0.23646220143364105,0,0
-1.2473421505860502,-0.09074027249360082,0,0
-0.8352869656108317,0.24682145701522812,0,0
-0.7023883503236289,0.5578201490678115,0,0
-0.8656276980256223,0.9261935030383149,0,0
-0.8576430973609024,1.0653239288182965,0,0
-1.589091585565043,0.8514210667703601,0,0
-1.5502920175695754,0.8029669613407603,0,0
-1.0213336160418167,1.03977454487888,0,0
-0.8622055533871862,0.9775017604379774,0,0
-0.8835400838155313,0.7312600718716276,0,0
-0.31551243878344154,0.6685687592974937,0,1
1.00402938456149,0.6850747081834132,1,1
0.06409684048220934,0.263626668539911,0,0
-0.5277576314486483,-0.01336197180563508,0,0
0.7338438819892756,0.24768825914172132,1,1
0.8329015280590365,0.21195773780694607,1,1
-0.4913295180479375,-0.09352951918117691,0,0
-1.0326942111181525,-0.12980283849043237,0,0
-1.7823153553413233,-0.37506984560962975,0,0
-1.5451699643870231,-0.5003690941567186,0,0
-2.046727867192759,-0.6614422435973573,0,0
-2.2272286197257256,-0.7695006492769816,0,0
-1.9471704772753016,-1.0083739634577777,0,0
-1.8788120591515978,-0.7507172351474618,0,0
-1.3792493127588985,-0.4445800809710953,0,0
-1.1742820944490544,-0.12842115259476908,0,0
-1.0680205429712055,0.4540624915508427,0,0
-1.461286117698495,0.6084697652776531,0,0
-1.5215984449901665,0.6897562716714226,0,0
-1.741197470334029,0.6239436240917242,0,0
-1.4740557815583608,0.6998151963633386,0,0
-1.1752080200863788,0.6504591589360925,0,0
-1.6729075980136905,0.778194678798379,0,0
-0.5580735987871124,0.7950345956589007,0,1
-0.12303305544245688,0.7148192172394903,0,1
0.6285758801276958,0.729358145775872,1,1
-0.04761729494597628,0.4299167942632621,0,0
-0.36561296909608193,0.26070932165197835,0,0
-0.05029447140177325,0.16655104997918174,0,1
-0.28510897908690047,0.033725137557144014,0,1
-0.9062127430452898,-0.12401333789837037,0,0
-2.0314255756758053,-0.2981091701282978,0,0
-2.290618989558463,-0.4974532397651821,0,0
-2.406798994098169,-0.662373127285176,0,0
-2.405676195217996,-0.5940420945301733,0,0
-1.8709037375110005,-0.5783795892292174,0,0
-0.9133161991395857,-0.38083915679504793,0,0
1.1677948465820367,0.37021061028666863,1,1
2.140145674667956,0.7103423115391629,1,1
1.0919711413177788,0.3396727167711403,1,1
0.14128317172926314,0.6339767931988892,0,1
-0.44972260711763834,0.7428486473776452,0,1
-0.6055756912756427,1.0565642725911282,0,1
-0.8433395331079115,1.242211841070634,0,1
-1.3130712563532418,1.3930915546911737,0,1
-1.143308597569789,1.5073360132654554,0,1
-0.05176096794398783,1.6750973348941207,0,1
1.356919472110845,1.8232127650041108,1,1
1.4926482897185787,1.6916576552810476,1,1
0.9193749679800114,1.3500074733429455,1,1
0.3190721601282582,0.5463279632121448,0,1
-0.511641255489418,0.22825783442619232,0,0
-1.5837625717724915,0.1242197224489439,0,0
-1.1507348320460327,0.1209893374765373,0,0
-1.3198001010847886,-0.010686309532568963,0,0
-1.6703279486274445,-0.40177172558543855,0,0
-2.1829787444271074,-0.5091443144750329,0,0
-2.4022919525136754,-0.6309718650239895,0,0
-2.4828039792505905,-0.6123871563282821,0,0
-2.094650913546997,-0.5721398135412373,0,0
-0.4462379616326773,-0.22983242278607757,0,0
1.8086265550057097,0.5505885778675543,1,1
1.6362076119634346,0.42600978567337944,1,1
0.5645462667390732,0.3945693323968854,1,1
-1.3624269683343249,0.36151765530571095,0,0
-0.4363193589284266,0.6763165539242776,0,1
-0.05643777439379214,0.7762006584354397,0,1
-0.26383280965526373,0.6785780242377363,0,1
-0.16143147724352463,0.5542703057334581,0,0
-0.1062179599155298,0.5659756438672402,0,0
-1.676301752820802,0.25949211085976925,0,0
-1.1753482167993288,0.382409530447623,0,0
1.1256584689569515,0.7008649263897972,1,1
1.7893888489907617,0.6188932778306179,1,1
2.153757114529033,0.4342548966356635,1,1
0.3242361617258542,-0.010184347257879003,0,1
-1.9127911563433213,-0.084203009847675,0,0
-1.6495335646719234,-0.24294097834159092,0,0
-2.2573280792924284,-0.16078702461335648,0,0
-2.637191880581633,-0.12954736060620234,0,0
-2.487539327531829,-0.6292634428772573,0,0
-2.3847011515932817,-0.6587350251359356,0,0
-2.2127615654563035,-0.7778080060973711,0,0
-1.863997468216105,-0.7574048356838919,0,0
-1.0592174445295444,-0.6610266986013479,0,0
1.101333849087139,0.03196051205209633,1,1
1.4120065643032254,0.37676072770836116,1,1
1.3854659532269873,0.2705207831118694,1,1
0.5516152409828616,-0.06089805007144745,0,1
0.3325278084739279,0.055555508237848286,0,1
0.4708686734957916,0.19968381929621465,0,1
1.1159277827632952,0.3749473761203364,1,1
1.2774790954940196,0.43605048273319413,1,1
0.9901052075261199,0.29739978701756437,1,1
-0.3509903024143427,0.08166467257772857,0,0
-1.0009282496896936,0.019143237194144333,0,0
0.26680658230734555,0.18127760763694087,0,1
-1.174536617061884,-0.018666465539771304,0,0
-0.7171465043368895,-0.23883782485916813,0,0
-0.804397719469712,-0.5171843704333561,0,0
-1.5911753999656926,-0.8614794688872273,0,0
-1.0933996887519335,-1.1565484956986172,0,0
-1.2390713964687792,-1.0737569743909183,0,0
-1.7521599529856642,-1.2073043555056837,0,0
-2.4069530544500393,-1.1664989673055908,0,0
-2.504545452539448,-1.158545363365789,0,0
-2.513478573930498,-1.0612218556952453,0,0
-2.0372470616673017,-1.0507578969573133,0,0
-0.9076743703133441,-0.9619166416485316,0,0
0.5480475232711867,-0.17737459131397218,0,1
1.2218952820881857,0.17417361117815558,1,1
1.0055357125673392,0.2700376026873797,1,1
0.08506912531578993,0.36402573312062847,0,1
-0.40610645727867895,0.04026173133410435,0,1
-1.5886587233591325,-0.938068021987335,0,0
-0.8731992296254544,-0.4392990079955515,0,0
0.7158882347762371,-0.48018705635776954,1,1
0.8242767653127699,-0.7834635970319501,1,0
1.1477535776852508,-0.5895298663819017,1,0
0.5832436689114225,-0.3655457154544654,0,1
-0.6752790222255923,-0.3646021418059787,0,0
-0.3648550685024641,-0.38397275170208045,0,0
-0.3793716940358833,-0.6709784946347191,0,0
-0.8112384191356429,-1.0321367856715502,0,0
-1.7180124701043717,-0.6348422089098044,0,0
-0.8824705453604526,-0.6620184037395687,0,0
-0.2894031103148581,-0.6829997436495139,0,0
-0.6458564523968435,-0.7616631738116335,0,0
-1.8211000293521526,-0.9184329961593224,0,0
-2.086041655877606,-0.9273093944219685,0,0
-2.1785736860388796,-0.8983231515155723,0,0
-2.0159350177903272,-0.7966040856431037,0,0
-1.0866235706822869,-0.634369895471034,0,0
1.1204812093969636,0.0367184086355089,1,1
1.3749262080701232,0.3988376418664307,1,1
0.9374095137342899,-0.051795862761270225,1,1
-0.08678437971978066,0.030027302730264317,0,1
-1.0272960695069409,-0.05551156163337204,0,0
-0.9230746103884373,0.18829017087676536,0,0
-0.21273978858214726,0.12988896874398817,0,0
-0.598370226162491,0.07758042909186576,0,0
-0.5799440451855411,0.018899837286532776,0,0
-0.09188401154571597,-0.594360609816435,0,0
1.133143154582146,-0.3900638970906985,1,1
1.541541156583543,-0.40191807453105327,1,1
-0.31923005626099893,-0.5711063307376519,0,0
-0.9413624891363034,-0.7251581098601015,0,0
-0.49024295022280456,-0.7717833231850482,0,0
-0.5003911448985491,-0.788976415386888,0,0
-0.41791510639878715,-0.8163249141103224,0,0
-0.9705038287711035,-0.8621735560351347,0,0
-0.8197090007628515,-0.7659274810223451,0,0
-2.3844215385850207,-0.8350400613241469,0,0
-2.3263733216009617,-0.8741063740029573,0,0
-2.2136323238203675,-1.4300720316288587,0,0
-2.043748180103463,-2.052748854895371,0,0
-1.9634498383699972,-1.7826240362242014,0,0
-1.7492321245222826,-1.3717547515577053,0,0
-1.5536210414874212,-1.1558049552004759,0,0
-1.6154690892874553,-0.738245801287571,0,0
-1.6392230759446889,-0.5829745912280496,0,0
-1.3685127583124346,-0.6076250709547063,0,0
-1.2420681180357125,-0.6551275681275629,0,0
-1.3764294379916515,-0.24565568054169662,0,0
-1.626803713030068,-0.42439838477710196,0,0
-1.510581718726767,0.15952073762882127,0,0
-1.515104105119899,0.045231248444024985,0,0
-1.3554479918779399,0.09341476595043327,0,0
-1.1201213391025515,-0.061148937008608094,0,0
-0.5869706822707254,0.09218980111570634,0,1
-0.6019965534852231,-0.18533632154392343,0,1
-0.8686790841812551,-0.5312350666550545,0,0
-0.8461990283749655,-0.6023395971951534,0,0
-0.9394744490779143,-0.7081646219701703,0,0
-0.8756571712185011,-0.6942915373586579,0,0
-0.6831737620580552,-0.7811618530774502,0,0
-0.6721606909603687,-0.8195728411361604,0,0
-0.5822226600952146,-0.8928238415696248,0,0
-0.5544327756465187,-0.8619782303117978,0,0
-0.5103729136950239,-0.9428859336292188,0,0
-0.6212101839520557,-1.1586764461389951,0,0
-0.65867509769622,-0.8632857681647848,0,0
-0.8031401348361717,-0.38139971474976664,0,0
-0.6381805081165814,-0.13806192696843994,0,0
-0.6063266414876926,-0.13629724302502125,0,0
-0.5499589313853026,0.022897223881752093,0,0
-0.45180224372231925,0.12494933141728955,0,0
-0.41004879385074067,-0.5936314969361941,0,0
-0.3362814199880555,-0.41664747280464515,0,0
-0.19369241271909673,-0.01830038523882115,0,0
-0.2744578784514407,-0.11617467648475238,0,0
-0.18281930903175914,-0.10804912544568343,0,0
-0.07490327326942528,-0.07404175638005414,0,0
0.23920548781148004,-0.12188599388110381,0,0
0.31379927518165474,-0.22939253114985592,0,0
0.2698086942973154,-0.3981234233981338,0,0
0.37630994237167015,-0.5405775829328847,0,0
0.42294128797640695,-0.5466676177890825,0,0
0.33014088575642114,-0.6096952702514491,0,0
0.14383919558318053,-0.5825458508299701,0,0
0.13287375661366357,-0.7010718319034625,0,0
0.16721742112301982,-0.8081958156394681,0,0
0.24108199951049306,-0.7243886279861091,0,0
0.3467840391871117,-0.7216766085433147,0,0
0.8581319922239572,-0.5541529806861225,1,0
2.216956160232833,0.4795066989971256,1,1
2.4674179851580313,0.8268145757617879,1,1
1.5548984083790014,0.5406964724560193,1,1
0.10535259922039455,0.4383817059080645,0,1
-0.35818867108468916,0.41046887994676934,0,1
-0.19368198238211584,0.5599449503919874,0,1
-0.1762828391957442,0.498774500948665,0,1
-0.20264732820617518,0.6185842376802411,0,1
-0.08510570117689606,1.0127029679695063,0,1
-0.32512447915107917,1.0632243253509444,0,1
0.1760294787440546,0.9975356044675017,0,1
1.2208067715402204,0.9290474300042422,1,1
1.696419815222696,0.8318992926096986,1,1
0.6383900612172145,0.2535778889719297,0,1
-0.13999805723689343,-0.08453665481726517,0,0
-0.6361847390216367,-0.3490346635362506,0,0
-1.1921787910861399,-0.48193654601086405,0,0
-1.3599639949118543,-0.7761243641645686,0,0
-2.119414012175707,-0.7634078046604635,0,0
-2.373229311104046,-0.9222244203821102,0,0
-2.2623276698642303,-1.1825428336793244,0,0
-2.069821714000856,-1.3973516652688507,0,0
-1.9318735517986485,-1.1962397360901917,0,0
-0.9616753447584405,-1.1097840064084346,0,0
2.1414076673597604,0.04610492671411524,1,1
3.0415567397097565,0.49181862477713223,1,1
2.7167157001080646,0.6361004590986861,1,1
2.3127493708482514,1.029670190834321,1,1
0.6890064191344414,0.993897961470882,1,1
-0.13056744628411396,0.9547087660692485,0,1
-0.21707109194555724,0.919106547270908,0,1
-0.6256447077083973,0.8503820823854479,0,1
-0.6004387050404534,1.1206016118311077,0,1
-0.5048410806993161,1.0239008544372152,0,1
1.0495447712007282,1.517301359078027,1,1
2.268600660569761,1.7170390752720741,1,1
3.4589666360969744,1.8717123610866717,1,1
2.539477154484216,1.1827651408587967,1,1
0.9228049335513868,0.5932426324430622,1,1
0.3016029011580456,0.2679348359459066,0,1
-0.18782585178628303,0.04286891640235064,0,0
-0.7950469532092457,-0.17809734053545392,0,0
-1.6981630039880697,-0.23625120021463364,0,0
-1.7003509037146476,-0.5714056911474367,0,0
-1.9675077125142815,-0.7495109095363842,0,0
-2.093076044859022,-0.621251475008729,0,0
-1.672202436405946,-0.8340117583110773,0,0
-0.8371926373884513,-0.5411517963822565,0,0
1.5334617057059938,0.32201477624614044,1,1
3.289900619753137,1.2152236258047495,1,1
2.4180596689792813,0.9895589011303919,1,1
1.4045737097599642,0.8845069213538546,1,1
1.1189048122414282,0.7767468350315399,1,1
1.1001926258133048,1.1434035549035622,1,1
2.564833664194842,1.394221316059364,1,1
0.7866079386334396,0.20783259312368083,1,1
0.19258911435061238,0.03668424720876475,0,1
0.2009774990032225,0.03869601016390286,0,1
0.27102473131756843,0.150797739380763,0,0
0.1980879607955555,0.10811992840500659,0,1
0.706184149048523,0.1783364140131808,1,1
-0.23185282691264258,-0.23313311700042383,0,1
-0.7773648741374131,-0.35705089900685055,0,0
-1.1461102853103489,-0.5055854460000966,0,0
-1.1364096127051608,-0.5691055802640027,0,0
-0.8789828799170681,-0.43300722645552664,0,0
-1.449350582085088,-0.45313227295816466,0,0
-2.1636104642261422,-0.569338597366415,0,0
-2.4286549176318366,-0.6319923120068388,0,0
-2.5852063759846633,-0.6021420310536075,0,0
-2.2416329648349507,-0.6230132258964831,0,0
-1.358337832504698,-0.577601263141419,0,0
-0.26212745224859824,-0.3106034847063554,0,0
1.380027040686513,0.06894541681737014,1,1
0.1751152978494303,-0.19379248642738237,0,0
0.20671177314112585,-0.06691341608897942,0,0
-0.8265643242050914,-0.18761863477476343,0,0
-0.5477361649283751,-0.16976789349772772,0,0
-0.22129018114866011,0.11855965321884544,0,1
-0.7754265266841008,0.11684040348750738,0,0
-0.46001063657848745,0.2199929324975387,0,1
0.6777287280208529,0.5481336519520912,1,1
1.9763482234818714,0.9398627447232458,1,1
1.7999079713980781,0.8557922013974365,1,1
1.4570116133404072,0.834800368278151,1,1
1.887810628295153,0.7847645046375061,1,1
0.903888390161857,0.34366393812090057,1,1
0.2269220713885831,0.10218147376149332,0,0
0.9012941921434441,0.30631158998621455,1,1
0.18938034907840526,0.14923441873556287,0,0
-0.31539212360963537,-0.10211415453612266,0,0
-1.0785266291122184,-0.39130295566411355,0,0
-1.3160044275343394,-0.5087030672641268,0,0
-1.2262862613117427,-0.5563367768277917,0,0
-0.9129663124346248,-0.5022974948893641,0,0
-0.7816741716328858,-0.20990388503293503,0,0
1.7279558921139504,0.6152712507051583,1,1
1.9856917880966898,1.0493778643857787,1,1
0.9187691332481618,0.5319741800489045,1,1
0.006115869653110793,0.6243489938073342,0,1
-0.58216559729433,0.8323073474024787,0,1
-0.5487228458006106,0.881623117647436,0,1
-0.027533093283409176,1.1705773418150016,0,1
-0.23743799160895307,1.0560475310017463,0,1
-0.4592750299223383,1.1782327647624342,0,1
-0.07897654745502859,1.2339415957738173,0,1
0.42517157727525795,1.2961303379919755,0,1
1.4397670238648015,1.2273737244539664,1,1
2.0084846868708603,1.2607459888240453,1,1
1.0565513270666307,0.8153645880344281,1,1
-0.1672271986895048,0.447267890927709,0,1
-0.08986994954490667,0.40608724967921245,0,1
-0.3384681083918799,0.2371746051375142,0,1
-0.5318450452800595,0.07759633609231245,0,0
-1.3393743032233392,-0.2388731565233802,0,0
-1.5542098346285722,-0.31975011960488575,0,0
-1.5303502379975897,-0.6526687424501483,0,0
-1.783905333488072,-0.7486111995370738,0,0
-2.1970805706726497,-0.6503612231274944,0,0
-2.012234328520452,-0.6709697014634572,0,0
-1.0565485815478561,-0.34569871373595507,0,0
0.2953328281478072,0.062220890400378384,0,1
0.5072619084505617,0.5124519383873944,0,1
0.2981055122050477,0.677704121674829,0,1
-0.8887358829441127,0.6734828575825558,0,1
-0.8077727386048759,0.7805192703106506,0,1
-0.9010401138255006,0.7556041390614386,0,1
-1.4092042281284871,0.682917832930285,0,1
-1.235073315980228,0.993372062292362,0,1
-1.1567213788650768,0.8968245512906806,0,1
-0.8551287406935438,0.7821045986622363,0,1
-0.13422636666406076,0.6640366866138482,0,1
0.07344290794709751,0.6359897268760082,0,1
1.0541075632685188,0.6097091518190075,1,1
-0.06242931919846311,0.2811594534481937,0,1
-0.7374875075680457,0.19136502799815183,0,0
0.0455928793279204,0.26540414721271643,0,1
-0.41708335278674663,0.03966382040153518,0,1
-0.9957403121356081,-0.3040950922178669,0,0
-1.8372617679783272,-0.42778208760914893,0,0
-1.9526168216187245,-0.5558483771324014,0,0
-2.1806207109131406,-0.7203838218832884,0,0
-2.215732061918676,-1.006470152800223,0,0
-2.2167352891069316,-0.9169684358536052,0,0
-1.756136400642053,-0.8790056375098916,0,0
-1.554911852134474,-0.49811577840043403,0,0
-0.846235899389053,0.0036976402469246464,0,0
-0.48209221291510707,0.7293540744950842,0,1
-1.0287325612342684,0.9637356254690534,0,1
-1.286098928893664,1.156122602072218,0,1
-2.023925955626577,1.192931401530199,0,0
-1.9521326561692915,1.2042197668879693,0,0
-1.702327958934925,1.5243480844258872,0,0
-1.2602708529576978,1.635999042893354,0,0
-0.7149968312162579,1.6167902952866466,0,1
-0.7072867374838436,1.2023427717688775,0,0
0.27482332024444084,1.307314130237227,0,1
-0.19091120022305919,0.8621291720259853,0,0
-0.9987381384563415,0.5282044915193913,0,0
-1.0788328490072279,0.12672732802269554,0,0
-1.1268166033362192,-0.02687813450079329,0,0
-1.2044593830930097,-0.12783950388257487,0,0
-1.7606478275508133,-0.26476650270585095,0,0
-2.391884822620714,-0.38946555749660916,0,0
-2.416835886763793,-0.5320038024278356,0,0
-2.3614026117018883,-0.6571474550776119,0,0
-1.7480179517497496,-0.7009022401123516,0,0
-0.7976661094286518,-0.5311003707981289,0,0
0.4243107893198059,0.03283814312379686,0,1
0.06558508299984163,-0.16883849081827923,0,1
-0.6886434831696346,0.051550440278866606,0,0
-0.7250882206895477,0.30277814019420896,0,1
-0.9051412736238452,0.49240460459012925,0,1
-0.5972010563382395,0.6888933832360096,0,1
-0.8691932833394302,0.7177042985985793,0,1
-1.033132215900771,0.7278191740168359,0,1
-0.8020656027460863,0.6186982066952537,0,1
-0.7415166087704133,0.675798819857352,0,1
-0.13275127544289358,0.9725140989487923,0,1
0.5260652251961965,0.8464703781076973,0,1
0.8660298696665117,0.8632413496879154,1,1
0.3712712884409929,0.4968552356207117,0,1
-1.3267511536800616,0.09349397394306051,0,0
-1.3747205231964084,0.13468877607713456,0,0
-1.2126086327705214,0.07311059324987082,0,0
-1.6742424303974874,-0.03224920094585762,0,0
-2.185039322056715,-0.06398928435665686,0,0
-2.3417188177592188,-0.16199218175281513,0,0
-2.6091149536818254,-0.018680465770640347,0,0
-2.6458088919716154,-0.32051938506809097,0,0
-2.2653886426407976,-0.443756585064544,0,0
-1.6739305405486111,-0.3046598914068477,0,0
0.5046051940338326,0.2583290097101688,0,1
3.906216638489698,1.4668010173651282,1,1
0.6367358038686081,0.503997792657417,0,1
0.10155847433129848,0.9137070371091031,0,1
-0.5037960967142834,1.0711936111139504,0,1
0.279307899325719,1.5556874922726383,0,1
0.49519092511009927,1.724346819720598,0,1
-0.44539802340006823,1.5123546942009665,0,1
-0.034783152408459125,1.7368821504318455,0,1
-0.7225992370076424,1.5588980633567626,0,1
0.6257472204654304,1.8757167408479984,0,1
1.9056924358341563,1.6973494501219395,1,1
2.2621070217375245,1.633454650051403,1,1
0.8049016213546174,0.9503850523612631,1,1
0.026944853542171063,0.584838905407137,0,1
-1.2830976544972312,0.310901963736771,0,0
-0.7864756483853389,0.18029958207193114,0,0
-1.2085331183213894,0.04604823130329522,0,0
-1.8346162832485715,-0.11259471965378247,0,0
-2.0041014623531614,-0.2778348832976151,0,0
-2.2325030155616816,-0.2971136022614267,0,0
-2.237528435154308,-0.6044853651861798,0,0
-2.3169055310929783,-0.49385327577137944,0,0
-1.8260249359912175,-0.42781332221598023,0,0
0.7109569749152426,0.2800190326096192,1,1
3.7611066193451497,1.3488836687632817,1,1
2.2703362661007542,0.9585426914869967,1,1
0.32399224866488363,1.1631219660871475,0,1
-0.1884214879342458,1.2107969444317346,0,1
-0.3243350961072232,1.5295215282685524,0,1
-0.15019700785795342,1.7824744744479346,0,1
-0.27614249525769313,1.671438827680461,0,1
-0.08572122095133337,1.7449809350212724,0,1
0.26000000162686615,1.7446430570034273,0,1
1.0719432791947294,1.751059341033774,1,1
1.826623174090164,1.6275503070502657,1,1
1.4583307239387806,1.3403398367765613,1,1
1.3858208771462839,1.036096213474507,1,1
-0.3994814684699451,0.3395459798023343,0,1
-0.7014427880238556,0.19870369847838915,0,0
-0.2682491849300381,0.12314587035237849,0,1
-0.8206580045873337,-0.022197999244523474,0,0
-1.6198163007774933,-0.18007835732620794,0,0
-2.0733592788760835,-0.22751020021512156,0,0
-2.461172416663569,-0.07662399080414921,0,0
-2.6662371999526755,-0.07112405757087083,0,0
-2.4506534388270707,-0.3998353263512951,0,0
-1.4482487014796062,-0.4866864920996389,0,0
0.5857988117097395,0.23467306571744975,0,1
2.966154621001593,1.2278692788764267,1,1
0.5899158692122596,0.9600836394179113,0,1
-0.12382764627119827,1.1016793344736684,0,1
-0.18130989397431893,1.3960242206300864,0,1
-0.46516746548719,1.5523092445731959,0,1
-0.4383077009198826,1.7292173339560406,0,1
-0.3825438407040693,1.6207786931288555,0,1
0.5576474385418998,1.8932182086015603,0,1
0.05744285487446,1.7729278498582708,0,1
1.2649553389926538,2.003949960438195,1,1
1.9624375064449742,1.7268927262240927,1,1
2.08833603224137,1.4586280758942531,1,1
2.180591915322153,1.199020568641226,1,1
0.6000172711338673,0.6393297038729215,0,1
0.3732714553457715,0.4195887105725399,0,1
-0.09715711216485816,0.36186889315886905,0,1
-1.175501591751041,0.17062081111647662,0,0
-1.960146537560742,-0.003396571904849668,0,0
-2.2249226703043026,-0.09286625249699439,0,0
-2.1981816599136055,-0.5920258558037259,0,0
-2.2556094064767227,-0.5519149421766115,0,0
-2.2539510897435657,-0.570525853135103,0,0
-1.5816687454737386,-0.6261356191117232,0,0
1.9440317585642581,0.5063958967504485,1,1
2.3982254116868966,0.8798318760463704,1,1
1.3399189884530545,0.768832911012107,1,1
0.8602943450969132,1.258692485155115,1,1
-0.4164798070890124,1.2330997109917374,0,1
-0.5382227978350267,1.4547374249396456,0,1
-0.5708600276947615,1.7792917319255854,0,1
-0.6293223039197166,1.7448161579205494,0,1
-0.4097801301086627,1.8160822729483688,0,1
-0.18492786663938063,1.7749656758905092,0,1
-0.07943740754359274,1.4806595647467549,0,0
1.3859605097638497,1.5776595434208736,1,1
1.3187656128786565,1.3070803039043903,1,1
1.12811295135579,1.0174218359753198,1,1
0.2620957104997196,0.6310593589770428,0,1
0.2532038517235744,0.3996210429907615,0,1
0.5534689075460596,0.41559607577179625,0,1
1.0824521529981912,0.529919414284979,1,1
0.7498112716319233,0.26135590900779637,1,1
-0.7961010621171936,-0.11038467790771858,0,0
-1.5494705384999783,-0.2436498001395169,0,0
-1.946582730064306,-0.42905714294593944,0,0
-1.9532606399406232,-0.6198839792501896,0,0
-1.8055269826445999,-0.49614023498403226,0,0
-1.0243850548944022,-0.17925936994730948,0,0
-0.1515870148914722,0.4106771362187135,0,1
-0.21017158458733304,0.47963737720221117,0,1
-0.4786587108316497,0.8875095191025201,0,0
-0.6919086819190158,1.072625555357815,0,0
-0.2898490217041152,1.2781126288674713,0,1
-0.6904196360090807,1.4019707120922824,0,1
-1.3284613195864101,1.2589010133640677,0,0
-0.9041110299012215,1.4799109579860854,0,1
-0.534156013005202,1.544046591175257,0,1
0.2557152976825452,1.4031375361690257,0,1
0.10485997276414026,1.2997532417355124,0,1
0.062444987829101725,1.2488905219965907,0,1
-0.737968488240832,0.7286244774577445,0,0
-1.521570969200039,0.39394461277023807,0,0
-0.3496341952841095,0.6456400672917614,0,1
0.23696908809958653,0.7088784756119919,0,1
1.1780164169662026,0.9217159745641881,1,1
0.6634139794262744,0.6657128263020666,1,1
-0.7743213281617061,0.28048481977685713,0,0
-0.8103681110489469,0.2604983959409407,0,1
-1.7570338723064607,-0.12229065927672579,0,0
-2.450551835799684,-0.33621418706709594,0,0
-2.2087101846198864,-0.33786843699539876,0,0
-1.61030020375382,-0.14282676003660189,0,0
-1.787691788312145,0.06746508137949048,0,0
-1.8419821520671233,0.07542355592544701,0,0
-1.8485242855769677,0.45678970523331075,0,0
-2.007482140029856,0.8693989169723496,0,0
-1.6538546356438693,0.9184290284632797,0,0
-1.969813059624548,0.9606733719611076,0,0
-2.383990278317387,1.0238878458272815,0,0
-1.8761338743117733,0.8943110702564498,0,0
-1.4109300932167361,0.8378777294786595,0,0
-1.2328208905742963,0.8154618721503146,0,0
-1.1516710919901874,0.6672386705602888,0,0
-1.6875934084776163,0.8700035769126977,0,0
-1.8793661297273516,0.698131651255862,0,0
-1.5807423186964693,0.37261830355900155,0,0
-1.4878676175898509,0.24026959857379282,0,0
-1.569057268570835,-0.11226597838439767,0,0
-1.8140671876912644,-0.16283914444784625,0,0
-2.256397786071584,-0.45862474079041105,0,0
-2.707002646776234,-0.6945699569444358,0,0
-2.749143882304101,-0.7361150945267214,0,0
-2.7880092077743424,-0.66093192504962,0,0
-2.6552989017718263,-0.7142638477067605,0,0
-1.8487512425810626,-0.6293914739063431,0,0
-0.4868551813962881,-0.3303685621737521,0,0
-0.6683106050024779,-0.07264936664008535,0,0
-1.4494660036667941,-0.10228690774658573,0,0
-1.2255855275823964,-0.006782193589468373,0,0
-1.3496457579877075,0.03523928100255031,0,0
-1.2192432910897346,0.1671301324703235,0,1
-1.127321945301181,0.2742230543771939,0,1
-1.2292533381912745,0.3612807664100025,0,1
-1.2131417071942274,0.4731991492723769,0,1
-1.0005223006463175,0.4699502333913942,0,1
-0.27791518821081784,0.5700650483732442,0,1
0.009561741762668727,0.47586716189909123,0,1
-0.1131730893166197,0.23929600729787473,0,1
-1.0355719337375962,-0.21263724117863925,0,0
-1.593575998617384,-0.3638285003755965,0,0
-1.6377044072765448,-0.47958726021617093,0,0
-1.4119157454166569,-0.5882162450718532,0,0
-1.6163803549226583,-0.6045633377472706,0,0
-2.156363116926932,-0.7714208196913472,0,0
-2.6317911785017962,-0.5492514903897029,0,0
-2.5512018012334834,-1.0569749819602188,0,0
-2.5941842471213223,-0.9805010097139222,0,0
-2.2252691517357173,-1.3059361289617466,0,0
-2.2421869936485104,-1.0178210788109592,0,0
-1.028327630654412,-0.556575431278812,0,0
0.8579091193920184,0.2064349001334567,1,1
-0.11248434321804246,0.17936492595281014,0,1
0.46308005145476583,0.6433169568577025,0,1
1.3833786815443987,1.0965086883419708,1,1
-0.09025285637804926,1.0091878098668432,0,1
0.19693559743242117,1.3206837904685371,0,1
0.5609958776436776,1.5369604852443517,0,1
0.2286410108150826,1.3215752053012437,0,1
0.22288913845444558,1.3044411049634552,0,1
0.4630966870064307,1.4428170088717565,0,1
1.1106991135511257,1.588200281058445,1,1
1.2118358176120378,1.5834301377184221,1,1
1.3129725216729504,1.578659994378399,1,1
1.414109225733863,1.5738898510383754,1,1
1.515245929794775,1.5691197076983523,1,1
1.6163826338556877,1.5643495643583294,1,1
1.7175193379165992,1.5595794210183056,1,1
1.818656041977512,1.5548092776782827,1,1
1.9197927460384245,1.5500391343382596,1,1
2.0209294500993367,1.5452689909982364,1,1
2.1220661541602492,1.5404988476582129,1,1
2.2232028582211623,1.5357287043181898,1,1
2.324339562282074,1.5309585609781664,1,1
2.4254762663429856,1.5261884176381428,1,1
2.5266129704038978,1.5214182742981197,1,1
2.627749674464811,1.5166481309580966,1,1
0.3328339281024869,1.0128952756077652,0,1
-0.005619585530100035,1.2458340860556345,0,1
-0.4193899151053201,1.2683643399297801,0,1
-0.3454412834053787,1.5325137636996882,0,1
-0.5442389046993982,1.3936324192092235,0,1
-0.5763182042305766,1.3585669389978714,0,1
-0.809214866710153,1.2505390659404798,0,1
-0.29012896273049743,1.5399674775885677,0,1
0.02969835765906561,1.4882413508156243,0,1
0.07293766093441562,1.2652525892778521,0,1
-0.053516285617924354,1.0522527952062466,0,1
-0.460006086747862,0.5501827078879375,0,1
-0.5696264490332819,0.3193960524717995,0,1
-0.4082002958745436,0.3481080388295359,0,1
-0.6223037662879551,0.09484337250776068,0,0
-0.772975563730788,-0.17765561617353018,0,0
-0.9523420462075985,-0.29582100916141435,0,0
-1.036617857964493,-0.283027278122792,0,0
-1.0317793408727036,-0.42394191818982946,0,0
-0.8483574695326063,-0.6875081290050966,0,0
-0.7063603224926129,-0.5226208696230892,0,0
0.4066010075876279,0.3055449590601521,0,1
0.9635494076067207,0.9432085915355756,1,1
0.30721471126630456,0.9259926404007776,0,1
-0.7090586172012503,0.8021938656090802,0,1
-0.7410239276294337,0.7839014320941385,0,1
-0.5633391919128472,1.0258169595473754,0,1
-0.5166703594911026,1.0190691551855449,0,1
-0.6698024883617382,1.1866591246733997,0,1
-0.569539420434136,1.364596825520859,0,1
-0.6002985828230984,1.3375842363479864,0,1
-0.036360347164684094,1.5897314804769926,0,1
0.28990718686087674,1.4955149306268292,0,1
0.03028799163207209,1.2315223763130538,0,1
-0.1790681915163545,0.8071876995311489,0,1
-0.31376974933890517,0.42135194919911634,0,1
-0.4811280343459095,0.21813158615127717,0,0
-0.500324977412758,0.05730380192020683,0,0
-0.6090480477995204,0.006263044179828249,0,0
-0.6782664170961994,-0.27256637924023114,0,0
-0.6445057413517518,-0.428044482872954,0,0
-0.7848918116414425,-0.5374684169712586,0,0
-0.8152093385859245,-0.759732593068487,0,0
-0.779364485302621,-0.6958051842726162,0,0
-0.4669102350789312,-0.5970290912042018,0,0
0.18653334538269886,0.02178297539203382,0,1
0.35759261224260314,0.4509663585164574,0,1
0.11130048064123453,0.7028481167832872,0,1
-0.5504843995235874,0.7711198792172459,0,0
-0.5629242359834223,0.9889242414426483,0,1
-0.3009781442886353,1.3502486584008175,0,1
-0.4445897063655875,1.311599552594217,0,1
-0.35539592128695896,1.3739330330001684,0,1
-0.4140397908131099,1.2672158390164632,0,1
-0.3917451552546067,1.1652190983129853,0,1
-0.3085222425404942,0.9352083744481215,0,0
-0.03424152506868247,0.7133556606011683,0,1
-0.5279012773023473,0.6633756344048697,0,0
-0.2931011544494757,0.3009991317622216,0,1
-1.108348956725215,0.09996828710451908,0,0
-1.146459088014964,0.08064771270751121,0,0
-0.3036562348290287,0.2795979562185244,0,1
-0.36785306216849384,0.10696501723602518,0,1
-1.0318998420155172,-0.12311832947323745,0,0
-1.5603131520112998,-0.2645378619892147,0,0
-1.9351192678201183,-0.34759229610880277,0,0
-2.062847996012638,-0.3294314501703717,0,0
-2.636695607670807,-0.38734195988684056,0,0
-2.4066027457147334,-0.3981849553327649,0,0
-1.6745842484808244,-0.2984096085191947,0,0
-1.6966216936461684,-0.2178037649665254,0,0
-1.8402048860357578,-0.18365614932620183,0,0
-1.8096057574631588,0.058954417626159814,0,0
-1.7466339232154748,0.13021529860876063,0,0
-1.5368499335413426,0.2604385439627078,0,0
-1.8390579953036055,0.31858489386629696,0,0
-2.071874263941864,0.270550483480326,0,0
-1.973732933523355,0.28163339138163457,0,0
-1.7345529770486932,0.40659243322103983,0,0
-1.6588786917202072,0.34385902505147353,0,0
-1.4838444600704561,0.2636944510436709,0,0
-1.1932525073906988,0.21885734221839936,0,0
-0.7879156460100342,0.11428739227420436,0,0
-1.0815580344736448,-0.01668157164270168,0,0
-0.9443362580110117,0.03421058940350328,0,0
0.18642512462788305,0.268955903779527,0,1
0.3525613528860029,0.18249724380249213,0,1
-0.6111832690626678,-0.14865839527944513,0,0
-1.600405910312297,-0.06860496734450171,0,0
-1.83076300196819,-0.2843361247356139,0,0
-2.0454100328471774,-0.41613958422654174,0,0
-2.4475780855867573,-0.4419822303680598,0,0
-2.3609753449923008,-0.4511074448896749,0,0
-2.1012881585265246,-0.26315424485210326,0,0
-2.0546183853923226,-0.11376582479306756,0,0
-2.157541584774243,0.11187618888382332,0,0
-2.0786708106150784,0.5412963828959656,0,0
-2.1483172245324926,0.747034021959676,0,0
-2.1960219587309067,0.8806362637779558,0,0
-2.6024412283652842,0.8593289632469304,0,0
-2.528176264631774,0.9128254611240215,0,0
-2.4293971654458946,1.1463494800739544,0,0
-1.7579441933300621,1.0505714219359825,0,0
-1.8151204900093778,1.1481639525836298,0,0
-1.3655550925231568,1.0436519704601024,0,1
-1.1434621609867557,0.9651811243054609,0,1
-0.7012563817237,0.7172847994822309,0,1
-0.43849150672406906,0.5519595084194721,0,1
-0.7522308138297042,0.34837754870065485,0,0
-1.943536010905232,0.1787420333554699,0,0
-2.5225493777860772,0.10762450869265987,0,0
-2.224531727917576,-0.010210599197040426,0,0
-2.8298327624463346,-0.03911090460492783,0,0
-2.699077847248295,-0.19336102181555526,0,0
-2.543263935333792,-0.24193396941339812,0,0
-2.0864886045330846,-0.5797938830221327,0,0
-1.7001353175791107,-0.404078170977045,0,0
-0.3921425855772581,0.04550092633508872,0,1
1.4951865777406865,0.7353883990771025,1,1
0.5576065265451186,0.5907639101351934,0,1
-0.17747898802737197,1.0906682809306534,0,1
-0.4114449622863279,1.3527320008544184,0,1
-0.47059442231294796,1.4958852063288959,0,1
-0.42712045047777913,1.7021446641495732,0,1
-0.4833691671023471,1.663283683549457,0,1
-0.739731173115681,1.536432002917676,0,1
-0.0074432927372701805,1.4807882677618196,0,1
1.2958685665667145,1.611436410222372,1,1
1.746421311760504,1.7001194584140464,1,1
0.21136201470042656,1.1886814090576225,0,1
-0.929469238190197,0.5541372888412133,0,0
-1.5312845841053404,0.22409764337134958,0,0
-1.9339808556533857,-0.12940688211689408,0,0
-1.7798439172906635,-0.03395174030973654,0,0
-2.202828639894041,0.037979039012676706,0,0
-2.652267301699457,0.163434365751846,0,0
-2.649064136356779,-0.15095009804386839,0,0
-2.7117551760257173,-0.3245731346673383,0,0
-2.7062431238061393,-0.4601569290471063,0,0
-2.426370477979652,-0.3992493058804762,0,0
-1.7168793935322189,-0.2166507423810276,0,0
-0.40418580814969585,-0.015513788676169376,0,0
0.6687935960054732,0.38607810899689454,1,1
0.2351245009855491,0.4115116467408646,0,1
-0.35528054844812984,0.457331861486384,0,0
-0.4779867935156203,0.5914463383416668,0,0
-0.18176680573861234,0.9796459261203473,0,1
-0.02697085621024264,1.3194149892772011,0,0
-0.7972369720454334,1.404321553176468,0,0
-0.817040477101456,1.2077311294996673,0,0
0.09234806318332169,1.481421944606672,0,0
1.0404901298012945,1.5923486082129958,1,1
0.6594339428722077,1.4591006757432894,1,1
1.8643779059853254,1.716840402319593,1,1
0.773844932618023,1.2325245599536048,1,1
-0.30887148464119585,0.8884187525125935,0,1
-0.7902093304729412,0.6726037704385324,0,0
-0.35220016043625224,0.6785283822242488,0,1
-1.5144691629487248,0.3450631763518525,0,0
-1.7635446302662494,0.3638607500058983,0,0
-2.0763171906069195,0.1605463503676651,0,0
-2.0866411112470296,0.09010095759869349,0,0
-2.26033823060034,0.08276242076528356,0,0
-2.4285547686432465,0.251693877008266,0,0
-2.3912402622549953,0.23736326922132098,0,0
-2.1382659418044083,0.24326795536206108,0,0
-1.8004596809330193,0.5083669505559543,0,0
-1.5627489874399734,0.7647726644676148,0,0
-1.5816983940653764,1.075731042143849,0,0
-1.4641436376664598,1.132067471637166,0,0
-1.7510848443082807,1.5416602324337718,0,0
-2.228158932677237,1.5745556724429142,0,0
-2.284061293735277,1.7372319902038074,0,0
-2.06618207641731,1.966535490352621,0,0
-1.7756483914823675,1.968812286162328,0,0
-1.8064501505873698,1.63809534104612,0,0
-1.4937690356207882,1.5838719374748573,0,0
-0.6637127872821734,1.5587439579724742,0,0
-0.7425453869691154,1.193521907179836,0,0
-1.1184324197280107,0.8637030558740746,0,0
-1.364257227828613,0.799166351589591,0,0
-1.6937115866042247,0.7309853579356831,0,0
-1.5368118125632972,0.5907793598766521,0,0
-1.5824725858318232,0.5516864694948473,0,0
-1.896392774781537,0.26896016484426827,0,0
-2.131453313886203,-0.09529184325339958,0,0
-2.1896621243962615,0.02701093661444746,0,0
-1.5968139596618325,-0.1539769713517857,0,0
-0.6917113753264963,0.03400881034494719,0,0
0.06422387828843572,0.6008459500757102,0,1
0.23981883100165102,0.7377000546712948,0,1
0.4128387544988848,1.0686559395594226,0,1
-0.3699210265523759,1.508641023750083,0,1
-0.6230646677299049,1.2891470072708946,0,0
-0.595137681942458,1.1610531792186007,0,0
-0.5486207580266744,1.2788879351113016,0,0
-0.7934500319171226,1.3286357134201874,0,1
-0.7182456189428155,1.2973246603350295,0,1
-0.6380993159421505,1.32517439494198,0,1
-0.30593557436956786,1.5974727289095811,0,1
-0.40315792109626597,1.3575113178847262,0,1
-0.0757418558459159,1.2926254745284966,0,1
-0.37648886332450604,1.0221687648273579,0,0
-0.7889464561570355,0.7339431313941774,0,0
-0.7717437609997104,0.5899221828525681,0,0
-0.7561613988739551,0.45508611232368046,0,0
-0.7091310413606166,0.4289510989919154,0,0
-0.8987209639155851,0.4158815349873482,0,0
-0.9778313892347404,0.37906917391491257,0,0
-0.8953137613309279,0.2929065069363047,0,0
-0.934809738202207,0.07713084216230633,0,0
-1.1502297184800028,-0.03501902045812935,0,0
-1.021104274008591,0.0666631243074935,0,0
-0.21672105211232406,0.789453556600849,0,1
-0.6688674621392511,0.6466545079033671,0,0
-0.9353963241911133,0.610875784665398,0,0
-0.9867018456745887,0.806609596613142,0,0
-0.9384726473079266,1.0063704963847722,0,0
-0.797955823472061,1.2179371124931322,0,0
-0.7098529333776604,1.3236540086896926,0,0
-0.9011911092374795,1.2288723606470922,0,0
-0.7596097139235376,1.1952540418050372,0,0
-0.5806724748921748,1.3711680817856724,0,0
-0.09881043749307186,1.8007735246466523,0,0
-0.17072290421857977,1.5566515914123507,0,0
-0.029699122471638913,1.5311348372533982,0,0
-0.5487705972190758,1.163563781387436,0,0
-1.1458825454867934,0.7945136403444896,0,0
-1.0605763351104016,0.7289610533242263,0,0
-0.5510867639488407,0.8670322193238604,0,1
-0.6412827654976196,0.7771466401681396,0,1
-1.3945434658511948,0.41434261535808614,0,0
-1.2691446686903511,0.35236178981478783,0,0
-1.534595293101143,0.24276682529291424,0,0
-1.909998158831069,0.07123026787828397,0,0
-1.7458403209082478,0.02714005418984219,0,0
-0.9979923250973392,0.21673898027216507,0,0
-0.7817736583284024,0.23347310763869975,0,0
-0.716833214934952,0.4088216864804527,0,0
-1.025723487671624,0.6378504217698924,0,0
-1.6263188204872585,0.7306214975047145,0,0
-1.8389892322339292,0.984196715530413,0,0
-1.456571970356617,1.5835578921271083,0,0
-1.3834539085991426,1.4947235539444796,0,0
-1.8320103545604867,1.3674152910606017,0,0
-1.4448484043446654,1.2958749095474171,0,0
-0.8175930309367954,1.5516543094820991,0,0
-1.0332228187150738,1.7407889520794115,0,0
-0.22680189132201367,1.6037779494736317,0,1
0.01727119451686846,1.5505142312629467,0,1
-0.7548831208098838,0.7796318656576302,0,0
-2.4681098515551256,0.6823493424349709,0,0
-2.108007426516448,0.6121819880159574,0,0
-1.299469900497614,0.6473774762862673,0,0
-1.8027960942403651,0.5560166375175402,0,0
-2.4959433708206786,0.4190718576074438,0,0
-1.6307484748854475,-0.03591834763929835,0,0
-1.585631093653363,-0.004786427716193288,0,0
-1.6955253626613047,-0.18015660180591375,0,0
-2.3937976994021977,-0.3906422665189587,0,0
-2.1291673426186626,-0.3294998118318096,0,0
-1.6813369060341603,-0.035403781619546805,0,0
-1.5019989213453668,0.3017183704397945,0,0
-2.10823088516445,0.26499677029791785,0,0
-1.9251394882340152,0.46151787992108456,0,0
-2.1231164397867293,0.6763567166638906,0,0
-2.166396754989592,0.8313593066218198,0,0
-2.3592038565710696,0.6536482017846952,0,0
-2.397077273239892,0.8228029869853741,0,0
-2.028629659669744,0.5116862341029894,0,0
-1.954106244704874,0.8126396394765295,0,0
-1.7618245017543461,0.8866556797420581,0,0
-1.515774449034394,0.6504779666387516,0,0
-1.1681199048324504,0.6076374848153463,0,0
-0.8857273470053643,0.48732002660896084,0,0
-1.0565782821268224,0.3662156054052716,0,0
-0.7998557688043466,0.29492711028082713,0,0
-0.7048276991065361,0.2116682823188344,0,0
-0.989589433326774,0.045636173147515446,0,0
-1.8435621926156862,-0.14575594723859422,0,0
-2.387686876710885,-0.2958313886778926,0,0
-2.49982496422146,-0.1978919006462084,0,0
-2.44827901835781,-0.3905216101945808,0,0
-2.296070088732909,-0.24470260079407052,0,0
-0.7876625948184584,-0.10592142497693642,0,0
0.18985842745219994,0.5657823003444158,0,1
1.8133983988438622,1.2751696262323917,1,1
0.7050900329243749,1.0221668415544045,1,1
0.6454681665088015,1.6896235358972846,1,1
0.1532929823009639,1.8630420139608428,0,0
-0.2118609180410615,1.667353916032604,0,0
0.055227954905468675,2.190523412514005,0,0
0.25334526183105693,2.1543522229173546,0,0
0.4030400570142784,2.423444941697618,0,0
-0.04251162948892842,2.126723943516803,0,0
0.812429735546544,2.2339507996161405,1,1
0.41171188180225443,1.9378122209479312,0,1
2.3488526044452076,2.4628256578410865,1,1
0.0821045702955176,1.470975715279555,0,1
-0.41925542941525756,1.0417851388744503,0,0
-0.7801152581485642,0.7962272013327255,0,0
-0.8000251231862514,0.6435989655337606,0,0
-1.2013479438198182,0.4854165585331496,0,0
-2.042219063513888,0.3011092791495226,0,0
-2.374319414377113,0.17160321604490839,0,0
-2.5394579060497313,0.20225476207335596,0,0
-2.667969099841225,0.21123148417763593,0,0
-2.3336951457928112,0.04388098289964257,0,0
-1.0769593289687078,0.06594589822412193,0,0
1.0164938618332253,0.744501658534537,1,1
3.329152517232812,1.873783185246249,1,1
3.1164135382837963,1.6636974865391616,1,1
1.6354894475058284,1.7941354968432268,1,1
0.7815199740813907,2.104589416962242,1,1
0.13443413260356243,2.342451565638785,0,0
-0.15546170947566657,2.4195618451601475,0,0
0.15635464450466868,2.6044280393054455,0,0
0.30130964181161973,2.5374631078812806,0,0
0.2549529648562661,2.3865972122169232,0,0
1.4453815888613017,2.800824312235707,1,1
1.6221170637491187,2.524185643105468,1,1
2.1877257140576174,2.3563965324262663,1,1
1.3639855555400906,1.9902534278076933,1,1
0.3282192698231495,1.5074507584633519,0,1
-0.8530884794132769,1.1630169172629756,0,0
-1.520362451973637,1.0030143063314527,0,0
-1.0247368671447699,0.9441289934966951,0,0
-1.7689033523799753,0.6825113796845181,0,0
-1.8727371402130235,0.5971490515481221,0,0
-2.1762038850127587,0.4287365166093199,0,0
-2.227520529528275,0.24535564574490298,0,0
-2.0420607016717724,0.1748027213064786,0,0
-1.4122055648467644,0.372190527427331,0,0
1.1714857360699114,1.2032133812999108,1,1
3.779860344803915,2.181465273302531,1,1
1.0054507866360396,1.3845067416530492,1,1
1.3554011889785118,2.1250129111736813,1,1
0.7481488048838818,2.5742423879336607,1,1
0.868822502181191,2.9009271148955706,1,1
0.7874689368014155,2.9647511836016385,1,1
-0.0101672818081194,2.786977994330645,0,0
-0.713594622593326,2.68517487760257,0,0
-0.4453846762214658,2.54391833471625,0,0
1.6759265403095556,3.011800420623933,1,1
2.949955867888095,3.3611414119722207,1,1
2.659919876464433,2.841899358959071,1,1
1.1799257807811456,2.2016209021723006,1,1
0.29632138570599925,1.7651950165578525,0,1
-0.533479750208602,1.3476330751772687,0,0
-1.1468605639928935,1.0821592022414313,0,0
-1.6986792239219124,0.8751341672831978,0,0
-2.205830873791811,0.7952462158613481,0,0
-1.7168116086131695,0.5587839117991893,0,0
-2.0516634607791846,0.26699799767804583,0,0
-2.1288309238427385,0.17282382648772984,0,0
-1.5544445651527727,0.11205636319717949,0,0
-1.1660166219266155,0.3209106087854828,0,0
0.6506924109400667,1.1186779084751137,1,1
2.4944398290844316,1.919907801753137,1,1
2.2453233690066536,1.9183819767007866,1,1
0.9133758291296329,2.082813380759566,1,1
0.03762075998642451,2.288755292227221,0,1
0.409201568659217,2.663609268841197,0,0
-0.11329543594936257,2.9222251342568404,0,0
0.31951800240572076,3.0175830612725143,0,0
-0.12470945690041338,2.905934870119471,0,0
-0.04877325474901791,2.9457064887388476,0,0
1.4555678295097858,3.0639230922286482,1,1
2.796278178532239,2.9620066649696017,1,1
3.078286737353452,2.673308619916971,1,1
2.486833568851353,2.3346859157114492,1,1
-0.10930608589308903,1.3966283274253497,0,1
0.08932582149829678,1.337844411613685,0,1
0.26489857265001143,1.2044794080896182,0,1
-0.8486899734740164,0.9802394112896312,0,0
-1.3444746591448782,0.7763066997881882,0,0
-2.0723470753427025,0.6881622560525156,0,0
-2.2031992279139776,0.4019097342548689,0,0
-2.284650491892105,0.2887614303317972,0,0
-1.7711006958898046,-0.07206126912379424,0,0
-1.4454074104734889,0.1629837452388256,0,0
2.1861190835479563,1.1006009054272656,1,1
2.4983542460132147,1.5908738896830206,1,1
1.7619249724639674,1.5682147285335248,1,1
0.4779123423725068,1.7071186518813923,0,0
-0.3088860569439659,2.07617650347604,0,0
-0.47206643404042825,2.3116683203170676,0,0
-0.5185538348921545,2.453069490839467,0,0
-0.588467655410649,2.3287965045634866,0,0
-0.4432455839008089,2.2411753525921068,0,0
-0.41752829357960736,2.0702185573068648,0,0
0.412125875572305,2.0316302116265703,0,1
1.051715953104867,2.0244375174440643,1,1
1.3544107557917504,1.8081067639623412,1,1
1.3527329455061592,1.585133861641528,1,1
0.7619183036369542,1.2290884934148725,1,1
0.4184528305952954,0.9886823627731538,0,1
-1.054161523256025,0.6308853335666547,0,0
-1.028074455734184,0.5939497556690015,0,0
-1.658115902971181,0.5280327997101597,0,0
-2.1386569073190125,0.5237393111066273,0,0
-2.17404828895642,0.2850012330933285,0,0
-2.044921918876605,0.09454350597250145,0,0
-1.4333149825739853,-0.09475058954675808,0,0
-1.7929233016910417,0.06495711845889598,0,0
-1.8692538307379676,0.22684925117416235,0,0
-1.0338186633135176,0.38856005569695806,0,0
-0.41579251027254754,0.9409494544072037,0,0
-0.20869276116792887,1.368573590197625,0,1
-0.7649403136313988,1.8583923098027946,0,1
-0.813359429144375,1.8290090777612675,0,1
-1.1008864833428202,2.1616949111688144,0,0
-1.7379045885247868,2.1694410842200806,0,0
-1.560953120297929,2.3473026740688567,0,0
-1.3558710390468958,2.3123759044455485,0,0
-1.560883904543839,2.171581529484065,0,0
-1.8901035151321033,1.8732193833236255,0,0
-1.9433948941244334,1.5599673665250857,0,0
-1.8164161560886045,1.2732930951075847,0,0
-0.8555508913183023,1.3688654774084557,0,0
-0.20020043241520433,1.3484103172225177,0,0
-0.02368838193712767,1.3102967533317165,0,0
-0.7855879735819475,1.1944639493284972,0,0
-1.9370632204202334,1.1052789745290936,0,0
-2.479338813757517,1.118425697467207,0,0
-2.3816919380171386,0.8800816491276322,0,0
-2.463591913698528,0.8382450239960076,0,0
-2.6041262711178983,0.6430119030712642,0,0
-2.5447286903016524,0.2612184598359258,0,0
-2.5612078236047995,0.2126601720450289,0,0
-2.468631218745484,0.03465967919247691,0,0
-2.2645632235205757,0.026186097153583304,0,0
-2.093818294061772,0.21283827587495463,0,0
-1.8801068500452869,0.14696761785334866,0,0
-1.9873040945383593,0.4420046175481191,0,0
-2.250747487351794,0.3718854872929124,0,0
-2.4505537923455307,0.39906235705322574,0,0
-2.242161622355221,0.2964711205083922,0,0
-2.0612035167835514,0.2826601370728391,0,0
-1.99038802823054,0.25744810565428333,0,0
-1.7729067144142385,0.09729530443555993,0,0
-1.6941512345871987,0.04376242014861702,0,0
-1.6073440529126966,0.04832001649534456,0,0
-1.7387876231655581,0.034311656606077746,0,0
-2.1114703623701447,-0.04715279993196684,0,0
-2.01881159810083,-0.06216987109692916,0,0
-2.245582030900411,-0.0978446058504439,0,0
-2.563795901910137,-0.07987528218026375,0,0
-2.834489710076404,-0.113264755733792,0,0
-2.8239601893978334,-0.1837320556738367,0,0
-2.8145985009785393,-0.15326276181800189,0,0
-2.671834254092603,-0.14478094035967934,0,0
-1.9181693273692833,0.09413751930297184,0,0
-0.9367987619075445,0.330147217837994,0,0
-0.6548114529040248,0.46679829845483417,0,0
-1.151058461748665,0.4996661466435169,0,0
-1.1438707733314122,0.87615930656583,0,0
-1.5036470475989843,0.7217576284947689,0,0
-1.5784941197516318,0.923887636261938,0,0
-1.5746265893772868,0.9494259170829147,0,0
-1.8965126665628247,0.8645606923515041,0,0
-1.5275974593254888,0.7890563498953099,0,0
-1.142057328181829,0.7406966453108637,0,0
-0.2136619139985287,1.0713736492534933,0,0
-0.336178700889323,0.8485079014881085,0,0
-1.199940932694046,0.5510362112047366,0,0
-1.4113201531842312,0.4354651191232394,0,0
-1.7786855114205293,0.38168746030508355,0,0
-1.6189207945392798,0.42631186304622665,0,0
-1.5788151047287424,0.41228435491762483,0,0
-1.4853735297103439,0.3661181324199634,0,0
-2.2756191398361,0.30503967690183265,0,0
-2.544916629721711,0.12527013399648795,0,0
-2.580014559570146,0.12609993799926722,0,0
-2.4869569176813218,0.14704240416179698,0,0
-2.2194788514938426,0.173773308822214,0,0
-1.4189121843889951,0.21106738081981108,0,0
1.8863335633289027,1.1940399315548595,1,1
1.6012885669989576,1.5160962486976002,1,1
-0.2989234681269632,1.0985488662272684,0,0
-0.27749024814757817,1.4904411750039965,0,1
0.23652970639776763,1.8658525342037147,0,1
0.23172451367612382,2.132090645818359,0,0
-0.2075508000807526,2.089946316694826,0,0
-0.4978889227080101,2.1774889847485563,0,0
0.42191273769086585,2.1551168920632975,0,0
0.4110809511353594,2.3100572302209406,0,0
0.7597355264608925,2.2296422184743996,1,1
0.6790922706162655,2.0330454774142703,1,1
1.3508753269943816,1.9357055285497622,1,1
0.3873166049521279,1.5046908122470646,0,1
-0.38925147254621634,1.1739007577407243,0,0
-0.6326765389022272,0.9046101643940356,0,0
-0.36120399860978897,0.8003844230259808,0,0
-0.6381699393062611,0.7512483362773447,0,0
-1.3063574533251017,0.4931628723861773,0,0
-2.0894506430275417,0.43966630358587194,0,0
-2.2789363740218924,0.297275939861291,0,0
-2.360400616155099,0.2031398368831677,0,0
-2.4843104213476797,0.3393020999856408,0,0
-1.6278015720255248,0.3869373790831149,0,0
0.33327871544493926,1.0458828314417228,0,1
2.649588342148824,1.8244940023682752,1,1
0.7051248107730745,1.2655681946959876,1,1
-0.10936265301733726,1.4978547068936627,0,0
-1.0905926987546377,1.4752899568083606,0,0
-1.0807187214543867,1.6858177837442794,0,0
-0.2469611135459662,2.1390654817613552,0,0
-0.3473778177696317,2.085331587538155,0,0
-0.5107299777471102,2.1566242136818117,0,0
-0.3710734664659545,2.1325377552289178,0,0
-0.2798785062139908,2.140889365485215,0,0
-0.40164766366021176,1.8507408588139462,0,0
0.667552994445117,1.821767625891897,1,1
0.9587955906809364,1.551150027743387,1,1
0.0508356936048126,1.0807695284346606,0,1
-0.04313316376381213,1.0017308993401242,0,1
-0.22941082200837315,0.8976622032610267,0,1
-0.20711459343795102,0.8226152057620674,0,1
-0.5862042785238536,0.5292674811627477,0,0
-1.7427917469187648,0.2708160611338724,0,0
-1.9043846366984964,0.04601189534535074,0,0
-2.1233308563972413,-0.0694646774525628,0,0
-2.266357557871009,0.13849537258574604,0,0
-1.0068246015848301,0.06556133596038902,0,0
1.2171677056423604,1.0434401736754773,1,1
2.253668637067388,1.5219259012374258,1,1
1.6979130328165608,1.635918622319802,1,1
-0.33250854134708646,1.4492253799036838,0,0
-0.58237703601273,1.2938308403614511,0,0
-0.6463865781254665,1.399382534732236,0,0
-0.7838288762452006,1.6143870541970053,0,0
-0.7855280582393407,1.8036527731971093,0,0
-0.7506284941125508,1.8375779795491505,0,0
-0.8522511607144252,1.7906260264878735,0,0
0.24691328578774366,2.1590480809658685,0,1
0.9211311715901838,2.2925938004972446,1,1
0.566047738384082,1.9260049795355165,0,1
0.2723594484281564,1.6214367470778552,0,1
-0.9328100836398241,1.1431752134489672,0,0
-0.9645122453913786,1.1070916206827617,0,0
0.26248900114835605,1.3388224627539693,0,1
-0.5931029688363697,1.0167381511628037,0,0
-1.5473136506735097,0.7461023911386715,0,0
-2.392291697614045,0.714766842170658,0,0
-2.5001941852595877,0.4413613320320697,0,0
-2.6608226582426777,0.48886442643610034,0,0
-2.4939293234897524,0.3828266534608405,0,0
-1.7409185970766536,0.28837085483235614,0,0
-0.145510928564889,0.6945583388731867,0,1
1.973991049911053,1.6884195008825629,1,1
1.5991628157053175,1.6163399907565543,1,1
0.41877011781631934,1.8415249741870414,0,1
0.34443044180918,2.342941019425781,0,1
-0.035284282286878986,2.4434545883122656,0,1
-0.6053875198093684,2.504584339949748,0,0
-0.3699339237808424,2.6717560059186822,0,0
-0.39310878349837036,2.6500053987403676,0,0
0.13491364239436057,2.6841987235668854,0,0
1.1213761530030577,2.6449121035773913,1,1
0.7763678240531487,2.1980628868465772,1,1
1.5745509793484587,2.125084819737277,1,1
0.6783200352188266,1.8308491821798454,1,1
-1.0474867150644334,1.2706557396259535,0,0
-0.8495061063602096,1.2335384427769431,0,0
-0.2777154500929089,1.321708121817854,0,0
-0.9601973653629652,1.112317119562423,0,0
-1.539480052098105,0.7662468864209869,0,0
-2.0610555648024556,0.7281221779297896,0,0
-2.1410596164203497,0.5734081096542687,0,0
-2.1171923098914864,0.34970986287428923,0,0
-2.189376828789531,0.3655967450921923,0,0
-2.1214227631880824,0.5142520706740897,0,0
-1.6776321259309506,0.7257958004824077,0,0
-1.0868873968314272,1.023696392565581,0,0
-0.8815458745810905,1.3833776416302206,0,0
-0.9924657633050635,1.6580191657462244,0,0
-0.9023035774783711,1.9380319538141078,0,0
-1.1959635169270288,2.323433258546561,0,0
-1.2633425266350609,2.39207626016769,0,0
-1.5737337597847718,2.328353678471748,0,0
-1.6443804287471249,2.2742344064256077,0,0
-1.6627819421819683,2.195324834309663,0,0
-1.7406196016579456,2.125998130257766,0,0
-1.7885810940810554,2.084596517390114,0,0
-1.3252034787374039,2.0247497746858976,0,0
-1.108761418094735,1.9400922903261228,0,0
-1.5222801596435303,1.8928132385738654,0,0
-1.0941105051329956,1.8060262845325898,0,0
-0.5520841642558408,1.7664915246429402,0,0
-0.587232852004122,1.691233892139986,0,0
-1.674719946166934,1.6227608844423456,0,0
-1.8196859375127967,1.5482744831630317,0,0
-1.680486321321198,1.5246536231823902,0,0
-1.7566228780961004,1.4388027057671662,0,0
-1.8576469094264485,1.3572232092510703,0,0
-1.8270252667230926,1.2704680954083036,0,0
-1.9830856492998559,1.2142875555641777,0,0
-1.764533794266248,1.1455899497001996,0,0
-1.6882208091821171,1.0999089558837922,0,0
-1.7405820963999452,1.0426912544082196,0,0
-1.8982510780525201,0.970085969354007,0,0
-1.9015892091321482,0.9050227261516118,0,0
-2.341336115911784,0.8463319718944663,0,0
-2.324279070855947,0.7941301777584353,0,0
-2.058312658759952,0.7011622849575487,0,0
-1.7388529040863139,0.6320361740642888,0,0
-1.4427597272798864,0.566760939090502,0,0
-0.5098095793870118,0.5771875240719812,0,0
-0.790750647916572,0.5079318865379457,0,0
-1.3604200140482992,0.38907234264420254,0,0
-1.461444045378647,0.30749284612810623,0,0
-1.036109810548096,0.3189549358888791,0,0
-0.0712835155795297,0.4052413939606012,0,0
-0.6447416668227318,0.23812599133444654,0,0
-1.2135888483370432,0.13444038239579642,0,0
-2.4228407908670855,0.006153158938635182,0,0
-2.6064873400929374,-0.07809626197761087,0,0
-2.6824658028355395,-0.13123065417656551,0,0
-2.1810311201769825,-0.18295185176918194,0,0
-1.3034936165932742,0.08756212921501354,0,0
0.15120917016330268,0.7868587421644762,0,1
1.2377944459375125,1.3749459399892778,1,1
0.12867086828190374,1.0771258991490862,0,1
-0.5407296252276935,1.1524414429604952,0,1
-0.934904286720189,1.1761944518438587,0,1
-0.9357905998832137,1.206653205636025,0,1
-1.49211729005278,1.1720214376210927,0,1
-1.214033542734849,1.1631545748021566,0,1
-0.849156645600784,1.3724793306630128,0,1
-0.8906388228122545,1.2754295126410107,0,1
-0.14918774976387777,1.3899340699610865,0,1
0.7091960218071556,1.4067144884577139,1,1
0.6642514634040486,1.2412913895136202,0,1
0.2577369120303044,1.068196171745618,0,1
-0.34067734430476515,0.8123287462061185,0,0
-0.8475202789396823,0.5678297830626015,0,0
-1.2667359772359559,0.369420319454362,0,0
-1.4048048238897783,0.25539209506606486,0,0
-2.090923216450525,0.11985236386236559,0,0
-2.5437145112297292,0.31984149198800466,0,0
-2.6009435056006103,0.12321763554609065,0,0
-2.5636440573173074,-0.07015855848420838,0,0
-2.466404171753614,-0.12857482531499165,0,0
-1.4926637509768326,-0.17113399578818508,0,0
1.0467861436869557,0.41967603021981437,1,1
2.8315102692390455,1.3336852010641655,1,1
0.5927019139217667,0.8700464978183471,0,1
0.6673224352198911,1.3567115175422415,1,1
-0.2188253009903291,1.6882349422683323,0,1
0.939463927589629,2.02004304058647,1,1
0.9323406501575415,1.977055874550852,1,1
-0.13204675870919316,1.7629115017064814,0,0
-0.7902523516450104,1.8429790211846218,0,1
-0.11920582909073671,2.0883174766773016,0,0
1.1837738195272576,2.3762025133165334,1,1
1.1370055366476683,2.2555851141388352,1,1
1.698599852525648,2.1003988236357056,1,1
1.3993274826420365,1.8216968451363929,1,1
-0.8389378910223985,1.0040880752339267,0,0
-0.7491105980452174,0.8897095996709072,0,0
-0.11754681862069948,1.020263931729553,0,1
-1.2632390636348458,0.6468057716287334,0,0
-1.863503229131285,0.5096848382759331,0,0
-2.186848135619911,0.3224850817359448,0,0
-2.4173026598905847,0.27502275203503757,0,0
-2.511556586003117,0.16320564889273015,0,0
-2.4582754962104643,0.2854671562445866,0,0
-1.7157711374349534,0.3003334273011566,0,0
1.5733356048462628,1.0308355919398533,1,1
0.9808916598580626,1.0107677073006767,1,1
1.4730361347916063,1.341754098527938,1,1
1.1609079494924428,1.6770875687397433,1,1
-0.010251903227023858,1.9454319571713514,0,0
-0.32654450831364046,2.2084103509571955,0,0
-0.5796344197623073,2.2141925632275825,0,0
-0.5147593484834181,2.1889055734983973,0,0
-0.05431183513493968,2.3425993854064333,0,0
0.20449697134393624,2.2265652167202785,0,0
1.4005586973081912,2.3461871979004325,1,1
1.5520262038661938,2.28938518472294,1,1
2.1643675608910247,2.274667011556615,1,1
2.1650561020079344,2.0773001679727585,1,1
0.024062393973453906,1.4760411191214982,0,1
0.36762114197819634,1.421740945005113,0,1
0.6005917123221808,1.4569667447501697,1,1
-0.1373324339455612,1.3075008995430826,0,0
-1.4090732881350405,1.0851858570940096,0,0
-2.068795340222506,0.9374831159762553,0,0
-2.2941795789391057,0.7558188177986727,0,0
-2.493088760241536,0.8081488992379932,0,0
-2.251468482810693,0.3934483994848702,0,0
-2.096271168884231,0.5403036860584858,0,0
-1.430674354916495,0.6276113600162124,0,0
-1.1534725034932722,1.0662403941333023,0,0
-1.4402629007454553,1.3183669640752156,0,0
-1.156878474585203,1.5982055964663,0,0
-1.3409620817650185,1.8344114717919722,0,0
-1.9494682299755481,1.8554461419857677,0,0
-2.0002428652158772,1.9780556393618594,0,0
-1.8908106839777812,2.0590557512964534,0,0
-1.807312696305298,2.196101609309701,0,0
-1.554215809088891,2.273207444628834,0,0
-1.2549495791916994,2.08192774633895,0,0
-0.6420311053366157,2.056625944622283,0,0
0.42259184552144696,2.00915764337254,0,1
0.1802172409486277,1.6872325159823889,0,1
1.027889715062616,1.9903918544580401,1,1
0.40641399733387734,1.552577125179937,0,1
1.1532514164650374,1.6449748877544403,1,1
-0.12161726574438085,1.1672236484598202,0,0
-0.6557479305595675,0.9041871519235628,0,0
-2.1282772909346517,0.8577551750966828,0,0
-2.10788669188695,0.5751436134965222,0,0
-2.0930120315539225,0.3116389749378391,0,0
-2.273838293764824,0.40352590910697494,0,0
-0.8066027243750319,0.35291329837170504,0,0
0.20023318134248091,0.8356184798338563,0,1
0.6457484526278533,1.085936788445781,1,1
0.7818702040037319,1.3352142234947635,1,1
-0.6566017384590473,1.6467560020476013,0,0
-0.7725940913534816,2.0549270292036517,0,0
-0.6320434242230734,2.185862994092777,0,0
-0.9572226828310506,2.175227822918868,0,0
-1.2187004695983576,2.115571352262118,0,0
-1.3132900515312307,2.0686050925198733,0,0
-0.5016980491097421,2.249063281961771,0,0
-0.15329098199682817,2.025484943869058,0,1
0.2833881656100604,1.7514908341082012,0,1
0.8721066499576761,1.6732523970289508,1,1
0.9382967887878428,1.3990600271552969,1,1
0.5146201669312772,1.0509847596760873,0,1
0.31797165537595834,0.9715448593504113,0,1
-0.02988299825192082,0.8202590636137465,0,1
-1.419313673110274,0.5677870093233129,0,0
-1.698374870554647,0.3512768758587175,0,0
-1.845573532064732,0.1822957001461934,0,0
-1.7462605021667599,0.004389026215389996,0,0
-2.0825885738215058,0.12175033569271898,0,0
-2.1767375250035443,-0.15780877279109717,0,0
-1.5747918392431417,-0.13368531821321014,0,0
-0.380342929745348,0.21267527667639363,0,1
-0.08383912429075756,0.6157324110509061,0,1
0.26758666864701786,0.9917181663997646,0,1
0.22277180680243958,1.5560282458650534,0,0
-0.9397797018799381,1.8743500934748245,0,0
-1.2594500662267996,2.0681480131107137,0,0
-1.3842902972172628,2.189429985023601,0,0
-1.9067798298685363,2.180539595296874,0,0
-1.9827889917404289,2.297940313281904,0,0
-1.7154654669108411,2.3393240723656223,0,0
-1.656910156175931,2.0741796989312706,0,0
-1.4528063073436863,1.9748548399261094,0,0
-0.8651078829862511,1.8673353960748855,0,0
-0.9465672860728853,1.7051983275193623,0,0
-1.4000151407429606,1.5406544829321653,0,0
-1.0676411186293144,1.5627081528311495,0,0
0.12051529888324626,1.7527226809416403,0,0
-0.5630508419959324,1.531165599974995,0,0
-1.2969148989011812,1.2929343102619957,0,0
-1.91846441041578,1.1330163914990858,0,0
-1.9083205175736198,0.8678316778480812,0,0
-2.1804532741752145,0.74100225763056,0,0
-2.453643275167464,0.7811532781009611,0,0
-2.3651924060228184,0.7130741060417363,0,0
-2.2578067152849832,0.7035444960709386,0,0
-1.802951010344898,1.0093304064653579,0,0
-0.9922486097715106,1.38225287644828,0,0
-0.6289812634664975,1.9251800008326743,0,0
-0.9179779012516923,2.290384332616101,0,0
-1.7898308966636678,2.29612859477393,0,0
-2.2938167776568266,2.160297038615079,0,0
-2.394102972600258,2.346294785249689,0,0
-2.334270579922857,2.3446648631999154,0,0
-1.576594443906651,2.68655667286865,0,0
-1.106700657404636,2.6955425427302186,0,0
-1.1129994715486518,2.704013242126518,0,0
-0.9227417298196319,2.2603905408003846,0,0
-0.5411491215124355,2.0440232718089213,0,0
-0.05051189897432901,1.840903116570669,0,1
0.016761717507142792,1.6589506032960943,0,0
-0.8991981353979721,1.5124278457805698,0,0
-1.445079502924154,1.3345708268134249,0,0
-1.8975523702469574,1.1682181710776367,0,0
-2.407729257161553,1.012154492813071,0,0
-2.4076447675769765,0.5689293025402227,0,0
-2.5118455180249675,0.712445984506542,0,0
-2.1542672412629305,0.6923862060719502,0,0
-2.0409323532306187,0.7482373350030714,0,0
0.9139934280810507,1.414871006826501,1,1
3.227528100505097,2.2520411832657916,1,1
2.5173320772938887,2.203851263053482,1,1
1.3864847386338193,2.2371571459969783,1,1
-0.003414130583102482,2.5268183028140756,0,0
-0.5251967372084683,2.638142186115618,0,0
-0.7344965043935593,2.8468430447598636,0,0
-1.0513727827488912,2.9067743455486514,0,0
-0.4207123179521863,3.0796358294900483,0,0
-0.5667883281100625,2.913078405570823,0,0
0.7719823074809671,2.991937737889522,1,1
1.100197512262522,2.89185982386766,1,1
0.7464941307602505,2.621243637779858,1,1
-0.11464784754915043,2.251361747209823,0,0
-0.8798173002645481,1.7935034561342713,0,0
-0.7189207257851957,1.688747938157064,0,0
-0.6718502285926251,1.6166448885382374,0,0
-1.182705313837958,1.561688389971663,0,0
-1.9026897285214945,1.3738050217185727,0,0
-2.4328804262505512,1.2665708115870495,0,0
-2.4542396622497966,1.0070367179232782,0,0
-2.3175309812629754,0.8662208666188449,0,0
-2.3044920831498454,1.0380387867524852,0,0
-1.9532447602788654,1.058588048665219,0,0
0.9935827098785875,1.8092197158448409,1,1
3.09465235837326,2.6367141015373545,1,1
0.5697016637007057,1.920486066564695,1,1
0.3496270169311092,2.388127520927991,0,1
-0.2951873041946881,2.630459561940394,0,0
0.4378875772724568,2.7419474184621353,0,0
0.046686449364571184,3.029363524503895,0,0
-0.3620713862962771,2.824795586592298,0,0
0.10223270745481201,2.967338728293421,0,0
0.6805772107028002,3.126569347006873,1,1
1.6718857536579572,3.2464423521186476,1,1
1.6006042619499257,3.3651177655667284,1,1
2.5360828380738187,3.25078297621265,1,1
-0.06118865854411417,2.534662612042542,0,0
-0.1819068967763193,2.3901405315445223,0,0
-0.39338219967924754,2.1668485523745558,0,0
-0.5195095435444235,2.064351372092686,0,0
-0.3710317713100524,1.9505528085131196,0,0
-2.111716336764994,1.5553364270740062,0,0
-2.185857707873436,1.4245317290018205,0,0
-2.3845082313657358,1.452700956617349,0,0
-2.542132416526396,1.402307309660508,0,0
-2.0887510830442806,1.1259434283970913,0,0
-1.7592919623463346,1.4962001275057182,0,0
-0.09893554996024156,1.8304090692080568,0,0
0.6265681225065168,1.9476373505061466,1,1
1.0189308670531045,2.2609280205431252,1,1
1.1269226525565545,2.692818177041108,1,1
1.207953138644026,2.9191865311689567,1,1
0.17780050305619347,2.8688970814380976,0,0
-0.11046115509771509,2.916704187784878,0,0
-0.047424819769941284,3.0046728106965355,0,0
-0.40404091158244565,2.7577126354507864,0,0
0.2323270622067042,2.908116970123626,0,0
2.525914268353002,3.493674636990541,1,1
2.7745735795064106,3.4111580766140994,1,1
2.4468439029121343,3.1207274128079128,1,1
1.1013500858300727,2.460235643643955,1,1
0.002894479997644535,2.1436132217598254,0,0
-0.17695156339505025,2.027460824977842,0,0
-0.09204327462183877,1.9153106204855312,0,0
-0.414582469243503,1.7708443659885522,0,0
-1.2423720660392132,1.5038997805075833,0,0
-2.1317177279322146,1.4609643043450462,0,0
-2.425657225083471,1.2565678635375659,0,0
-2.4292466551128706,1.0720317182902523,0,0
-1.8052791050914383,0.8783937144554332,0,0
-1.813708235212354,1.0835828215681556,0,0
-0.15104805225557277,1.6973356133332709,0,0
1.2522309491663848,2.2045794811617654,1,1
0.5480458965975487,2.0210416973087773,1,1
0.5248657543409929,2.376911759686108,0,1
-0.3870713670240478,2.4873155269262153,0,0
-0.024590804574631253,2.8870930868455664,0,0
-0.6281950127860737,3.007429881760025,0,0
-0.9051176330071108,2.9788535785285095,0,0
-0.6112140076624664,3.0109405538994745,0,0
-0.5878500478397952,2.6887266910717833,0,0
0.6653843076520858,2.9194964083280253,1,1
1.034549541897948,2.717214180459259,1,1
1.998079296332368,2.7144490903635297,1,1
0.8759695008456393,2.126192039641158,1,1
-0.6367212103584688,1.5804835015685639,0,0
-0.45842376629479614,1.5966421805675688,0,0
0.006355241995547729,1.6901892196700457,0,0
-0.3077241874273432,1.5355946392919655,0,0
-0.965616054253957,1.3636863451933992,0,0
-1.2197591955355793,1.176025539260593,0,0
-1.974161134091725,1.1336425096672027,0,0
-2.234419866123999,0.9934761837816158,0,0
-2.2040923477109162,0.9251992481367667,0,0
-1.8829279416408646,1.0431533720994888,0,0
0.18290923296548442,1.718516357083499,0,0
2.47778083797761,2.515145637035774,1,1
0.8733864971962826,2.0982359747308554,1,1
0.8159200079959399,2.4087074169390914,1,1
-0.6376880567221097,2.3553544424707282,0,0
-0.711055001721613,2.601598966976582,0,0
-0.5258850935642418,2.622553086663314,0,0
-0.713972580207761,2.737657664564648,0,0
-0.709087121581273,2.7592951942392943,0,0
-0.2238687110024619,2.5130518687243186,0,0
0.24180471139294843,1.9572221243429768,0,0
0.4053055697340276,1.9600805862454795,0,0
0.9781914572345991,1.7243102625138833,1,1
0.6753510414618618,1.498972081865828,1,1
-0.3379413342123794,1.1351004391063766,0,1
-0.14883762694750274,1.1271601176984014,0,1
-0.4417132408503075,0.973689167532063,0,0
0.22021254957142386,0.9540268732213578,0,1
-1.360502488503223,0.7364951533468178,0,0
-1.7954007339229239,0.5378230708343605,0,0
-1.9779225682232344,0.381020134628866,0,0
-2.4322651935770163,0.40486875238836084,0,0
-1.773124618966403,0.11369002604359897,0,0
-1.695081051678009,0.20815456186739054,0,0
-0.4304810259765747,0.5675472028856033,0,1
0.22958213583980003,0.9540804843962664,0,1
-0.22181614712368655,1.1048065596696472,0,1
-0.6353584073652756,1.6272474246823299,0,0
-1.1407185655186445,1.868103826669745,0,0
-1.0561521931248268,2.027885769573213,0,0
-1.3908934022203447,1.9337215501160392,0,0
-1.9215080944001934,2.0310512035150228,0,0
-1.9000397477623423,2.0521693959944773,0,0
-1.6288035401306236,2.224722420431915,0,0
-1.370255830645057,2.124068661233163,0,0
-1.4123464104945007,1.827673375976667,0,0
-1.191562573024031,1.5462152342763205,0,1
-1.6553298375669148,1.4102350651218962,0,0
-1.0334479874773965,1.2661220145516596,0,0
-0.44686421283853234,1.3109397466018107,0,0
-0.6214985703174387,1.1483096674579436,0,0
-0.3831690363853079,1.2061314997062007,0,0
-1.5953689196083554,0.9076510410833369,0,0
-1.5187388645079585,0.694574673085258,0,0
-1.8350888361250195,0.5907126666377857,0,0
-2.146959320552932,0.3890037897478664,0,0
-2.2374761633065283,0.240968219316408,0,0
-2.21551028749877,0.4066405423981553,0,0
-2.279066859666818,0.7277006394785759,0,0
-1.6497043442703498,0.927399109221828,0,0
-1.7879850738145102,1.1615659711437618,0,0
-1.8393367603937134,1.6873745241679756,0,0
-2.055163701559957,2.037725073192232,0,0
-2.2460574889396456,2.143506711431994,0,0
-2.4414286316088423,2.2560743416543363,0,0
-2.643998572843675,2.0442969601103935,0,0
-2.4833199752559367,2.1713723373659732,0,0
-2.3434642710636684,2.1658457972468135,0,0
-2.092561963543632,1.8546780942253007,0,0
-1.850151155084498,1.6453794698048387,0,0
-0.9055582120738946,1.5816297223387226,0,1
-0.9475667116253639,1.4082848162823882,0,1
-0.6712402182822537,1.2944620542189411,0,1
-1.2532775375490022,1.015861438710718,0,0
-0.6189089825422232,1.0820395502823252,0,0
-0.951089216887601,0.9147407167564157,0,0
-2.175596068306892,0.7936951851641949,0,0
-2.316333733340327,0.3785557230684443,0,0
-2.32220907444521,0.23313859652760058,0,0
-2.213964571531881,-0.03510710193509404,0,0
-2.3894943831572815,0.25182477518079444,0,0
-1.8746641105782218,0.2966118336655828,0,0
-0.3706620734455114,0.7336595665178628,0,1
1.9730446470883838,1.5518495221572406,1,1
1.621675210948704,1.3553690928715751,1,1
1.4282880493070569,1.6723159981179676,1,0
0.18391529205902588,1.8966414412850157,0,0
0.02875194383948325,2.1765682747351947,0,0
-0.15097333786284964,2.307511222307126,0,0
-0.5809874197294674,2.4770869923306282,0,0
-0.18025929036783594,2.6391492156414813,0,0
-0.48538270456422067,2.6169238562947688,0,0
0.9658548856624152,3.029962515676858,1,1
2.4177007625018136,2.9718493000270714,1,1
1.4444681590228798,2.3266119396276674,1,1
-0.0031850449519933437,1.8872523943109365,0,1
-0.8062877169551732,1.5750791842389542,0,0
-0.6304644345543257,1.4493924971776522,0,0
-0.6944595080137728,1.240661563412889,0,0
-0.6641006549485206,1.1739826255896484,0,0
-1.7755745665234106,0.9999881650846891,0,0
-2.0371609459008493,0.6567352750846568,0,0
-2.27542499897081,0.6600830019882566,0,0
-2.5639820678636696,0.6133387934673207,0,0
-1.8566288770422499,0.4391992537009148,0,0
-0.6105969663265427,0.6457412803128889,0,0
1.4281765315601789,1.452941589170176,1,1
2.8857710488253514,2.051173511696655,1,1
1.436825916078187,1.606304069041561,1,1
0.5109226961254942,1.9672268681164409,0,1
-0.013886367973762664,2.3939386556755977,0,1
1.4281625818664614,2.968870393354922,1,1
1.4093313021643592,2.948695138755537,1,1
-0.37716817706412165,2.5638992185284675,0,0
0.011288731472023545,2.5066498056339808,0,0
0.6255168585555979,2.453248958302271,0,0
2.0584187653455923,2.740373735343902,1,1
2.4958360215467477,2.7509549379558806,1,1
1.5465214575929305,2.3254836238628562,1,1
1.753342087587772,2.3201113974633536,1,1
0.152176319127406,1.6836348199147102,0,1
-0.315780009433332,1.4206771716340327,0,1
-0.10322357932592689,1.4874391013539237,0,1
-0.35498053723231754,1.4016499267157496,0,1
-0.908456977448126,1.098690792043242,0,0
-1.8353710634491214,0.8338341725411796,0,0
-2.2175315363276273,0.6410077779604837,0,0
-2.4503827761905357,0.7244809259508311,0,0
-2.169806206031516,0.578778644798773,0,0
-0.908428222260604,0.8045731890582455,0,0
2.281085446599801,1.698436058821633,1,1
2.2438030782978498,2.003991324577723,1,1
2.5156968919470075,2.062805747778251,1,1
0.6178480726044995,2.087926922474428,0,0
0.09246074485468765,2.376232112162269,0,0
-0.038967171341010146,2.6049284156583554,0,0
0.19433307696314214,2.6186222445127214,0,0
0.006541860309660601,2.641695650969903,0,0
-0.4819048107221648,2.4279802272089896,0,0
-0.6881381307514702,2.5947353649977867,0,0
1.448190836797063,2.8015407332764206,1,1
2.7324410483029253,2.6330114620937874,1,1
3.4610498871633526,2.993254152765334,1,1
2.133532734691749,2.5095974369149547,1,1
1.524365334381531,2.3143861794121117,1,1
0.30925903780477426,2.0808684875756986,0,1
0.020739526471674784,1.8932529512820593,0,1
-1.1829328628712814,1.6106160710435362,0,0
-1.5999370712807233,1.3139203739934815,0,0
-2.0321475515034413,1.1625542022969535,0,0
-2.153665563731701,1.001033505943929,0,0
-2.039290352711824,0.7532440400517831,0,0
-1.8214665007125421,0.8953571857021814,0,0
-1.9533203393020053,1.1835527840292708,0,0
0.30547716177987655,1.378833810908009,0,1
1.017301708825969,2.0437598270440827,1,1
1.1491428314283552,1.9173436802670742,1,1
1.1394724952528004,1.9260892382316455,1,1
1.8341455782186564,2.415544462510587,1,1
-0.7948477305178093,2.589463379951282,0,0
-1.0543367496292555,2.762430178823823,0,0
-1.004344086780324,2.75021844454005,0,0
0.12815283453125093,3.0197633813838163,0,0
0.6605807066885264,2.8261859242900544,1,0
1.5871123661714823,2.8461969514176078,1,1
1.412358780614901,3.055288269454103,1,1
3.120985580870851,3.3601731011934235,1,1
2.4629754557861427,2.7409275471972783,1,1
0.5951619945704798,2.225012689988164,0,1
0.28591488393787184,1.9612280771298556,0,1
0.25308922769785136,2.025122547723923,0,0
0.8662487688589279,2.0636309713725542,1,1
-0.06524631314972365,1.8783905875936076,0,0
-1.7044179768324386,1.4674465143261892,0,0
-2.3269270211003756,1.3493215609510023,0,0
-2.5935177225332144,1.2470839063195298,0,0
-2.1109286612762745,1.144096902784311,0,0
-1.4462168023714446,1.2461907833178703,0,0
0.7408770246367946,1.665870674207949,1,1
0.2762130032775243,1.5177735404371908,0,1
-0.49629289979438485,1.2296552726265035,0,0
-0.3659683492375182,1.4601025776274161,0,0
-0.38678009980999667,1.646725790506895,0,0
-0.7899494125381948,1.746288408596472,0,0
-0.5074910511020552,1.8527272357064428,0,0
-0.875969761781728,1.8347466752823454,0,0
-0.504570050615628,1.7198579242067642,0,0
-0.4699126857901318,1.5407359876042181,0,0
0.7157172979190747,1.5539503638951364,1,1
0.46142659185823703,1.4100085486323275,0,1
0.8374518194640903,1.4438531727333594,1,1
0.7184041647286661,1.1830222594359596,1,1
-0.5896116480959948,0.9287991225008108,0,0
-0.8157901245249223,0.8261011804078168,0,0
-0.02088798441008813,0.8669247320878251,0,1
0.10157638198194441,0.8714147891859344,0,1
-0.897224627288359,0.6794929906319477,0,0
-1.5915638459205264,0.5004039654506857,0,0
-2.2572642126680855,0.4475147311226279,0,0
-2.587020135953769,0.4706518067401822,0,0
-2.2763224842918928,0.3998685906293342,0,0
-2.0639811508575034,0.3082619071479981,0,0
-1.5542323230969648,0.495702095201098,0,0
-1.3819140869694682,0.9281696800837108,0,0
-1.088937453923851,1.207731546586617,0,0
-1.3352563364025802,1.3123955841185517,0,0
-1.6270828696370507,1.4421216936188286,0,0
-1.8543341959615207,1.5086628222625684,0,0
-1.7716110278952826,1.5692368176109166,0,0
-2.0854410348174173,1.4152279913162693,0,0
-2.237560793741791,1.469025604118714,0,0
-2.20006975456172,1.3370546492823963,0,0
-1.9302955988161223,1.3203130291600087,0,0
-1.8755246841207893,1.227396068982502,0,0
-1.9252773748144978,0.9718222591480071,0,0
-1.3638913522291103,1.03207005959712,0,0
-1.1705364802893523,0.8403888683326128,0,0
-1.005288586182098,0.724470974993509,0,0
-0.43751178905874666,0.7881780595341582,0,0
-0.05530280955511054,0.7935336158162456,0,1
-1.524163376369692,0.4197375156900913,0,0
-2.1779932866818985,0.3812414727179128,0,0
-1.891453682336385,0.31131034497360716,0,0
-2.4046617277034725,0.14592091044647992,0,0
-2.4915130797151606,0.14309330119249108,0,0
-2.58114556038404,0.22656904334791256,0,0
-2.270378700230381,0.13580517945514156,0,0
-2.494008511016401,0.5859133784083465,0,0
-2.1742332760777114,0.8852361400727887,0,0
-2.1428998554263337,1.1783877311760322,0,0
-2.242733236018601,1.1856503873431474,0,0
-2.3762896461505285,1.193993814779881,0,0
-2.6398729061091237,1.4082703456211434,0,0
-2.92932243379041,1.374618062212766,0,0
-2.6391018104885138,1.378892573610442,0,0
-2.101958374496062,1.4243456307327094,0,0
-1.6781741226477551,1.363786081008623,0,0
-2.014021793294575,1.1608834860660373,0,0
-1.1225564402111656,0.9345476665269286,0,0
-0.6132089190536049,0.8539309897652612,0,1
-0.2861730492145441,0.8203017417911075,0,0
0.21332243282675298,0.8312878455608227,0,1
-0.7089854920761164,0.6164408107426981,0,0
-1.384811496304108,0.3924832687252633,0,0
-1.7303654382825657,0.22243284450372464,0,0
-2.758574580912585,0.19603154035731069,0,0
-2.7837877736936245,0.3514054124462812,0,0
-2.558290798590309,0.007232866475172197,0,0
-2.254790234344147,0.08045256927513013,0,0
-0.8352270341116395,0.072144862343238,0,0
1.2674679538382605,0.773871860504657,1,1
1.0509456331798648,0.9175041579001191,1,1
-0.5590891586699016,0.4787619877852067,0,0
-0.7334387124527172,0.5762022843507759,0,0
-0.762387891040315,0.8809675640753634,0,0
-0.28713419185603495,1.4043003740185145,0,1
-0.5414333665363407,1.1132259459575515,0,1
-1.0939243650905341,0.7649297153928261,0,0
-1.4264100810619333,0.9714688631390541,0,0
-0.7155333355260993,0.7743338226219036,0,0
0.5119149278515281,1.026427043778328,0,1
0.64299897837079,1.0177032241233865,0,1
0.7851411668005454,1.0233244312781313,1,1
0.04645171124445303,0.7671910796056511,0,1
-0.9404312651730989,0.4597653567339805,0,0
-1.2962605025956906,0.2194008578976708,0,0
-0.8329603576752663,0.22667580679512378,0,0
-0.8637047546559495,0.1571080397073418,0,0
-1.4946925737630976,-0.001048158138647827,0,0
-2.2238220999984977,-0.2444112207998889,0,0
-2.2922818005531616,-0.21747889329625664,0,0
-2.0986295765778546,-0.5329840846259832,0,0
-2.096388163885253,-0.4472438382018097,0,0
-1.2880486018917967,-0.3478505872958587,0,0
1.789364082872712,0.5431068401361515,1,1
2.6313005697768466,1.023153623524261,1,1
1.322309087839348,0.8250130915558254,1,1
0.7281416894017049,1.2004680393284783,1,1
0.5003051835067454,1.5640136057218,0,1
0.5960512175261178,1.7892221553480354,0,1
-0.20253984255948496,1.7186528628449889,0,1
-0.5135673233391848,1.621692774744969,0,1
-1.494071113459095,1.1855649695513213,0,1
-0.8985208570007074,1.0773078391711133,0,1
0.3606662822939795,1.7128605157453898,0,1
1.4024627137764583,2.0265767436176763,1,1
2.671225981664401,2.0619955094526796,1,1
1.8855410935234844,1.578593450733698,1,1
0.3362663401436166,1.110453704937182,0,1
0.03854675535916878,0.9299017588691461,0,1
-0.3442394598307964,0.7774622654336631,0,1
-0.99904663527416,0.6357768163867367,0,0
-1.523871517709419,0.4902075688846541,0,0
-1.618781763666456,0.39072621967414445,0,0
-1.8828679709883849,0.06671550372635825,0,0
-2.121137521931192,0.030569867984732248,0,0
-1.6051940077101774,-0.11824596513926774,0,0
-0.803090691950624,0.07397781227284196,0,0
2.7607443261223614,1.045367275232021,1,1
2.7355555053449354,1.470459471661468,1,1
1.7017529593785086,1.2054365162323155,1,1
0.862419623601658,1.6160854487343839,1,1
-0.27501608576394915,1.6648945628759348,0,1
-0.47540209637813735,1.9170399214549647,0,1
-0.4234374468261253,1.7979900219258416,0,1
0.0322836482839008,1.9427525387431166,0,1
-0.25556223995620614,1.8666008025627145,0,1
0.047648377663277064,1.5159345351776812,0,1
1.0714000924066194,2.1799577057169985,1,1
1.9014793385277862,2.3772704565360625,1,1
2.563166755305074,2.214124635392241,1,1
0.8282171722558287,1.6379260240429687,1,1
0.8813556209484132,1.427183004137029,1,1
-0.2924967830168654,0.9989381338759804,0,1
-0.9192064804612256,0.8171809871486823,0,0
-0.24010831945490999,0.865437542331708,0,0
-1.2783146893166875,0.7032387012669328,0,0
-2.2047918169101397,0.5237227321917549,0,0
-2.368946750726705,0.3088017461269466,0,0
-2.480539091491539,0.24940444294524602,0,0
-2.3148970893636727,0.23740412690006385,0,0
-1.7985169753091865,0.29102425247193453,0,0
0.11629815654560621,0.7619412340792121,0,1
2.076216053873394,1.4511163878434088,1,1
0.8374363148369816,1.2191713739860854,1,1
-0.6585491145526525,1.3456215158600524,0,0
-0.7986354973060886,1.707891237720094,0,0
-0.2736166041119725,2.0743372728207166,0,0
-0.26584754000717215,2.181457125217258,0,0
-0.5071063963871353,2.113807689896889,0,0
-0.21677073693215587,2.3158930390129098,0,0
0.20922847784852483,2.298760725858364,0,0
1.6750507632840113,2.411797920149444,1,1
1.6509042731318533,2.254264786471789,1,1
1.8144248132642884,1.9693484501111789,1,1
2.740182293975098,1.9030340184563195,1,1
0.5465091581574152,1.269314479569139,0,1
0.2887204923740194,1.2036728451723182,0,1
-0.6230277856745818,0.9242521614588375,0,0
-0.7674947440934399,0.8649446107702107,0,0
-1.6794568149823772,0.6592116437762223,0,0
-2.069557418162275,0.5360511242774966,0,0
-2.2571490315850533,0.2952579525054101,0,0
-2.4006011994688,0.19469161843473629,0,0
-1.9816779809651703,0.05773716791412046,0,0
-1.9184903342078032,0.18579214113736345,0,0
0.13259021725412565,0.6484767307574565,0,1
2.378735353381071,1.4271254716226336,1,1
1.0434235728447299,1.2239975675416455,1,1
-0.1404446076442382,1.436926504354452,0,0
0.07079746510823631,1.950959008447082,0,0
-0.3019609191931345,1.9754207784039517,0,0
-0.40485396805652213,2.1891624314682128,0,0
0.12804069798112236,2.1861526673580376,0,0
-0.8061409244131226,2.1803071851632825,0,0
0.469341923397526,2.375858222607709,0,0
1.3841274420174428,2.5447059536053267,1,1
2.328841329763614,2.5839027416956335,1,1
2.0343890013737775,2.198792746040976,1,1
1.9379537917469583,2.0596632733132574,1,1
0.7708190732950404,1.5832314525162459,1,1
-0.07015283556515906,1.2445478077962324,0,1
-0.06540718802963483,1.1674703321821873,0,1
-0.2969301402551933,1.0534820690096347,0,0
-0.9018659011818009,0.7775362113684631,0,0
-1.3096953200270371,0.5487059058551967,0,0
-1.4127356058894003,0.3538608010139989,0,0
-1.6772796163038073,0.26889537083319864,0,0
-2.0663227005623366,0.2827856045302182,0,0
-1.8732923661540626,0.2930879045663172,0,0
-1.2504723824549475,0.4153744006356913,0,0
-0.27014190508075003,0.7191056581171539,0,0
-0.3908991947224583,0.9992945934334336,0,0
0.057209685496976914,1.7670556822336312,0,0
-0.5525071281818278,2.0580287142115736,0,0
-1.232940917770969,2.143480868962767,0,0
-1.330813142322227,2.2813212422026767,0,0
-2.067749977756115,2.2449837360900613,0,0
-2.016925091050482,2.187940749999019,0,0
-1.479617205089423,2.4655342342440676,0,0
-1.0285079739615748,2.504866130448474,0,0
-1.2480813017881585,2.2133566079053506,0,0
-0.5911125669668534,1.9213222763148894,0,0
-0.5461694739727728,1.6045140608526334,0,0
-0.8009857993985287,1.3752870146773981,0,1
-0.3617762194788483,1.340238352169282,0,1
-0.15048833614339166,1.2196397758983526,0,1
-0.33488706340171637,1.069863569551922,0,0
-1.6633589432426636,0.9694255000855613,0,0
-1.756109612663873,0.737640828079539,0,0
-2.035661432977979,0.6883666933771013,0,0
-2.164513802548609,0.4815641652327504,0,0
-2.182427066551685,0.2075727290862421,0,0
-1.917754709266865,0.09515248777339119,0,0
-2.1701977246692277,0.2442976389451959,0,0
-1.6135150470157797,0.22229787430915282,0,0
-1.2376439969402426,0.8586204671991808,0,0
-1.38911804754322,1.5190488950196892,0,0
-1.5692524012263487,1.9007164357723525,0,0
-2.3037279232111643,1.9583514230747086,0,0
-2.4266924881774683,2.088519347776981,0,0
-2.7246171535637047,2.0972670282920296,0,0
-2.2197715200070234,2.302429142106847,0,0
-2.1480786520172206,2.2784543813580194,0,0
-2.4418818131418254,2.2206195202961854,0,0
-2.3361414245892576,2.057591437292972,0,0
-2.096638332116165,1.7321901012904923,0,0
-1.705929020298408,1.525577933088896,0,0
-1.073782315451454,1.3389625227944384,0,0
-0.6738939808999883,1.4290099743243612,0,1
-0.9038069862812318,1.2926749899269492,0,1
-1.8182802001578364,1.112177934668631,0,0
-2.2608042467437066,0.9232502113732413,0,0
-2.489803569480311,0.8400454757028336,0,0
-2.473099948351585,0.4531157527148199,0,0
-2.4148951941855334,0.291337633770534,0,0
-1.8838395212103562,0.1702054653038145,0,0
-1.2140327415022645,0.38208327486919247,0,0
0.39935351811140696,0.9619723841971883,0,1
1.7750045371163907,1.6620237775410067,1,1
0.8348202402168805,1.5253689161221622,1,1
0.8818514975883005,1.990400854736552,1,0
0.45088762670392124,2.3159470104380113,0,0
0.2531412378105816,2.5523287039492537,0,0
-0.390027630105734,2.5383849156000804,0,0
-0.5767997975496174,2.629884634570109,0,0
-0.41052300881672205,2.6978567140916567,0,0
-0.43406486940406025,2.6653883335738957,0,0
0.26065914533083906,2.839915578903263,0,0
1.2575313413577047,2.74898533374598,1,1
0.9078709679517305,2.4208181930991413,1,1
0.045360725627507904,2.0603792689647635,0,1
0.10195557950029115,1.8841356500832216,0,1
0.22496340775042328,1.8826150434537325,0,1
-0.6374666613416343,1.7266507607183026,0,0
-0.7243489803458576,1.4956913986252038,0,0
-1.0202095552763975,1.3956396480624074,0,0
-1.006691276121654,1.1446687188349867,0,0
-1.0762003092046029,1.0255247440522075,0,0
-0.9577490196248337,0.8100284542397338,0,0
-1.1819672856367935,1.1222873022297364,0,0
-0.41727671627281615,1.089298567538956,0,0
1.4453701653426303,1.6104625524898282,1,1
2.71533242862783,2.29549202993097,1,1
2.146309295713362,2.141845284996221,1,1
1.7166891387950158,2.526158042196571,1,1
0.7355025779944017,2.6955571234480393,1,1
0.1403328742018945,2.748645447475869,0,0
0.07791557179709292,2.7827713786908395,0,0
0.1224956674308804,2.8224901225812573,0,0
0.22347250390394713,2.9651827863825484,0,0
-0.4350322710224906,2.8617859100272454,0,0
0.6047796189884015,3.1261503398501684,1,1
0.1884906961598677,2.7653828751855034,0,0
0.021395898552789252,2.5100979046854737,0,0
0.34713484706633896,2.2816585713546287,0,0
-0.2091031476350743,1.986737146356568,0,0
0.05207253255199713,2.0066616571182356,0,0
0.22422605870653145,1.8864171474266291,0,0
-0.3569901405830057,1.7602081424292346,0,0
-0.8081826543792631,1.6430367339409089,0,0
-0.9371026794537078,1.3715540586697725,0,0
-1.3037609193486261,1.5083118161081457,0,0
-1.4764241918567476,1.367631879228969,0,0
-0.6927842176371417,0.9945172157340514,0,0
-0.5028428332463755,1.022483094209944,0,0
0.6367677081626684,1.5206723903098167,1,1
1.909697694805651,1.965854838789953,1,1
1.1294718684861125,1.8778251744952956,1,1
1.9944286745017097,2.6581599687178037,1,1
1.1562752466594861,2.7186366290975155,1,1
0.45817572208185936,2.671691998911168,0,0
0.15959321801547738,2.8463777783822732,0,0
-0.5634663269343033,2.7447827998663596,0,0
-0.11312409692772743,3.0356756582962094,0,0
-0.13758198357983706,3.164183545092764,0,0
-0.11829408843484936,3.063950536220886,0,0
0.7519787998809742,3.193493679463807,1,1
1.2942822607716313,3.06044188365567,1,1
0.8132756381026287,2.6476123558437266,1,1
0.11187615764457313,2.2623787171532617,0,0
0.3351155698756805,2.227931164864155,0,0
0.15631954972316447,2.0815566019000933,0,0
-0.4110946649213864,1.8588257190187971,0,0
-1.3166233366318676,1.5784498522844106,0,0
-1.6721316495932335,1.35931208951962,0,0
-1.8494182983210345,1.1012828812536446,0,0
-1.7024323025422834,0.9158059862017505,0,0
-2.1443754251115648,1.0350775187879024,0,0
-1.7703151113433506,1.1205209649214696,0,0
2.017272047587476,1.9899200675773896,1,1
2.730074549456183,2.4699431763304984,1,1
1.2921995806490851,1.9997693332325739,1,1
1.5774691521111033,2.6930226529906367,1,1
-0.2646402143003793,2.688655239410966,0,0
-0.2175855507479517,2.9757280044930474,0,0
-0.4943338467967429,2.991089723933883,0,0
-0.8879089258853741,2.9179030904229384,0,0
-0.06553782732189081,3.154286657088346,0,0
0.23274641406646132,3.1888146174193377,0,0
0.7927126655259247,3.3603488566542223,1,1
1.608806898232964,3.336081470664217,1,1
1.899966720793468,3.010899852711796,1,1
1.3842861692077297,2.727632700454685,1,1
-0.10719222380362886,2.3031157120983607,0,0
-0.4223648610584906,2.1053079606597005,0,0
-0.15564521784549826,2.054239435761734,0,0
0.0991516768406552,1.980492670824827,0,0
-1.429047839488838,1.526867120647067,0,0
-1.997586611326366,1.4378981429568585,0,0
-1.9642907461799202,1.0204391712118965,0,0
-2.251693066618956,1.023332407482974,0,0
-1.7303500675877168,0.8148309064963835,0,0
-1.6499269326840826,1.1357777697642393,0,0
0.4683468559859335,1.5824848146762074,0,1
1.5029571756694546,2.1022584918977794,1,1
1.1778257676185682,2.23472383344941,1,1
0.19051045045338158,2.5376408990566803,0,1
-0.6000512351087456,2.6268060074982804,0,0
-0.10296990987512358,2.9100711942756705,0,0
-0.12959914021334357,2.9955028616097117,0,0
-0.7318577183923862,2.8922009410625553,0,0
-0.713201639200821,2.9539333553666944,0,0
-0.42343355164697655,2.960052442240264,0,0
-0.20881111767348454,2.988949104309698,0,0
0.8732319537565105,3.077087464720935,1,1
0.44792960962495076,2.7974291389933135,0,1
-0.05532775947655201,2.3580389365550616,0,0
-1.3096126985505636,1.7602275153185778,0,0
-0.9259162170194499,1.743269251289535,0,0
-0.6932097305523229,1.7733722873675235,0,0
-0.15259643968469452,1.804086135122833,0,0
-0.7855899611245926,1.6015211569706036,0,0
-1.2656057263619513,1.4236793058982795,0,0
-1.8039973232924578,1.1583886256503055,0,0
-1.9004456724897165,1.078795122457353,0,0
-1.9046721875848458,1.0231591381442386,0,0
-1.914875647240969,0.9602550330100738,0,0
-1.620219346491573,1.199488479847064,0,0
-1.0514254512640955,1.6242392499471503,0,0
-0.8949017481162289,1.8209897693911343,0,0
-0.26085648076409995,2.462721931771661,0,0
-1.2095555955130954,2.693832970988884,0,0
-1.817125289457704,2.828337926193809,0,0
-2.0878437388141897,2.999000525590649,0,0
-2.6131004136978317,2.5918746407244226,0,0
-2.529689505514206,2.7972656905029525,0,0
-2.157034723890296,2.651104383550782,0,0
-1.9343849421174555,2.4585460874738927,0,0
-1.596197200759831,2.055614038061185,0,0
-1.463889179515424,1.734774981447107,0,0
-1.8098148740554918,1.4932329025781883,0,0
-2.1630112007321323,1.3794903408760897,0,0
-1.9633504383355211,1.4519524136760855,0,0
-1.4602885326649055,1.5172539237739064,0,0
-1.149793909248568,1.275269694571767,0,0
-2.1217115581691783,1.0315487766700604,0,0
-2.210849295076448,1.071130168854662,0,0
-2.581616837483976,1.0033844728510548,0,0
-2.7698155052833924,0.9622938229296641,0,0
-2.9083229407667543,0.7451262336595912,0,0
-2.730405489400533,0.8868694420009959,0,0
-2.74378561509666,0.976963253901184,0,0
-2.592279858675931,0.9692851836071686,0,0
-2.671578875611575,1.0397425115850623,0,0
-2.3921548223003453,1.3349107772793392,0,0
-2.0262232401299984,1.3715738368289152,0,0
-2.255510100397022,1.4566291586347067,0,0
-2.3317456211013354,1.5883030164525132,0,0
-2.476241509838684,1.638106650267055,0,0
-2.3186582890874394,1.840522569487323,0,0
-2.600171023900648,1.8427398881473602,0,0
-2.3417728246369607,1.788748447711245,0,0
-1.7235264222105404,1.4904775208685075,0,0
-1.2807164163860172,1.6705875725062334,0,0
-1.0101173769244312,1.5850898700020797,0,0
-1.301939999813366,1.5353677594849935,0,0
-1.285981747726456,1.453613356587989,0,0
-1.2853661890112444,1.3925658945747392,0,0
-1.2877739181300476,1.3460411908232124,0,0
-1.787803758338948,1.2283594236616098,0,0
-2.3059551920004817,1.1484709656586487,0,0
-2.497999386976277,1.1006451448122736,0,0
-2.670966361642982,1.0602714965687559,0,0
-2.1436839709668765,0.9742737144290695,0,0
-1.2606071465131907,1.0696726020700984,0,0
-0.7151162790010588,1.3546402657001626,0,0
-0.9372835278048555,1.4986479948290923,0,0
-1.3612673349290194,1.520957826725887,0,0
-1.437401991852071,1.7996242229081485,0,0
-1.4208814896747048,2.0548931256304126,0,0
-1.5179916553086534,2.2068099061415554,0,0
-1.4915184348230655,2.255316014749861,0,0
-1.9024227648714314,2.099272920972804,0,0
-1.4850365361657973,2.282549909876549,0,0
-1.4167869038370007,2.1708109070691566,0,0
-0.8862173324250273,2.114229539417318,0,0
-0.3676659432566448,2.234259292215515,0,0
-0.5582204610199143,2.0147936583439705,0,0
-0.717514237180183,1.6533852145397692,0,0
-1.1967097527226225,1.475693007583231,0,0
-1.5358676456596074,1.376502609489172,0,0
-1.4037925397260806,1.328385676610752,0,0
-1.7427803212391966,1.3291106166181155,0,0
-2.321852820231629,1.2153205598614445,0,0
-2.2013240966508554,1.0064064422169183,0,0
-2.348809330925596,0.9636444043584216,0,0
-2.3088319620000197,0.7834147866452561,0,0
-2.393190822544827,0.8742572325064366,0,0
-1.2574426233595575,0.6527453483784336,0,0
-0.7968008875372762,0.941194468580828,0,0
-1.0569319879125085,0.9480597739899812,0,0
-1.0972421151344087,1.0882662431144778,0,0
-1.0119531700040962,1.4141953350476046,0,0
-1.139030112944921,1.5653707814846116,0,0
-1.50063880153212,1.5097088884867687,0,0
-1.6057603651436245,1.6376942635994192,0,0
-1.5846856946341636,1.5799386414094723,0,0
-1.6434117914243223,1.5993994013018706,0,0
-1.3800483734123206,1.621564895625239,0,0
-0.8985817422326772,1.6527991366494597,0,0
-0.6774558305056662,1.5356112494678318,0,0
-0.9471015214052084,1.1344320013558118,0,0
-0.9402963673081485,0.9534615543367966,0,0
-1.3353907017623017,0.7674340467594145,0,0
-1.445286509566946,0.6923173068239084,0,0
-1.6475980109105288,0.6315744473016716,0,0
-1.145666442800555,0.590966141978416,0,0
-1.5859667172953589,0.5135353476954518,0,0
-1.762063437828986,0.3214108579213434,0,0
-1.9532578754569163,0.3768260548508889,0,0
-1.9149784822379898,0.04530908005118215,0,0
-1.741156573478866,0.075128191351019,0,0
-1.4531745825495335,0.0872014673492577,0,0
-0.7078064264720785,0.4033941461314045,0,1
0.5154154887572527,1.034169998862035,0,1
0.6530530574395714,1.2266910220962606,0,1
0.0716805752526644,1.4654538003525115,0,0
-1.2282818210426767,1.6689723290439136,0,0
-1.2125151668753302,1.846746589994838,0,0
-1.3060504700878304,1.687660002114611,0,0
-1.44137575406791,1.5582523636304624,0,0
-1.0071887037072795,1.7592119764266114,0,0
-1.047379019498513,1.8965754053892325,0,0
0.14548415499641051,1.8259525728426287,0,0
-0.02002873268706069,2.0207848878048593,0,0
-0.2872069334179819,1.702748196102956,0,0
-0.4989082984920658,1.431995457246409,0,0
-1.1816351697163339,1.2265051190664518,0,0
-1.2740117126847195,1.084736554891993,0,0
-1.2780541393379095,0.88984741838536,0,0
-1.3182797937896982,0.8024304712389787,0,0
-1.6215779822663998,0.7349095586642934,0,0
-2.4476941907571876,0.7458384607754924,0,0
-2.4474065034267483,0.6752781244006397,0,0
-2.4532385114062176,0.5074417756333495,0,0
-1.9126858843921755,0.20263375583032267,0,0
-1.5443286808117191,0.28198671347863696,0,0
-0.46141913210931246,0.6254018151525802,0,1
0.8105680806394515,1.2068854586788238,1,1
0.1290431316141456,1.1914134543616528,0,1
0.4695689839970647,1.564858230056312,0,0
-0.23675507445402483,1.7443937212885778,0,0
-0.9980030866942691,1.8145125750141247,0,0
-1.2245326721933714,1.9860712069422237,0,0
-1.506728162090232,1.820163641639971,0,0
-0.7105097257640552,2.3240491470375217,0,0
-0.8625971217638019,2.3277698399653044,0,0
-0.7059903188943455,2.291876896877727,0,0
-0.723096233120968,2.1769679462075135,0,0
-0.6895405498888242,1.8116904493138788,0,0
-0.8573245135679243,1.4762566528950607,0,0
-0.48415204926110506,1.4375449465843158,0,0
-0.43443998572592996,1.545890069466798,0,0
-0.986542656075717,1.3748161754351227,0,0
-1.0012771580518485,1.2418403294830573,0,0
-1.5360557589428423,1.0614982192760387,0,0
-1.7973027265258967,0.7886704888496764,0,0
-1.814042999451774,0.7962554429042279,0,0
-2.170020215060649,0.7829024256466894,0,0
-2.063122118753893,0.6847015041305203,0,0
-2.0901036745757255,0.6882359815783631,0,0
-0.23338155810590536,1.0910666753358196,0,1
0.9185580104847856,1.4651189038615708,1,1
0.5438524320622635,1.7303323595983853,0,1
0.28307878855334356,2.1929565398120845,0,1
-0.5791850523146773,2.231678167066321,0,0
-1.3318748697299398,2.398951967717916,0,0
-1.356794210725278,2.5376654226884923,0,0
-1.1016158347203773,2.377461180149268,0,0
-1.068084958820917,2.555532790123708,0,0
-1.1131783873864705,2.554888281576209,0,0
-0.8583294929500407,2.6756208206420333,0,0
-0.5293364198173081,2.5526184241885996,0,0
-0.4355855892731702,2.272618872639937,0,0
-0.5356819750169196,1.9748236195629738,0,0
-0.7826092738964422,1.760090181572958,0,0
-0.7407151064720077,1.6859332751054297,0,0
-1.317275154337413,1.4109003137524372,0,0
-0.32759697400306637,1.0871670853464692,0,0
-1.6478054997737739,1.1355721749890542,0,0
-2.0145982563350207,1.1222844485755599,0,0
-2.1272847843968106,0.9467832615177182,0,0
-2.3274236755688276,0.9148357155338447,0,0
-2.113821275910261,0.893327569809375,0,0
-1.4759525030098122,0.8184452418147146,0,0
-1.6425369649136796,0.9679253761184022,0,0
-1.1090706324864292,1.285643600661219,0,0
0.07609944071847145,1.788580612779995,0,0
0.9222935490980236,2.543066904100565,1,1
0.9449150058975933,2.8849107289517844,1,1
0.3073812458111967,3.094437823785033,0,0
-0.4243509701225968,2.968632468575569,0,0
-1.0926357825872808,2.5767636338911775,0,0
-2.0905732238359622,2.7662385755648673,0,0
-1.8307264321737853,2.855615950362359,0,0
-1.9952947319941219,2.656370202425496,0,0
-1.4627252583097765,2.617495641045956,0,0
-1.0293907623286207,2.4258307033146314,0,0
-0.73419660850279,2.159761711382313,0,0
-0.4990177251790589,2.085763545343258,0,0
-0.9530623231944015,1.867693392413745,0,0
-0.4811917882808287,1.853894125913848,0,0
-0.8336522925057588,1.6139690465488759,0,0
-1.1750165795489569,1.4644029563967638,0,0
-2.1482179184286188,1.2448306657852293,0,0
-2.5392944921631586,1.152639411165689,0,0
-2.5336222777741204,1.0045437350652138,0,0
-2.7682448156205925,1.041543212990325,0,0
-2.631921142141887,0.8522250678957445,0,0
-2.7463321645150875,1.0615469985550134,0,0
-2.3493148862854003,1.280257740308133,0,0
-2.2878580219132836,1.6509269370797934,0,0
-2.1759362549710963,2.2483614742667877,0,0
-2.5250753189092583,2.5548436869848734,0,0
-2.663411560956664,2.7784119888742373,0,0
-2.7457232186036715,2.5666285491501584,0,0
-2.5451966967519377,2.2493808780659146,0,0
-2.005405068819332,2.482755832805641,0,0
-1.7993127939848483,2.5362892317520966,0,0
-1.8430149713333996,2.4157744601121753,0,0
-1.4665332154950936,2.416441634959563,0,0
-1.305760194838262,2.233592697652095,0,0
-1.3650227389108345,2.0839020763284766,0,0
-1.1959954363019354,1.9783408506494067,0,0
-1.2033443841689104,1.9132225154056064,0,0
-1.0919986176103693,1.9012510873288904,0,0
-1.3088599515836696,1.9644574823783754,0,0
-1.476955441259793,1.6064477798338526,0,0
-2.2772061479881707,1.5135648924715062,0,0
-2.789278266387283,1.3392836381452566,0,0
-3.1514118415265537,1.3222766065084672,0,0
-2.6200353286505944,1.2480084510940639,0,0
-2.0307585491175986,1.253147702451419,0,0
-0.3769887020532912,1.677524378386975,0,0
-0.016873279274455966,2.0528865050237384,0,0
-0.33911576654184616,1.9967926346687686,0,0
-0.5687350252395554,2.451286823348208,0,0
-0.5929070645180345,2.5323112798406453,0,0
-0.9163535326646469,2.673212338288952,0,0
-1.2900713056595903,2.665527556885747,0,0
-1.378187951638246,2.517201125647832,0,0
-1.1846680268972805,2.728489802012466,0,0
-1.023882416138485,2.6311291826781322,0,0
-0.08871763084285189,2.5503501582530403,0,0
0.26527645692967794,2.5041559351426548,0,0
-0.32796417896258506,2.2876940587058696,0,0
-0.6724617413926296,2.069440959980056,0,0
-1.280040959822754,1.836261194583699,0,0
-1.4527538909811781,1.668088934051215,0,0
-1.6558747489016044,1.4964988006569029,0,0
-1.9591742002214834,1.4130391590197586,0,0
-2.334036213609807,1.3681742289934735,0,0
-2.713696290904374,1.3474479975648763,0,0
-2.690980042697159,1.3861101491885852,0,0
-2.469050278624727,1.0655327572610176,0,0
-2.088236195846277,1.2224463036482849,0,0
-1.4245678287515264,1.1285491575434607,0,0
0.060271506644392514,1.5171959332239797,0,1
0.1551401148688574,1.8294379918321928,0,1
0.2577911097429612,1.8807687182465689,0,1
-0.16238079687656046,2.3185218736842215,0,1
-0.7118862440827246,2.3548961825898727,0,0
-0.9772825965694045,2.42057773831407,0,0
-1.298188745158078,2.5484350574135903,0,0
-1.3796060004651252,2.4961171286290074,0,0
-1.4809567608268,2.6114275130949802,0,0
-1.1873124170361444,2.692106965971812,0,0
-0.9096124282312288,2.596850348049809,0,0
-0.8426363201227918,2.538751003499089,0,0
-1.0885691660192074,2.2138690883913967,0,0
-1.4129731601175108,2.0380075488859237,0,0
-1.5435006767352208,1.8702878190382104,0,0
-1.423068856751439,1.8836232740390078,0,0
-1.1327893659628792,1.7126289625929252,0,0
-1.5487052087248736,1.6515215463577109,0,0
-1.664608603984898,1.5702043132744683,0,0
-2.0068280095031628,1.430537839666638,0,0
-2.079216322292029,1.2279333273695245,0,0
-2.144514992804519,1.3478887391212293,0,0
-2.116858249919062,1.2895007803554492,0,0
-1.7647293770054335,1.2117190918676404,0,0
-1.061252974958215,1.815121576647346,0,1
-0.6729709573617864,2.3715380897420077,0,1
-1.6280151517159982,1.966221520769572,0,0
-1.8121320788208426,2.262463759555832,0,0
-1.7311856615521006,2.6282400086222926,0,0
-1.813232350479243,2.728245817677595,0,0
-1.790359154883394,2.7530963354085705,0,0
-1.8991572274782056,2.3915424931319715,0,0
-1.7884796534035619,2.689368682168577,0,0
-1.8017037527315818,2.7258175384227394,0,0
-1.5795102933447385,2.7549992553544134,0,0
-1.6424442448347474,2.376478352055535,0,0
-1.5235071072120072,1.3443521736203892,0,0
-1.5618231603030899,1.379652704924961,0,0
-1.6439228133568484,1.3831577769908663,0,0
-1.5970974209241653,1.0948233874580722,0,0
-1.6438311654267046,1.133839199615347,0,0
-1.4805603969744916,1.0628934140809667,0,0
-1.602434138413662,1.0621834609767564,0,0
-1.6295785755669079,1.0556897817354922,0,0
-1.7030896493654375,0.999621252244323,0,0
-1.6763725780028487,0.8534361010019968,0,0
-1.508097432901574,0.6562107381806872,0,0
-1.3243383520311447,0.7232945694542323,0,0
-0.8507648934682197,1.2918199061862654,0,0
-0.8380532635800347,1.6161347185201496,0,0
-1.2232027884689212,1.5836293649111874,0,0
-1.1199345818081188,2.120503523265253,0,0
-1.1784816402502225,2.5731663313125415,0,0
-1.3410424756884383,2.660745410420329,0,0
-1.7888246938690617,2.7588681339733854,0,0
-1.8578401238434628,2.2604892162082004,0,0
-1.614566663132083,1.8259383926374406,0,0
-1.4086726601173196,1.1351412036556026,0,0
-1.1024310669914155,0.7961346926585474,0,0
-1.1579616772619756,0.810795760702637,0,0
-1.1285464068577775,0.824070495855456,0,0
-1.1887211641652145,0.588753686042475,0,0
-1.5410958087337614,0.5208393939014401,0,0
-1.8671549670802057,0.9851848995676689,0,0
-1.7980247653331791,0.8666011653516043,0,0
-1.5431078141000716,0.8279125101376352,0,0
-1.692258059472017,0.786413959696785,0,0
-1.8655714047845529,0.7375012933379911,0,0
-2.0032031360905935,0.6717636523567065,0,0
-2.130376134991413,0.6251443542254904,0,0
-1.9949861365910517,0.6571764191430136,0,0
-1.5625785859101862,0.9184093907226496,0,0
-0.3616267377972862,1.2264994449522184,0,0
0.4266765697171299,1.580474146856414,0,1
0.3003015045134536,1.7588108224451562,0,1
0.16392066962759985,1.7926927711657221,0,1
0.1835185430969054,2.343098938003748,0,0
-0.05175053401375556,2.7742239645844906,0,0
-0.6676910634708874,2.7231480000844717,0,0
-0.9087282744172125,2.480970488094825,0,0
-0.7699505873818606,2.588233829222915,0,0
-0.45329614069057833,2.5610544204643095,0,0
-1.8217324203006173,2.476616275213785,0,0
-0.744339913359937,2.2360450139573893,0,0
-0.003650003703960824,2.0198796281420948,0,0
-0.0404975587686165,1.7980679181307428,0,0
-0.9118139986769778,1.5123241691416487,0,0
-1.2842354402500218,1.4470038239596477,0,0
-1.0443606923813198,1.3872536149030956,0,0
-1.469161843984507,1.2562749604991221,0,0
-1.754947184916092,1.0816078888455916,0,0
-2.3243678919556685,1.0636360762562487,0,0
-2.3529031629923494,0.8570553828825774,0,0
-2.228274653448632,0.6209353668217403,0,0
-2.431902811257405,0.8660724970606744,0,0
-2.30022034533613,0.7292844496729628,0,0
-2.082276116536063,0.8826503220720202,0,0
-1.6843737745086385,1.0697951706404831,0,0
-0.8263127565981961,1.5270545285619312,0,0
-0.8322322703788141,2.2397967792401863,0,0
-1.2556671638726198,2.4383800399128934,0,0
-1.8893582081321558,2.5483438535296967,0,0
-1.9697911531232581,2.6290954333257206,0,0
-2.1632561698969086,2.1806421540869874,0,0
-2.1479114102252894,2.501694017765184,0,0
-1.9895983771836738,2.616930589065607,0,0
-1.9220362878407398,2.815296225558277,0,0
-1.280137481984482,2.6840788613119093,0,0
-1.3388369975489072,2.306347346009914,0,0
-1.1746321198750442,1.9310390466970833,0,0
-1.7000647665879398,1.6363524653699835,0,0
-0.8737024803497946,1.7461790722617374,0,0
-0.821010180369407,1.6059023781808588,0,0
-1.4818015034179732,1.4168168018856986,0,0
-1.9209159944536638,1.3141286748904282,0,0
-2.2947910430995337,1.2063339927556629,0,0
-2.2840666109655063,1.1384902968762032,0,0
-2.5617846671404494,0.9673991748722929,0,0
-2.604770477115435,0.9660395067124898,0,0
-2.4551561896202836,0.8791312379492116,0,0
-2.4681493125326837,1.012613201033891,0,0
-2.108042446711702,1.235116518757128,0,0
-1.8269729716182028,1.6026619288310868,0,0
-2.2119973322787354,1.9044283255283685,0,0
-1.8523902113621684,1.694439899583728,0,0
-1.5677706516651269,1.5203042019243953,0,0
-2.4339015004082767,2.2445833985600263,0,0
-2.736522140425344,2.0479048798212056,0,0
-2.641673083953949,2.290317289367333,0,0
-2.5694306153825046,2.509429344829217,0,0
-2.3749515411063142,2.4451101035304967,0,0
-2.1649891549720715,2.2831340855233053,0,0
-1.5325632442177484,2.0770990455042626,0,0
-1.4617864334970412,1.9011912930907504,0,0
-1.071764580150369,1.8531662762907648,0,0
-0.8952202517826849,1.8462831818495615,0,0
-1.0880262441864004,1.7140104262375788,0,0
-1.8357010017488893,1.5451855909162422,0,0
-1.9631213006959127,1.4983801891282793,0,0
-2.3303304194458656,1.3143379150808077,0,0
-2.5736391971510493,1.128639390089325,0,0
-2.6115172392897277,1.0213342610543514,0,0
-2.21316525116568,0.9474259303361015,0,0
-1.6386328054105346,1.1147455824998782,0,0
-0.5673957902441713,1.648936196816012,0,1
-0.8633044424589207,1.9279218145128951,0,1
-1.557883732457113,2.3131075397591525,0,1
-1.8333286595416063,2.410632729626815,0,0
-2.043508447590726,2.3130630028945864,0,0
-1.5006548986216857,2.4994720446439977,0,0
-1.7151668450305373,2.456351449248252,0,0
-1.7880863598003378,2.3655816927615314,0,0
-1.6007718756743161,2.4939386487346815,0,0
-1.5506556917392555,2.373386968219159,0,0
-1.5087723116714657,2.286403727563189,0,0
-1.2552317293805342,2.1814197821991894,0,0
-0.9222202369386834,2.1119217546048503,0,0
-1.028975501637913,1.9842042554825319,0,0
-1.3334811271308082,1.966553761527826,0,0
-1.3637421865039185,1.9457823347362162,0,0
-1.5232991699342304,1.8963286464066447,0,0
-2.0363363858803454,1.8105676462701052,0,0
-2.5296744885956968,1.7944244309995434,0,0
-2.863374387554176,1.4809116963351163,0,0
-2.7122216934209487,1.2309742162125588,0,0
-2.661308085541757,1.16746625795108,0,0
-2.286752981195372,1.0759326023854152,0,0
-1.7158809917964093,1.1555554734780804,0,0
-0.7949606156880854,1.655475192126725,0,1
-0.11378555123558241,2.07762365833065,0,1
-0.26233325076947317,2.2177317510938725,0,0
-0.3363956539733842,2.8195444058452894,0,0
-0.6661012801392323,2.972295288614367,0,0
-1.352042964789803,2.972478310339541,0,0
-2.154617161242179,2.7484169191407584,0,0
-2.0822896242047264,2.661685570462381,0,0
-1.8459496259799786,3.1527626558870745,0,0
-1.6867488325212934,3.123910791111943,0,0
-0.7653717407813818,3.026947292806895,0,0
-1.0308994710524242,3.0679515009723364,0,0
-1.2928833203944372,2.8873039220980576,0,0
-1.4563618544418453,2.67935568192481,0,0
-1.600760441571433,2.434904561168608,0,0
-1.3950681815755308,2.308672944712929,0,0
-1.342826783869754,2.223268983451,0,0
-1.5759893956912727,2.0757734415343263,0,0
-1.9617685509963874,1.8630427593880685,0,0
-2.355725161918934,1.7267830927732046,0,0
-2.689577129851562,1.6590265988241875,0,0
-2.743873565648088,1.5942025822747166,0,0
-2.4739440020850934,1.530108418153274,0,0
-1.9317854794420681,1.7158741759379545,0,0
-1.668801819735744,1.9297195810168812,0,0
-1.370733168319143,2.1574395357389458,0,0
-1.3992611724516717,2.3877107705775438,0,0
-1.3593569214080607,2.862503668250334,0,0
-1.5278928560020617,3.009706475200181,0,0
-2.015134480042366,2.99204175660479,0,0
-2.1709393486017414,3.1612617127835927,0,0
-2.2989598325452927,2.810719732050227,0,0
-2.303747516830773,2.892271318350207,0,0
-1.7987788080682918,2.977806030013253,0,0
-1.6051919208617336,3.042681039562414,0,0
-1.773389476577969,2.8404441551557515,0,0
-1.3498779012152249,2.61079483754422,0,0
-1.7208519339721684,2.27715530509762,0,0
-1.6390185274241045,2.347791861965171,0,0
-1.7759971099039018,2.1680349633871496,0,0
-1.6799886592449478,1.994289730381722,0,0
-1.739557571383394,1.9433974195288184,0,0
-1.7490608396412255,1.7382381583980389,0,0
-2.0551604532972547,1.5183533850157611,0,0
-2.481543654843439,1.382781602241572,0,0
-2.732052657800372,1.6286357524582091,0,0
-2.385569133475064,1.543033488850982,0,0
-2.3547429070077968,1.6148673494165184,0,0
-1.2765885825529764,1.9197484959208313,0,0
-0.7976373410891694,2.2894831228114643,0,0
-1.1621176121505616,2.324193798404171,0,0
-1.6850826451904344,2.645894914396147,0,0
-1.6013328485820906,2.5927626781011144,0,0
-1.995760140924398,2.610495710483358,0,0
-2.125931522728995,2.8873416821903373,0,0
-2.201028068319502,2.719180325913121,0,0
-2.1275533459819576,2.7790773583141006,0,0
-1.9798754108405865,2.8359114891173527,0,0
-1.8244074926883829,2.757419500171512,0,0
-1.508761480253567,2.6444467866677184,0,0
-1.3145074124856457,2.355614190043205,0,0
-1.451493588650431,2.174876209656693,0,0
-1.701307945934547,2.1107175583967095,0,0
-1.843072066804782,1.9932466408154443,0,0
-1.4946348462360926,2.0367529952414505,0,0
-1.70604299145709,1.9329128553505444,0,0
-2.0906631998699767,1.8238488288835095,0,0
-2.606754142750813,1.620388771281306,0,0
-2.897582397244472,1.44428708590442,0,0
-2.9642133132415194,1.3560844940771255,0,0
-2.6756353129454307,1.4256891161923453,0,0
-2.190818571536759,1.416491393088844,0,0
-1.2033898183262888,1.688908199419219,0,0
-1.069169340195413,1.8626511058854813,0,0
-1.4317160193937613,2.216900575856081,0,0
-1.2838195715296554,2.4219391730158546,0,0
-1.3972825626189183,2.4528943298041415,0,0
-1.7098072921418381,2.411989164304831,0,0
-2.1089585599953433,2.4495639761881938,0,0
-2.32975683025137,1.9894252753407957,0,0
-2.1199485344572535,1.8625750779482277,0,0
-2.190137884957783,1.955988497965525,0,0
-1.9454536041114652,1.9429327286129572,0,0
-1.8196388063051492,1.738717913438766,0,0
-1.6309391567952507,1.5405393085834025,0,0
-1.6467723839919193,1.466164606980958,0,0
-1.8574660260231863,1.3730087636675403,0,0
-1.7149331935843686,1.4016843675064585,0,0
-1.3783354984870102,1.3428606871791091,0,0
-1.5698588791366512,1.2713080242362418,0,0
-1.9301645589777348,1.182134839098355,0,0
-2.4624661913537955,1.099110000232721,0,0
-2.6755731550101576,1.0540133300974142,0,0
-2.767610436396611,1.1066024214068986,0,0
-2.7372677013584052,1.1532383312660992,0,0
-2.4692163306788126,1.0185311310301388,0,0
-1.7265368485795594,1.0551414160759636,0,0
-1.5656712227478833,1.2013758653111017,0,0
-2.0373935137311987,1.4995959657641695,0,0
-2.1736628028697464,1.9738628715863582,0,0
-2.1788282805956545,2.319905646725525,0,0
-2.312579910435889,2.310670140381571,0,0
-2.310492013857308,2.2643352407400017,0,0
-2.4045202079374524,2.0179508102445745,0,0
-2.49781260553374,2.3466060714200827,0,0
-2.4718891237567298,2.4976361116190042,0,0
-2.5138448126103263,2.5768315564150686,0,0
-2.217465021689957,2.554299174626345,0,0
-1.7452254936707463,2.224013311520649,0,0
-1.4198312141180711,1.9159496820549153,0,0
-1.706293490837427,1.6667844200637596,0,0
-2.043875834136431,1.4900672464917373,0,0
-2.1593899374988137,1.417859920498254,0,0
-2.4439865711249973,1.2756751739015877,0,0
-2.5763900038103795,1.1961356009741244,0,0
-2.5859342262054366,1.0522672149292618,0,0
-2.6674722502167625,0.863560206438093,0,0
-2.6871683052827064,0.6443750052325429,0,0
-2.66496536773961,0.6763724120515315,0,0
-2.687236944696184,0.663435707817468,0,0
-2.609923060907997,0.7410005045433703,0,0
-2.384354150711048,0.9303607304264844,0,0
-1.8320760168577988,1.386261235756941,0,0
-2.0774317412780645,2.042315834987558,0,0
-1.815884296379011,2.3836269923822098,0,0
-2.372110450522655,2.4713948624066466,0,0
-2.881682956029285,2.279310038613724,0,0
-2.987717652327898,1.9606932500417924,0,0
-2.8783901686972495,1.922094820819866,0,0
-2.676888145003357,2.0326681280458114,0,0
-2.5344009137648547,1.9261769204462877,0,0
-2.2103698880321003,1.7135810372880667,0,0
-1.7952243873515528,1.6618806066539433,0,0
-1.6749945447757293,1.4633598877301737,0,0
-1.6218220697002557,1.3768101186282398,0,0
-1.135975859922031,1.4602914639332953,0,0
-2.0596805495925508,1.31920309462343,0,0
-2.352955334049452,1.2282504484613899,0,0
-2.3160212352344756,0.883692264175015,0,0
-2.6816281934985353,0.7758951947704066,0,0
-2.777235077686727,0.7254240289576825,0,0
-2.7792820180218873,0.48899105655777286,0,0
-2.373896637574005,0.2301239019004448,0,0
-1.637953383834225,0.32078530758635687,0,0
-1.3680156982336804,0.6091238334100613,0,0
-1.0817514697470354,0.9033900158660626,0,0
-0.42651439088219356,1.3360150269093125,0,0
-0.5113397604234524,1.833583096601973,0,0
-1.0579999214547953,1.8060030772637339,0,0
-1.513249731961953,2.051870306449376,0,0
-2.1057658563323236,2.100797171953079,0,0
-2.0538202128910417,1.8238595779200564,0,0
-2.236880951191128,2.1608292449640985,0,0
-2.057288741436647,2.3449006330184714,0,0
-1.6943153941191555,2.3123427539982866,0,0
-1.5927334093442922,2.1142765877783134,0,0
-1.5505515569543002,1.7708822427387823,0,0
-1.188406406255865,1.718949849828917,0,0
-1.267870029859069,1.5543847776819617,0,0
-1.477027941959114,1.2880373236090008,0,0
-1.8715485627100046,1.3497752318046483,0,0
-1.9993833799696386,1.1781957515225805,0,0
-2.5151689815372844,1.3201461526596152,0,0
-2.5352778545519694,0.998137960115651,0,0
-2.573561303826226,0.8318564160431179,0,0
-2.6748160056612837,0.7996617676530227,0,0
-2.6689476084612735,0.7032570544632712,0,0
-1.9753073729633708,0.6385043189205653,0,0
-0.6265157056023383,1.0050888998210419,0,0
-0.13872045638312955,1.3807823011888973,0,0
0.12682199280760886,1.5275430167746444,0,1
-0.5234567947416687,2.150428546067353,0,0
-0.7020299354115231,2.176665882697863,0,0
-0.8527703172792529,2.143869953071073,0,0
-0.8661262712319011,2.3716387988492316,0,0
-0.9830992927811767,2.1402089610938666,0,0
-0.9861799822664171,2.477201133515578,0,0
-1.0161118911672506,2.5303140112838785,0,0
-1.087715233203793,2.364484845093685,0,0
-1.1255526596008512,2.0553501241662957,0,0
-1.052674241825969,1.7173400861628358,0,0
-0.9000933920828328,1.6154065436081473,0,0
-0.803738399338579,1.5813317770230844,0,0
-0.7855178598319961,1.5797430671657844,0,0
-0.9115983273374327,1.4185421608176974,0,0
-1.0073511104563004,1.0456363609297468,0,0
-1.0433203301204816,0.9113245476651434,0,0
-1.100126723284638,0.825584933420531,0,0
-1.1623467817796855,0.5927224725778246,0,0
-1.199235762947348,0.5103668448147847,0,0
-1.2234552469267095,0.5731448937472685,0,0
-1.1416647250004655,0.7400627600415042,0,0
-0.9050531402851711,1.0386795637975133,0,0
-0.9716087510615057,1.4433643246030767,0,0
-1.344245071030584,1.6411257548163427,0,0
-1.5172790142510388,2.2746837214987368,0,0
-1.4529153591217172,2.228034446578182,0,0
-1.5776834072536379,2.241711973056415,0,0
-1.6294302580611097,2.3593215481009002,0,0
-1.669171395583197,2.390459467191031,0,0
-1.6104674345332708,2.5304415099879827,0,0
-1.626428378427079,2.630502951315235,0,0
-1.3154852326383593,2.727827576601575,0,0
-1.4823042650615084,2.6767104931360106,0,0
-1.3129936990760203,2.3970408502231013,0,0
-1.4134803801366933,2.2357645721804413,0,0
-1.714334103667718,2.100983398194275,0,0
-1.8160715032694819,1.9814405506395054,0,0
-1.7984759701208768,1.8745175538016015,0,0
-2.011460165725277,1.790395866677784,0,0
-2.3074282080321455,1.7079672749372323,0,0
-2.6536439812656534,1.6714758240834398,0,0
-2.8808098557996695,1.7428204790012192,0,0
-2.9291109148374166,1.6305437349791512,0,0
-2.933546979784609,1.612691714429211,0,0
-2.3398998094218917,1.623749143446908,0,0
-1.6651158419684382,1.8148044864501,0,0
-1.805215630209916,2.0106386060086723,0,0
-2.2477733228182446,2.2182998064009216,0,0
-2.068493870724827,2.4274529007482792,0,0
-2.3632868089705745,2.9464473403128255,0,0
-2.1931649499108157,2.7904653314990258,0,0
-2.309285471636478,2.893120438768173,0,0
-2.4265172766250416,2.753813435478314,0,0
-2.462242902321167,3.0286212192657116,0,0
-2.212293234136159,3.1165300299171244,0,0
-1.6302503753770174,3.2046347528040644,0,0
-1.7006918802089126,3.013649389806085,0,0
-1.5084889579604899,2.741058879735096,0,0
-1.5651878389149734,2.4371652059175637,0,0
-1.5984127359161568,2.2316625453057988,0,0
-1.5007753372560992,2.235117286948353,0,0
-1.6176386921221306,2.0518020683202582,0,0
-1.6182843160179767,1.9482599613152538,0,0
-1.611181124117787,1.7914020375310573,0,0
-1.6456360455028962,1.6901845005782912,0,0
-1.8300996153739215,1.7001012752627676,0,0
-1.8608192846530889,1.7570583782065623,0,0
-1.736808448342347,1.5770307960784395,0,0
-1.5859107921942126,1.536504468220855,0,0
-1.326822580580771,1.8159202146840225,0,0
-1.1050586165273588,2.168209376488438,0,0
-1.407423251057407,2.2944770177030858,0,0
-1.485516917000549,2.5015584289927104,0,0
-1.5291312841065743,2.7987210886977416,0,0
-1.5453824882330902,2.758055314081298,0,0
-1.7795601713469051,2.7753776944035202,0,0
-1.7942471641602789,2.67559626354994,0,0
-1.7865010285438039,2.654361122581952,0,0
-1.7074523468526754,2.840883520928424,0,0
-1.611129006950194,2.617773437544426,0,0
-1.588719789433085,2.443727970279008,0,0
-1.5374039424395145,2.162754187887983,0,0
-1.4201771868538617,1.9838186622363678,0,0
-1.4119895632522461,1.8635035633652433,0,0
-1.2943515969784427,1.7780097210536796,0,0
-1.3637584989585496,1.641501878288476,0,0
-1.3884557976544583,1.4293351504734162,0,0
-1.3948095875017938,1.2287260516321559,0,0
-1.46194118190017,1.0269266589814214,0,0
-1.5727311001101683,0.9449018654506357,0,0
-1.535315155012079,0.8087954880100774,0,0
-1.4860017897433415,0.8717503983304425,0,0
-1.436054975777191,0.7914272787950013,0,0
-1.4311647537281342,0.9303491064350196,0,0
-1.485329463491112,1.0581957963804487,0,0
-1.5477827573709393,1.241420772334976,0,0
-1.5099113388865502,1.427881826574926,0,0
-1.5500264560891992,1.5540982172039293,0,0
-1.5690162880468748,1.723040707985734,0,0
-1.552205636162177,1.5866738169568766,0,0
-1.5742886308739572,1.393647497879387,0,0
-1.4702146027077312,1.074270054960911,0,0
-1.4604330322274974,1.2697519144011595,0,0
-1.4333184311373381,1.211838114111789,0,0
-1.302215870970185,1.122763989052858,0,0
-1.0538484358422349,1.0547918920691388,0,0
-1.1032291324057324,0.9150894197024683,0,0
-1.2374505679014738,0.8498955677262588,0,0
-1.271267330670374,0.928739677783735,0,0
-1.1564880550128087,0.8591631988684226,0,0
-1.057860564687283,0.8079741188626182,0,0
-1.1513282592671816,0.7427681546640771,0,0
-1.184354953957788,0.4426628693024289,0,0
-1.1802534018367812,0.3973506119890177,0,0
-1.2226455499770297,0.21078792275136943,0,0
-1.2319784379403993,0.16672292523218113,0,0
-1.2633990694950923,-0.0026233455046335034,0,0
-1.178955934912856,0.23214104913449146,0,0
-1.2095143983426726,0.567083503565115,0,0
-1.2008581844678567,1.1422707588994623,0,0
-1.2992633798987117,1.7695783130715015,0,0
-1.3549476825651143,1.9212784892549786,0,0
-1.3867667016643996,1.9089769623447062,0,0
-1.50793838852117,1.6237387935989138,0,0
-1.4947078272925258,1.419248523209855,0,0
-1.4518424478187966,1.6338582528260215,0,0
-1.4120527694547804,1.768279729670655,0,0
-1.374262020512141,1.7186101017117255,0,0
-1.3102400127657825,1.8834428917357187,0,0
-1.1289625880361984,1.619321641607235,0,0
-1.0587557298919006,1.4351734863518766,0,0
-1.059981420115045,1.1941645086904213,0,0
-1.1222923388669777,1.0508926684487876,0,0
-1.138240916192506,0.9113408461045734,0,0
-1.0729710294829147,0.8129038677783086,0,0
-1.1758574963761932,0.71949374458988,0,0
-1.1975606814126536,0.43433086830062045,0,0
-1.247253011366425,0.3440126609926597,0,0
-1.2544411436839524,0.23844988371697978,0,0
-1.279363801694344,0.4429579027813736,0,0
-1.1420326057584524,0.35866096793714103,0,0
-0.9157916121784136,0.5889154780078619,0,0
-0.45943043131722144,0.850421211348773,0,1
-0.7089987659303123,1.2635540350907681,0,0
-1.0689220284046301,1.7426434252778653,0,0
-1.263149117920695,1.9109864134495815,0,0
-1.810315735800636,2.0207990588440796,0,0
-2.174323020821667,1.9145098276105512,0,0
-2.1831779158447167,1.6863142260570656,0,0
-2.078573001949492,1.9845519907100413,0,0
-2.0501313183329164,2.0193806271948587,0,0
-1.5670212815571662,2.0893288144576108,0,0
-1.6119040692187865,2.0458272983667776,0,0
-1.4346776668028471,1.6393500208636742,0,0
-1.0665725691514747,1.3832735191800882,0,1
-1.420149908045932,1.0601813632339865,0,0
-1.724440233792349,1.020514581255996,0,0
-1.9610010634211283,0.9568286390552588,0,0
-1.8518395950242987,0.7317325410845321,0,0
-1.8582270150918732,0.516094738027634,0,0
-2.396372783746016,0.4725439282203744,0,0
-2.5780012458764414,0.19169756546015684,0,0
-2.7236167345205673,0.24671807143104374,0,0
-2.1701450565007545,0.06492223303031412,0,0
-1.4946041545670845,0.14569354830563627,0,0
-0.6521510774381618,0.35941122482141286,0,0
0.2622057351383878,0.7747040636342726,0,1
-0.6195221900099448,0.9337969899275109,0,0
-0.23321120141966187,1.5186002174147626,0,0
-0.7386159677917642,1.6948392916273816,0,0
-0.8223450209605322,1.9023830123803704,0,0
-1.164831775895902,1.7498464416074293,0,0
-1.6176105496080158,1.816188020878234,0,0
-0.8243439088924692,2.161096589737572,0,0
-0.45730180535897963,2.4501416870694834,0,0
-1.1889536279544353,2.4049118267511975,0,0
-1.2123479004342943,2.355185941040405,0,0
-1.6706755278950718,1.9930529692146641,0,0
-1.8131202450818409,1.6409221988300111,0,0
-1.7746118044665495,1.6596279948867672,0,0
-1.2818121252852066,1.7355467182195017,0,0
-1.1624866260745745,1.5852069116038614,0,0
-1.2660392008921157,1.2905066612294607,0,0
-1.551994461301776,1.123303363222876,0,0
-1.8188892879630405,0.8708252845626694,0,0
-2.3730931613897575,0.843340182110961,0,0
-2.362737624276224,0.7145652698283499,0,0
-2.129126793259479,0.7925901639425526,0,0
-1.421994682706064,0.8812927020507944,0,0
-0.5840734941084765,1.3724439752960425,0,0
0.8026256124224128,2.0921509920232135,1,1
0.19592341105784794,2.1114085373685128,0,0
-0.5818518556208534,2.26507668437099,0,0
-0.8807721590502975,2.3121203311601772,0,0
-1.341527878808477,2.635259373199226,0,0
-1.4502183105268978,2.5174783094117053,0,0
-1.8175037743564917,2.384536098711128,0,0
-1.7531514009473401,2.444067609360274,0,0
-1.9263515255793067,2.6435886225555074,0,0
-1.5212083027070995,2.5821225537320918,0,0
-1.9592955426950034,2.1774506150094894,0,0
-1.8506714341582913,1.8056974503191487,0,0
-1.6125372234138065,1.3272370350589395,0,0
-1.4867372152142773,1.0281292316757842,0,0
-1.3515953232118314,1.1007818257841226,0,0
-1.129033466193977,0.9755836142646044,0,0
-1.2529718891257176,0.8876988699301697,0,0
-1.9668980400389082,0.6707308897510303,0,0
-2.471617936905942,0.718702884625497,0,0
-2.5726045931561417,0.6496766796730484,0,0
-2.6100100458220794,0.5379851026826804,0,0
-2.359137313322953,0.6583117984526158,0,0
-1.9723519777482417,0.6656333681509295,0,0
-1.2489583623528673,0.6839005658576519,0,0
-0.8658258298378689,0.7245029956397661,0,0
-1.3160294726714425,0.6394814869148365,0,0
-1.33677433513644,0.6322361214080677,0,0
-1.6374121354551496,0.6209421514575344,0,0
-1.4822483745686412,0.6170668750566956,0,0
-1.6279443146311603,0.5808751768334885,0,0
-2.0942579544112814,0.5805774598234719,0,0
-1.5576119547030651,0.5637537477391535,0,0
-1.9434128709786214,0.5501660766334898,0,0
-0.9231285457585344,0.5685975058138413,0,0
-1.208272160051625,0.5548137630360408,0,0
-1.0716443785672052,0.5542693494217789,0,0
-1.2298631029235974,0.5038550990400018,0,0
-1.8394132020457654,0.4777094787429796,0,0
-1.7488371749677998,0.4682982818697026,0,0
-2.199656628722302,0.4655107920324183,0,0
-1.6377848544134996,0.46102851588156785,0,0
-1.5571910135680647,0.43701854360470016,0,0
-1.821508648055287,0.4197601481524465,0,0
-1.997047959967155,0.3884761006398366,0,0
-2.100808547556855,0.37793540560542116,0,0
-2.0503462726595374,0.3760270242646085,0,0
-1.860726343912604,0.39978925927226255,0,0
-0.9475086979678968,0.4542543871371447,0,0
-1.0152719353105846,0.45299509650004033,0,0
-0.9302031067880212,0.4108781990944654,0,0
-0.8243082984595901,0.3652866490144379,0,0
-1.015053602298308,0.3192984341036373,0,0
-0.921615987856712,0.32514981565472245,0,0
-1.310027893838335,0.2960671327675517,0,0
-1.3786133157984382,0.2796339071753537,0,0
-1.3215662588330528,0.27557847920163103,0,0
-1.2233684375710596,0.26503861259329264,0,0
-0.9152318275298519,0.25204819947703927,0,0
-0.9046673286413239,0.25546208998511916,0,0
-0.6315632746580794,0.24922204591128969,0,0
-0.4609757193906759,0.22698576165665516,0,0
-0.879443998438006,0.18608165596891252,0,0
-1.0933100837240566,0.1935061323835953,0,0
-1.4738495978640884,0.1630623464042182,0,0
-1.8418663277102465,0.1468411125834121,0,0
-2.0120410506383464,0.14740492711845835,0,0
-2.1512274015152077,0.1429891959989699,0,0
-2.1065778300149147,0.12459499918810497,0,0
-2.1508841774393552,0.10780331223878448,0,0
-2.5984850238388546,0.44340210139997516,0,0
-2.2964919254861518,0.046530384693041243,0,0
-2.1297323432643274,0.10916574374434376,0,0
-1.5108826369605646,0.39286664308537067,0,0
-1.0650032225892936,0.996774436302163,0,0
-0.772647416337225,1.6061575975029732,0,0
-1.3005542622056518,1.8685608380630236,0,0
-2.1210549924025695,2.150315037809427,0,0
-1.8781939276226471,1.791583709708994,0,0
-1.9853925756794275,1.6015473194057874,0,0
-1.9178821456378659,1.832289652987333,0,0
-1.806175374278106,2.124030414054316,0,0
-1.6715360037535436,2.342474232964105,0,0
-1.692745722738408,2.19561490606199,0,0
-1.5681347431323873,1.9208115277067914,0,0
-1.6277164519128462,1.585640592346071,0,0
-1.4900404413044919,1.558248746530467,0,0
-1.469689905881854,1.3666328151328901,0,0
-1.3893580208266334,1.361280338591717,0,0
-1.5344194238312139,1.153638033570892,0,0
-1.464425337771061,1.0365970387216135,0,0
-1.397730181455929,0.8976140851904385,0,0
-1.4450830483283954,0.7119253864830061,0,0
-1.4721438091563408,0.5256645573410249,0,0
-1.5367900684548066,0.5057848898930686,0,0
-1.5431254847017601,0.4537971776796327,0,0
-1.5407534698445218,0.481336366377739,0,0
-1.428259361347188,0.7679946767215382,0,0
-1.5190186775714518,1.114163452172023,0,0
-1.3939857352518834,1.7842710973759102,0,0
-1.4190887843891524,2.0556550964213605,0,0
-1.527170995998404,2.1081411437127335,0,0
-1.519772489605555,1.732516864769124,0,0
-1.5313802634964881,1.721129366148571,0,0
-1.4975545875606477,1.9060406956009552,0,0
-1.4340853410376937,2.2100488128204194,0,0
-1.2132218570012685,2.3004056077487673,0,0
-1.1521120121956008,2.101458682842363,0,0
-0.7899514222504045,1.9925128787668338,0,0
-0.8619831828601441,1.7416461605727105,0,0
-1.0194488434983935,1.4789116192794807,0,0
-0.9531568831212013,1.432178677477847,0,0
-0.7325685756345218,1.4317924725011755,0,0
-0.9645581384706756,1.1296399899193565,0,0
-1.1454534080986867,0.9842929233764968,0,0
-1.2183087058512918,0.8831085811723385,0,0
-1.2877958094665254,0.9906121053511985,0,0
-1.2363873544588795,0.7229884455916684,0,0
-1.0605333576534366,0.6637069481250436,0,0
-0.8018287180884307,0.7272978754677923,0,0
0.161687481707593,1.4850769072626862,0,1
0.6103331257559318,1.952118986228339,1,1
-0.04601351855011934,1.8489902882738531,0,0
-0.48432003305177396,1.9085270780895183,0,0
-0.6160358193722217,2.0783367556187473,0,0
-0.7252038092214053,2.1853522941671453,0,0
-0.7503864381783097,2.1251248454875955,0,0
-0.8305971092767754,2.026547589791298,0,0
-0.5011013868650773,2.4396876407391273,0,0
-0.5439741420201226,2.4582664785828476,0,0
-0.5227685830560601,2.3091095008555493,0,0
-0.35245404380256407,2.28786422190054,0,0
-0.4426319296873663,1.7400861900916482,0,0
-0.46195962466385776,1.5421507132158638,0,0
-0.3877394803697109,1.398004488005493,0,0
-0.44027218754071523,1.245015599375254,0,0
-0.5604311874226896,1.1426020364822764,0,0
-0.6602070204506217,1.037553206348183,0,0
-0.6571607688073988,0.9658921915935447,0,0
-0.7290176775220644,0.7641085900654174,0,0
-0.7899467478523993,0.9506606178921082,0,0
-0.6855439122330002,0.7355439847240909,0,0
-0.5712850275809974,0.7300167468952622,0,0
-0.416350405735369,0.8619503909557295,0,0
0.4742438809687932,1.520958220202551,0,1
0.7784565460019385,1.9661821865503886,1,1
0.11460011216496237,2.009481004873408,0,0
0.05529548655888413,2.1903959351527234,0,0
0.1355702693108793,2.3362671302802482,0,0
0.011050021216505519,2.223335436923766,0,0
-0.08459953998763556,2.1370103522541597,0,0
-0.2781275829237346,2.085216634523604,0,0
-0.5110339942916291,2.16183531278562,0,0
-1.4476882583201858,2.3292608572394484,0,0
-0.8555761190575889,2.297263579834743,0,0
0.08903950903866675,2.2981381852756204,0,0
0.21230369573368674,1.8376726836550406,0,0
-0.6762287532870371,1.4740782698490662,0,0
-0.3845768794008248,1.4237404427030345,0,0
-0.3259642615098264,1.299684476488254,0,0
-0.4397271677839294,1.1626258252867465,0,0
-0.5566799593808902,1.060400143842014,0,0
-1.2175453480568266,0.8132577737213973,0,0
-1.982999617969005,0.6624929004678507,0,0
-2.168485422171799,0.5518562978293462,0,0
-2.2015942072253742,0.32284500380926684,0,0
-1.7641503438801902,0.1498514547930541,0,0
-0.5773936471218188,0.26799221762028685,0,0
1.5308733004823898,1.0265373475988933,1,1
3.0255952279626848,2.071636012449839,1,1
1.927071145148836,1.6872678121499682,1,1
0.2634884676075195,1.7007733618237215,0,1
-0.06473773048631846,1.6680460761779297,0,0
-0.11896507568539263,2.0430681150271752,0,0
-0.751480564729864,1.9342020937609992,0,0
-0.7034218688535009,1.7872181417990494,0,0
-0.29071406967059676,2.063795507121509,0,0
-0.09753678350201976,2.246357879884669,0,0
1.3167282725955047,2.431796993889714,1,1
2.0867468805403524,2.3975568776162643,1,1
2.3016162926973402,2.2794090985159423,1,1
0.6260784936668445,1.5923345822865937,1,1
0.10042566635708945,1.3776738525141796,0,1
-0.37091905578935686,1.2324529245925717,0,0
-0.03906998641163946,1.1222395066121238,0,1
0.05474673793649317,0.9997932520147167,0,1
-0.873274335695631,0.9165213239272026,0,0
-1.6469762303003928,0.6495134159575456,0,0
-1.9042669231784886,0.505979691095883,0,0
-1.8875952997241392,0.42320749744999153,0,0
-1.341146115323042,0.26168247925061117,0,0
-1.7796272180558321,0.5363066387180881,0,0
-0.4559324291561708,1.324559207353611,0,1
2.1978533057181298,1.940547704864367,1,1
1.0229963746895898,1.7607531183718719,1,1
0.7672439455644735,2.241717686856631,1,1
0.6276947102544674,2.568678575120225,1,1
0.6224951385484611,2.709387273786378,1,1
0.510459714564962,2.2372725124717054,0,1
0.4775981623803511,2.285862317144372,0,1
0.6116250997490615,2.5315248965534156,1,1
0.6041755770558456,2.7351050837594255,1,1
0.7299224868271228,2.6545318103495186,1,1
1.411943820858136,2.9506566820076414,1,1
1.5933547544367077,2.9341030043376755,1,1
0.9233766376243502,2.228081253060476,1,1
0.6462646855951184,1.8739102537908139,1,1
0.5426760895511957,1.7575486274044498,0,1
0.5401764993503436,1.6401099876889924,0,1
0.5588284814136583,1.5142413745405303,0,1
0.5274422471190578,1.2704838589849028,0,1
0.3805837532013079,1.0374785680574896,0,1
0.19891215031574327,1.1383012962680603,0,1
0.20254352708262424,0.9782126146275597,0,1
0.26508344815676227,0.8731003157903723,0,1
0.38535165989845516,0.926940565112851,0,1
1.2069742705621478,1.2810709920768801,1,1
2.1938528719893755,2.163634635160287,1,1
1.245119375594937,2.0501917931358555,1,1
1.10039642999132,2.5992560655457866,1,1
0.942616578887705,2.867295219472404,1,1
0.7160348586092096,2.8251099844248553,1,1
0.6232302863199891,2.499263920532357,1,1
0.6471557136762706,2.5724162946776605,1,1
0.7465981808189754,2.8233241127764575,1,1
0.7694690851036248,2.907776882371524,1,1
1.275566807669743,3.176332079921195,1,1
1.219721688448877,3.3128026732875777,1,1
1.560051867211664,3.0490083970021553,1,1
0.7661870675657598,2.3508228100523847,1,1
0.09664666693461493,1.8236289394151184,0,0
-0.6901363880329783,1.5251301951196674,0,0
-0.6095183542714077,1.4265892275413035,0,0
-0.12865923518908481,1.386024840387485,0,0
-0.7803378122691099,1.0724358246123136,0,0
-0.9172213909802739,0.9574747838283915,0,0
-1.061319662648971,0.8526111734051253,0,0
-1.011795534082175,0.5472247380160101,0,0
-1.005921322176852,0.4059861195219563,0,0
-0.9078380439656936,0.5156518301034626,0,0
-0.4194458365675262,0.6570211385116884,0,0
-0.26970115798750255,0.9663868472520099,0,0
-0.3512923344536267,1.4132808996930892,0,0
-0.31313660047280945,2.037708879064,0,0
-0.23808749378198066,2.5190482032698447,0,0
-0.2719709746447401,2.849773844637047,0,0
-0.6340561698617537,2.4318111741626605,0,0
-0.9011325797366899,2.310877570209626,0,0
-0.8260347671348032,2.4432064497701154,0,0
-0.3953247292060988,2.8972798734403034,0,0
-0.33056624241650406,2.8347450182347873,0,0
-0.5552026173883075,2.4807502823211838,0,0
-0.6708673756066871,2.0234042595769215,0,0
-0.7541942416035015,1.6815856497924797,0,0
-0.5105185713447064,1.6233621807282999,0,0
-0.7421034904577702,1.3333727171606895,0,0
-0.05581988838496463,1.580113439951885,0,0
2.1465714018586266,2.4499449576636163,1,1
0.40925346016920344,1.6906599977754515,0,1
-0.826035182044524,1.106889828827849,0,0
-1.2406567733411982,0.9274459419605136,0,0
-1.1111958897040395,0.9109752806660344,0,0
-1.221763073563554,0.7777447433691368,0,0
-1.4362604787096926,0.6679938940283822,0,0
-1.4382140020823406,0.6940179165861724,0,0
-1.4594861761864621,0.8631658236838505,0,0
-1.4635663736741344,1.2400825193056515,0,0
-1.4575210217511965,1.499219869594664,0,0
-1.452786045322247,1.5383083936026454,0,0
-1.483683400716179,1.587703517923261,0,0
-1.570671749178456,1.3397827538391296,0,0
-1.6145594982992153,1.2345530504021553,0,0
-1.6304474593184746,1.1574843325615656,0,0
-1.5259671300043245,1.2693653413250598,0,0
-1.4526064932771026,1.2913552186855222,0,0
-1.3100699540852985,1.184306519032899,0,0
-0.9020018884098622,1.1066442904504736,0,0
-1.0619891135215596,0.9388895392464337,0,0
-0.9364443173674724,0.9677209484896612,0,0
-0.9187754587797723,0.9076612428270899,0,0
-1.1711253474255672,0.8184800462184726,0,0
-1.2402583173058397,0.7743024157703764,0,0
-1.4080810973011588,0.6849461441607047,0,0
-1.648346621375523,0.559760813033898,0,0
-1.733825378811103,0.5117729901208218,0,0
-1.7621537348744938,0.522833247666326,0,0
-1.7250728662801313,0.5001264826824192,0,0
-1.5573029213699505,0.6179106527310833,0,0
-0.8793588264502405,0.9001760107956602,0,0
-0.8172916074220683,1.0025315682704852,0,0
-0.957777577953495,1.1759698881964538,0,0
-1.2689459423567266,1.1761905073050098,0,0
-1.2016263017484121,1.3392774503527902,0,0
-1.3240207995759112,1.270437123335423,0,0
-1.2562988192663407,1.3318012513507165,0,0
-1.3808312665947449,1.3438655209501296,0,0
-1.3103709533915398,1.3879004306625882,0,0
-1.2117577701250102,1.446716298021676,0,0
-0.6143994190893,1.6496146433728485,0,0
-0.40406591144512777,1.751762518148098,0,0
-0.27838014018492363,1.6008988301384541,0,0
-0.97463563633911,1.193656539239672,0,0
-1.326372924154126,0.885865095855867,0,0
-1.307648561834326,0.8419800604710663,0,0
-1.4093541582110232,0.7670228416052082,0,0
-1.3930832841707665,0.7829772319675753,0,0
-1.6793439084153525,0.6508951033867524,0,0
-1.772167219003625,0.5827304223900415,0,0
-1.6803177470689847,0.3099201763850542,0,0
-1.64928761654467,0.41282902377079855,0,0
-1.6590134073161935,0.4985206337164862,0,0
-1.2292791881484084,0.7403829006993393,0,0
-0.18952634534093415,1.1575112896302402,0,0
0.6033704352475885,1.8487927537514302,1,1
-0.9329004380844991,1.5104471452984665,0,0
-0.7707387926526986,1.88276360606035,0,0
-0.8233674802441776,1.657497429879612,0,0
-0.4898136792600521,1.738093250017395,0,0
-0.34083995572412784,1.6161026553829851,0,0
-0.7472262381563011,1.4271694833720454,0,0
-0.7409619584857398,1.3839322378195897,0,0
-0.5047244346808458,1.5226308962100252,0,0
-0.05368938972882428,1.6024050362462885,0,0
0.6647400918744879,1.8156022806524275,1,1
1.2731757227259157,1.848624497696251,1,1
0.7671671362979425,1.50760911924559,1,1
0.183790269055255,1.1162426625566855,0,1
0.20883172206721987,0.956844928837991,0,1
0.4287150690250106,0.9952900658700667,0,1
0.6485984159828009,1.033735202902142,0,1
0.8684817629405913,1.0721803399342178,1,1
1.0883651098983824,1.1106254769662938,1,1
1.3082484568561732,1.1490706139983693,1,1
1.528131803813964,1.1875157510304455,1,1
1.748015150771755,1.2259608880625203,1,1
1.967898497729545,1.2644060250945963,1,1
2.1877818446873354,1.302851162126672,1,1
2.4076651916451266,1.3412962991587478,1,1
2.6275485386029174,1.3797414361908236,1,1
2.5795485049193143,1.4351318938354678,1,1
2.5315484712357117,1.4905223514801116,1,1
2.4835484375521095,1.5459128091247558,1,1
2.435548403868507,1.6013032667693994,1,0
2.387548370184904,1.6566937244140436,1,0
2.339548336501302,1.7120841820586874,1,0
2.2915483028176995,1.7674746397033314,1,0
2.243548269134097,1.8228650973479756,1,0
2.3893507911203455,1.9342626066837436,1,0
2.9398513832920865,1.9311357211398268,1,0
1.927056137148161,1.495997275022601,1,0
1.1650289819779234,1.238719722508062,1,1
0.8585236839973703,1.012070934620091,1,1
0.09722302492427111,0.8545181652214129,0,1
-0.5973267526623487,0.605846204840848,0,1
-0.9632874892641341,0.42396945657460233,0,0
-1.5742003240288305,0.17271119954019376,0,0
-1.9370570579571396,0.20663078229751453,0,0
-2.0917409606340005,0.01131616153689141,0,0
-1.9851825835345496,0.06022340635993058,0,0
-1.4531384322710723,-0.06472457720214748,0,0
1.8524205687190098,0.3652543820091177,1,1
2.0063197751838433,0.6936271460909754,1,1
2.4405487958107197,1.149324343051512,1,0
2.2555087034722536,1.7403371486725168,1,0
0.7479624606188267,2.0227435783738663,1,1
-0.20861278903311506,2.116289677729555,0,1
0.2317223397789807,1.9360457044732189,0,1
1.2288609952479035,2.036581209781389,1,1
0.7829330502570012,2.0311478445616227,1,1
1.4002119251210068,2.33816757768102,1,1
2.99044781791384,2.5335364082288767,1,1
4.406823672997976,2.7251648376078865,1,1
2.4580849564664544,2.1656771572211517,1,1
1.6990960566510842,1.7678767700065643,1,1
0.11817702261208804,1.3153493818807918,0,1
-0.47820239192159864,1.2380265885468513,0,0
-0.5406447499680503,1.0516948910007242,0,0
-1.042103380529845,0.8782402985458599,0,0
-1.5433163613344654,0.7250742243470374,0,0
-2.08698651687299,0.5196731755285168,0,0
-2.2554044393853125,0.5903393472205359,0,0
-2.406214765154819,0.6517314553852994,0,0
-2.03481235356185,0.37000854824712215,0,0
-1.5218858264614021,0.3976129088830463,0,0
0.8143645755271358,0.6528978594805269,1,1
3.0392183929949876,1.3702999318463098,1,1
1.7521517740044346,1.2793934376262337,1,0
0.41410254577950656,1.4483719378231685,0,1
1.0713134164260747,1.770794021832123,1,1
0.8526742808681751,1.9360219201414999,1,1
1.2777904381174792,1.8244758973891144,1,1
0.16961324049632015,1.7510926975924395,0,1
0.30069177220029886,1.8084382083476345,0,1
0.8188610967240522,1.9834646701981342,1,1
0.9184863845067823,1.9089444880286643,1,1
1.5262993374653158,1.842392279321262,1,0
1.7256336199074818,1.6029779036177496,1,0
0.8367732349553944,1.2894715650762576,1,1
-0.57797661790157,1.0345031613944828,0,0
-0.31533465214036593,0.9483496033577086,0,1
-0.17185152117939292,0.8495514095515583,0,1
-0.5601905496373942,0.8684659493186716,0,0
-0.7739696722987501,0.5970555446680224,0,0
-0.8647314540697885,0.49675525767090395,0,0
-0.912201322433945,0.5151341135880854,0,0
-0.9303662977233814,0.4698515298756273,0,0
-0.7933840363922617,0.09089511249096478,0,0
-0.7131408342264307,0.1539798488311248,0,0
-0.2491361697013792,0.29974443639128673,0,1
-0.11360180344855193,0.5844766281366328,0,1
-0.3039365864730094,0.8511336176782345,0,1
0.015317539174955586,1.6363667297078484,0,1
-0.22436182767519194,1.8322161215718686,0,0
-0.40696513513311566,1.9086900853692423,0,0
-0.3947547729009557,1.7446498577795975,0,0
-0.49237182225407106,1.648779461135302,0,0
-0.4829219080218295,1.7840459481930242,0,0
-0.34131222038653,2.1662924750891013,0,0
-0.2705032578375547,2.011231299686586,0,0
-0.10104481440413422,1.912682998487999,0,0
0.10273996986975696,1.717348565279092,0,1
-0.15628738507935003,1.291362184433481,0,1
0.02547663095570815,1.2529032334257886,0,1
0.1515145414768625,1.2287568430757283,0,1
0.1972898260024978,1.157192327176444,0,1
0.21852157755956694,1.071263541778937,0,1
0.004030257012868569,0.851890287726492,0,1
0.08983495808841513,0.6429829127740857,0,1
-0.10416805004006668,0.5616392755295658,0,1
-0.09969812064485181,0.40636469921514834,0,1
-0.1910383789165851,0.3572289206044697,0,1
-0.14812314384211386,0.3533502095687709,0,1
0.05157515236017195,0.2854137119329823,0,1
0.15208499276555934,0.5797746612300474,0,1
0.11553790857284588,0.987215686637294,0,1
0.06707779963227095,1.476102719773527,0,1
0.003536986927333382,1.7469092279937257,0,1
0.09390942240772343,1.6833855888303493,0,1
0.23287879248081222,1.4659341439241078,0,1
-0.019140265597119618,1.519845460821164,0,1
0.037684858107446866,1.2296338895904404,0,1
0.2220378558899273,1.675872000219518,0,1
0.34198484004961527,1.845034204082186,0,1
0.3812296584614597,1.639590494726044,0,1
0.7313159469339541,1.5527580250036144,1,1
1.0843893724260627,1.5838681104137264,1,1
0.9549927347370928,1.4259367414425954,1,1
1.516258194117064,1.6883621205034098,1,1
0.8829712189141689,1.1191915998630662,1,1
0.6074781680975265,0.9060072392797041,1,1
0.4829759506063435,0.761690066214894,0,1
0.5084612841585832,0.4160347943026409,0,1
0.5471988249845586,0.30275102920210517,0,1
0.6203715975523788,0.1371272967561696,1,1
0.7423302039383874,0.19092199646522448,1,1
0.9403276052719054,0.32147031650677155,1,1
2.180679762482589,1.177565581673469,1,1
2.415686252204018,1.5615007817180449,1,1
1.525005862420221,1.2385656019709381,1,1
1.54227620590004,1.6442827914630274,1,1
1.044664615980195,2.222414390871191,1,1
1.0502698730088176,2.6076217613601536,1,1
1.1500113496265745,2.4673703189704708,1,1
0.054441791568875145,2.2085070330961893,0,1
1.4014399347477473,1.9310442982669946,1,1
0.28940600583724585,2.502157343982468,0,1
1.2186854099673041,2.4728176807444595,1,1
2.646234355920617,2.554155432214778,1,1
4.315355787615615,2.821360456084138,1,1
3.664663209347047,2.0540863802542213,1,1
3.011522089822508,1.4685506592545519,1,1
0.37189884207852236,1.348852036327927,0,1
-1.9050931150337092,1.2856768776502028,0,0
-1.6101062170059197,0.953694084892069,0,0
-2.015475438066323,0.9307891517120447,0,0
-1.9781617909732383,0.7214765639908174,0,0
-1.8220416234604215,0.3402285299773029,0,0
-1.7051850010490057,0.23115055576302773,0,0
-1.6426270061711699,0.35867724024185343,0,0
-1.3203246135439282,0.638936320463474,0,0
-0.16073703696733493,1.438675281329472,0,1
0.12900377726376566,1.8040522191295496,0,1
-0.5911955147829795,1.959912643146946,0,1
-1.1572495213155407,2.02618944818306,0,0
-0.8722750839227091,2.288976167711079,0,0
-0.8509413582622822,2.521621985947992,0,0
-0.9211640787187645,2.548970177992216,0,0
-1.2479869641335652,2.4909871350673654,0,0
-0.799302421537385,2.3024196446180483,0,0
-0.35274967564020676,2.275015828451566,0,1
0.1400356289647874,2.58295026893934,0,1
-0.30053533282481387,2.2964120315731873,0,1
-0.46810269760744383,1.5986069649807637,0,0
-0.7431343715019744,0.538165619406379,0,0
-0.8295569947017406,0.35034989207950296,0,0
-0.8382761295044413,0.505224041118095,0,0
-0.6995784500561741,0.29277093682669325,0,0
-0.6933565493785199,0.5297531537376032,0,0
-0.7580888735530389,0.6098661218218365,0,0
-0.6502851529095406,0.47162035289912674,0,0
-0.6077103840020297,0.5051416818535773,0,0
-0.5238212156931487,0.4853745694202789,0,0
-0.4324737796126962,0.5074822117841893,0,0
-0.13005090999744964,0.5546272075090845,0,0
0.4170541058732788,0.9966780502547243,0,1
1.1709941911199908,1.4924651103456916,1,1
0.5857094922282847,1.3658568865676954,1,1
0.6524817598486167,1.6025453132276357,1,1
0.9041168042226645,1.6736554500358878,1,1
0.9096846127944909,1.7298459261477752,1,1
0.7190909910467073,1.660455710997825,1,1
0.7017863008127424,1.6439236471619358,1,1
0.9009713947088006,1.801056225308002,1,1
0.8354880788447479,1.9807746890812692,1,1
0.887448125414934,2.044195133707929,1,1
3.928410683804704,2.408390025395721,1,1
4.381991268060666,2.3967824596128313,1,1
2.029809975561136,1.6600194137158255,1,1
-0.530743684838672,1.0421808258949004,0,0
-0.7144288445084672,0.9539379403886543,0,0
-1.0734975778830893,0.8685567560721086,0,0
-0.155340109877715,0.5804144777512545,0,0
-1.8573661595648967,0.6666143279471785,0,0
-2.2311238893170993,0.5349955072806125,0,0
-2.056406205786965,0.3703136316679567,0,0
-2.0889460677032883,0.1679652260279716,0,0
-1.5018933371084366,0.2770303526345872,0,0
-0.9324182332141953,0.48080553451353586,0,0
2.3085274608372712,1.1041089693208388,1,1
1.9536636273853738,1.3004391385265386,1,1
1.7362769558506916,1.2961597846590451,1,1
0.39956913328236293,1.0773822032245424,0,1
-0.9259722201369464,0.09801638623091113,0,0
-0.38927705670730944,0.5647566756405086,0,0
0.3721688485035101,0.8368225710397003,0,1
-0.2777570476634394,0.7300114900805156,0,1
0.017412223803892575,0.7755413786242049,0,1
0.23259308631867429,0.9549153543151649,0,1
1.2124967873503885,1.2519137634293527,1,1
1.181481828468595,1.2548216896895241,1,1
1.0208201891616016,1.0902961374601994,1,1
0.642744103695634,0.769937444900052,1,1
-0.41147378038680116,0.562740639437132,0,0
-0.26247395067587476,0.5715112200436655,0,0
-0.28376149184750094,0.37877178820344526,0,0
-0.12421697849335868,0.4674569374794445,0,0
-1.3667429820162202,0.37132348620426586,0,0
-2.2851793579581465,0.23649907226852102,0,0
-2.500607473592089,0.11538672848037017,0,0
-2.6978957772246632,0.05450988825501263,0,0
-2.668106434652297,0.017858816660861646,0,0
-2.2410110166840287,0.03707172113733238,0,0
0.7447920338308637,0.5264720632534906,1,1
0.008897898474142888,0.3024992866239695,0,1
-0.8359689002884377,0.21254992516492696,0,0
-0.34907619392548656,0.45088133614827086,0,1
-0.09028598014440956,0.6335463553883784,0,1
-0.6587900082800368,0.6231164163346228,0,0
-0.27555125761039295,0.8097956383245386,0,0
-1.2027688222428523,0.5882051416216064,0,0
-0.713672092282979,0.8146749493679745,0,0
0.3282890916921773,0.9326105085341841,0,1
0.6885525176993419,1.0668080158737667,1,1
0.6170353503372475,0.9676835784278467,0,1
1.0553529633520407,0.9288811835735153,1,1
0.007770016658190337,0.58763985576297,0,1
-0.5924724879768556,0.3992688158159124,0,0
-1.0990059737077567,0.37432620626809426,0,0
-0.958576812624042,0.39955045302159026,0,0
-0.8454935697285874,0.4253083178707714,0,0
-1.6572359578538527,0.2539768001653949,0,0
-1.9672989036729218,0.16902441175014168,0,0
-2.1247225608966107,0.058818086980296114,0,0
-2.210524476644756,0.09504992814198716,0,0
-2.2858045713334536,0.02104873959970443,0,0
-1.6337006395376474,0.027768321083463846,0,0
-1.0746511628114408,0.14376391900216584,0,0
-1.2153079358697876,0.1897418840082165,0,0
-0.6976387569673729,0.7947420739481407,0,0
-0.9829315190216849,0.8343605349889296,0,0
-1.246478601060637,0.8741279342227224,0,0
-1.117693890250773,1.061282527938154,0,0
-0.9201606834631095,1.1070594615238238,0,0
-1.3944577744747617,0.9916304547560675,0,0
-1.5012684807420986,1.088805045949281,0,0
-1.3735824286930054,1.206745999949254,0,0
-0.8381951252124685,1.1440143146718467,0,0
-0.07847956206831258,1.0433592216655518,0,1
0.42048051711954604,1.007471757906324,0,1
-0.1933067734900051,0.8610088666443927,0,1
-0.6648424235549368,0.6348708132067725,0,0
-0.4169370063557543,0.6302499303647898,0,0
0.3796446881367821,0.7341262310027145,0,1
-0.05867851578530494,0.5605216297420365,0,1
-1.0499425369825166,0.33019844082963623,0,0
-1.4277605680526748,0.17669926294614835,0,0
-1.3913291050912011,0.12644847780942972,0,0
-1.8248598615106963,-0.04733774270438533,0,0
-2.380780502714067,-0.024402004587183303,0,0
-2.1133246229101847,-0.18896752352407856,0,0
-1.474062985879614,-0.34620980957959957,0,0
-1.0651327558586832,0.05635291955961156,0,0
-0.6377400745178633,0.6160027614761591,0,0
-0.04003800457400545,1.2001549918943952,0,1
-0.15738429244722862,1.5655790910317424,0,0
0.03886130688384428,1.8105473787121655,0,0
-0.3578951400540504,1.5950492002120382,0,1
-0.7338184614054847,1.643753653457975,0,1
-1.6133596438130595,1.51250409522544,0,0
-0.6973000382671579,2.022228931016055,0,0
1.7914915146587609,2.523042393679016,1,1
1.9232779212125342,1.912853101498633,1,1
2.6822127437671526,1.8182157879567282,1,1
2.1122887132386934,1.4413056022242534,1,1
-0.243461187943281,1.0033476530601009,0,1
-0.6929325406258364,0.8931932473577632,0,0
-0.5673026536055181,0.7884754526513884,0,0
-1.4483633719588183,0.673571378930363,0,0
-1.9654687264657376,0.6406694069715784,0,0
-2.2252414930406923,0.4039872390964367,0,0
-2.2344654503968804,0.12658772223496637,0,0
-2.2175702959847783,0.040386088551310685,0,0
-2.203078390847855,0.16781348471837235,0,0
-1.6367485166047655,0.10745151916970061,0,0
1.3188826793547161,0.7550879791532842,1,1
3.1423877173657786,1.3536287126534767,1,1
3.9868125992373398,1.6717034997931464,1,1
2.055253124669954,1.564618490560702,1,1
1.9658342548432597,2.0458662348833303,1,1
1.327827821379415,2.180172570779029,1,1
0.878689480786605,1.9248138779308084,1,1
0.28878826661565976,1.7662770041438725,0,0
0.12231700423980521,1.9119216840816347,0,0
0.4439949044214662,2.2979283887350905,0,1
3.328339106876001,2.813318006098294,1,1
4.0558430876992135,2.5633827910601963,1,1
5.210051642532002,2.4024631763821827,1,1
2.256209676661996,1.4691963020944436,1,0
0.018386622978739532,0.9079996336701988,0,1
-0.1534283558798843,0.7706688066211794,0,1
-0.9266467449960056,0.6222683695811181,0,0
-1.871105846317575,0.6341867646521694,0,0
-1.7897083216808,0.4388246772551155,0,0
-2.179341470371592,0.4215405027176565,0,0
-2.3430345867005338,0.36585175633568356,0,0
-2.4679208699474384,0.2267706395707787,0,0
-1.9486167605193738,-0.0648951040508682,0,0
-0.7557837454184929,0.02667985006202794,0,0
3.9428432921874865,1.045409864043767,1,1
5.379703429431007,1.7758816165363511,1,1
3.6886451585148525,1.509020596066918,1,1
3.2474326042330235,1.7523088802715157,1,1
1.2837619051957725,1.8775728374458707,1,1
1.4478773196275831,2.1019600889357317,1,1
2.1303721174855443,2.05911737928527,1,1
0.3953343716931969,1.7865381664071218,0,1
0.699917056559103,2.024088363276879,1,1
1.433860605446233,2.214152373312636,1,1
3.3655535853884198,2.5492805823583713,1,1
4.028461687816369,2.4287917447379446,1,1
3.893582950614925,2.1415468567000184,1,1
2.383578537896535,1.5870573372857912,1,1
0.16199126797931634,1.083932408331175,0,0
-0.9202157308783527,0.8542159266273496,0,0
-1.2370014501793876,0.7204471776945423,0,0
-1.4929239438749033,0.7044711086700015,0,0
-1.5435539133873024,0.40780013117082886,0,0
-2.2908503383992773,0.6353239939589187,0,0
-2.263361171421254,0.12398028043169404,0,0
-2.1148118565263565,-0.05722765636456186,0,0
-1.441134495512046,-0.11398688788644971,0,0
-0.5321575704689174,0.11561664741293125,0,0
2.366160078979435,0.8715508756025028,1,1
3.427804833624367,1.5791119234769613,1,1
3.972368516885035,1.7511216583505993,1,1
2.2932027026568056,1.7444590784220235,1,1
1.8491987535566794,1.925544700946984,1,1
0.27945980072000637,1.9732015369061409,0,1
0.36233235313582196,1.6428053015098176,0,1
-0.03291774707764439,1.663891603029484,0,1
0.6914891957633456,1.9305759108385439,1,1
0.9472329818786748,2.2588783106207226,1,1
3.600805120574575,2.628455448443658,1,1
3.4860362325219048,2.3420304146234203,1,1
3.3494100116914822,2.113895602190275,1,1
1.826562720636913,1.5552678252180951,1,1
-0.04381870525868419,1.1480426958690504,0,0
-0.33717028835352164,1.0220475905626656,0,0
-0.6759583467691157,1.0118181381126798,0,0
-0.9213448769507862,0.8383211295211326,0,0
-1.3309014838677997,0.6935042656782533,0,0
-2.0962477445968903,0.6661051370162244,0,0
-2.3189605659668358,0.5930552903591089,0,0
-2.334817825019914,0.37456823551624857,0,0
-2.1349406109527513,0.6313597235125344,0,0
-1.5147782965426144,0.5275938840508433,0,0
1.4679982959928195,1.1641922678072207,1,1
0.661542531413615,1.439795868724777,1,1
0.5718150912910743,1.596300496989896,1,1
0.49249423721945124,1.5974084800619517,0,1
0.7573530973205451,1.6537391736843237,1,1
0.6554186794777216,2.05789410642725,1,1
0.7460377785106223,2.05062132306833,1,1
0.5421628112247244,2.070686202976984,0,1
0.3780589629479392,2.1578002364353077,0,1
1.2037917954537642,2.4363047417366683,1,1
2.853413163984363,2.70954935054083,1,1
3.0239903388967897,2.459467125660209,1,1
2.710680733383564,2.250357192443731,1,1
1.2058829232711608,1.7124263028723608,1,1
0.05852918509801435,1.356217874119851,0,0
-0.2244115993398259,1.0667215210372776,0,0
-0.6733576143031615,0.762819929025544,0,0
-1.5973469011034633,0.711248009039722,0,0
-1.770150471226832,0.4979559197715902,0,0
-1.85933162170655,0.5724420704987132,0,0
-2.2151674612687913,0.5096930555054459,0,0
-2.2303043006564733,0.30359192286719505,0,0
-2.021177471833562,0.20468164657856538,0,0
-0.7949616276692615,0.47369805592772873,0,0
1.85646382499393,1.1060629471001413,1,1
3.9739490126572656,1.7973600325709123,1,1
4.243800529796784,1.718055360405126,1,1
1.9495336291751366,1.5897208911254606,1,1
1.2484435025895428,1.7521909481014954,1,1
1.9153429568814115,1.8712388800062203,1,1
2.7949179241246784,2.0000390800844867,1,1
2.4190880661184635,1.8810419952262265,1,1
1.3388575781152645,1.6986500556116106,1,1
0.25794845022744667,1.4176072325744726,0,0
0.09345095971671225,0.21521768691612808,0,0
0.5454139024697968,-0.18301028903319141,0,1
0.4686603902507024,-0.272771074518877,0,1
-0.29443826706762716,-0.5549742332704192,0,0
-1.8389757253559225,-0.9444870669406937,0,0
-1.8621396214828414,-0.8216939333868323,0,0
-2.0535565246602725,-0.5370397453561288,0,0
-2.348907267579534,-0.47240663381288456,0,0
-2.324751839434689,-0.519803180451051,0,0
-2.616338850145465,-0.653612969619387,0,0
-2.645266559982716,-0.7487494339921763,0,0
-2.5270683541065213,-0.761349046616749,0,0
-2.6954751856985535,-0.7283768351915623,0,0
-2.769848479917452,-0.6633495739955534,0,0
-2.5768539204925456,-0.6366071801152244,0,0
-2.43708140452172,-0.5838337153231049,0,0
-1.6035608773751393,-0.3967333092188824,0,0
-1.3750822343533342,-0.2726593151200337,0,0
-1.1016394318213532,-0.05187184055676249,0,0
-2.0083731334250685,0.06331699588077794,0,0
-2.1164586677454262,0.11756980954340969,0,0
-2.295731446566856,0.0098935847018411,0,0
-2.35234190361435,0.006463734204785586,0,0
-2.160106623994564,0.23909767241099317,0,0
-1.5690881637853502,0.18359529832564855,0,0
-0.8731809728852585,0.15218192558693625,0,0
-0.42993639961702684,0.16352980522228078,0,0
-0.06243787308858928,0.17073202990783234,0,0
-0.5874801760191384,-0.1804164548285406,0,0
0.03677798198886757,-0.12474013708192523,0,0
0.5845337073852042,0.06829628872353043,0,0
0.2660804790276294,-0.1808076412751478,0,0
0.4484297450929138,-0.3441309394588562,0,1
-0.6489342111550888,-0.5202762831790637,0,0
-0.8557405997268508,-0.8010388520323996,0,0
-1.324675629804749,-0.8888856171436055,0,0
-1.5889788423098485,-1.0745356722702715,0,0
-1.9483060638429905,-0.9500445062548036,0,0
-1.3634333712270381,-1.0969609469381396,0,0
-0.46172397793941317,-0.6418126043957914,0,0
-1.8193379048264733,-0.08614634989319045,0,0
-1.9425765415318872,0.1387811344514606,0,0
-1.6877111785123544,0.17835343460461137,0,0
-1.7102300044232788,0.257491615099385,0,0
-1.7461906952316386,0.2108576960297736,0,0
-1.812290955406535,0.2029457753173413,0,0
-1.6007647669371285,0.10953974929735974,0,0
-1.8210155273470567,0.3029878997820047,0,0
-0.030774996355672712,0.5899740040013948,0,1
-0.23090231126632246,0.262232128408594,0,1
0.9320393162113356,0.2656771869613586,1,1
-0.26418623264316815,0.013630382635670379,0,1
-0.18156088353031413,-0.1315171510521397,0,1
0.018965314765350617,-0.18560593030791236,0,1
0.27733446033983794,-0.20555348364301057,0,1
-0.22215574169419913,-0.32150057347302213,0,0
-1.069619742877849,-0.5135417603031786,0,0
-1.3480831470668948,-0.7067420602506931,0,0
-1.6689017670385833,-0.9352098373534583,0,0
-1.6998006741678098,-0.9273704318780266,0,0
-1.194883067295342,-0.8411023354682714,0,0
-0.022756143827205248,-0.7211405533341859,0,0
3.9588585616793397,0.24149719923220872,1,1
2.442217993949985,0.12427989682941999,1,1
-0.34210617930415593,0.06646135029383554,0,1
-0.07354993355780054,0.38186791129955394,0,1
0.05217540171334501,0.48545540399845294,0,1
-0.4868374568297016,0.2776267665140092,0,1
-0.4536490589193795,0.3977020283356798,0,1
-0.4756152026325566,0.5246902746362719,0,1
-0.2540696156689506,0.4965572061614163,0,1
0.0076631834067976004,0.6977373844054856,0,1
1.1782729445796971,1.039759832530166,1,1
1.864795669041174,0.7604449039789021,1,0
2.5392587517598213,0.6955596886459134,1,0
1.6327078895923166,0.23260568174093937,1,1
0.6301339092781268,-0.07527724721361011,0,0
-0.48775657889085455,-0.26526010897208985,0,0
-0.8902953248192246,-0.39787054023392765,0,0
-1.1989642818460893,-0.42658957812926795,0,0
-1.554222170321913,-0.720432086274265,0,0
-1.596038870933743,-0.8424155891120501,0,0
-1.773261668615815,-0.9495792937051225,0,0
-1.8063004423732016,-1.1654920370905237,0,0
-1.3760890209414594,-1.2581954919272447,0,0
-0.6655124415771067,-1.098725821885313,0,0
0.9577578433068343,-0.5628290253637854,1,0
2.8209862849179976,0.13625512537420123,1,1
2.8606931925099484,0.3088389745297025,1,1
2.896976596346907,0.582088994149974,1,1
2.4443923470955635,0.980553432788835,1,0
2.4830471680237456,1.3617932662336552,1,0
2.5779411446939506,1.2253577850894937,1,0
2.146575751710519,1.1355275409631214,1,0
0.3470781356444855,0.9672727983415057,0,1
1.507218662956321,1.5005664143612838,1,1
3.1432926227739295,1.8048814551968952,1,0
5.334342854748413,1.8788813452970738,1,1
5.9778978763512844,1.8675984587239132,1,1
2.985703232120085,0.918024003863215,1,1
0.2537911687987225,0.2728279377884553,0,1
-0.4800276685079612,0.12388493208972337,0,0
-1.183248212838784,-0.12983253617588833,0,0
-1.1034739683674228,-0.33027724890496285,0,0
-1.5246055516484092,-0.5124538088054573,0,0
-2.015405440774662,-0.4257656362539759,0,0
-2.0940132643032485,-0.724332067924152,0,0
-2.1327070152624596,-0.8540619895089475,0,0
-2.236645680005135,-0.4726024947112621,0,0
-1.799270277068717,-0.6817946194691927,0,0
0.15002796427023543,-0.3776165219542599,0,0
2.947313762277252,0.26139061595445495,1,1
3.9947463235544642,0.8555369503760827,1,1
2.8322059969689497,0.9130656274142577,1,1
2.654052381793969,1.192859807174002,1,1
2.014441246943217,1.4812769565075317,1,0
1.1872070640241315,1.2081586019229567,1,1
0.48195861194360706,1.1058877797589743,0,1
1.0123069491312808,1.304235283553874,1,1
2.2351486520424793,1.505761118503612,1,0
2.567680369304844,1.4774677849690854,1,0
4.232258678315262,1.7818617640985912,1,1
4.77507321516354,1.6983968543705443,1,1
2.9526317453140583,1.0293099116240687,1,1
0.21869704024604894,0.45096914607157074,0,1
0.10520431005317206,0.21194706098681246,0,1
-0.8956722586690006,0.1716569798572443,0,0
-1.4062236510476704,0.008526941014743435,0,0
-1.3432163278553808,-0.16988273764390133,0,0
-1.4099899166379288,-0.37865056249131357,0,0
-1.444055395346372,-0.16284382112760323,0,0
-1.2933084900041747,-0.5311446920251807,0,0
-1.1510668522321306,-0.3289913543267574,0,0
-0.8368949368202915,-0.15604892405070062,0,0
0.24689645245207695,0.5406577423658838,0,1
1.008938919871487,1.0500788610927423,1,1
0.11900020359206077,0.5017946539102499,0,1
0.22739830232565866,0.7990105824705055,0,1
0.3478811819831033,1.0128566775398862,0,1
-0.440346635688425,1.0166411577214276,0,1
-0.3798962496471372,1.0538179769659584,0,1
0.2523730156431842,1.3829959208298066,0,1
0.7866157448950519,1.5744330622466187,1,1
2.1021913265067838,1.8196353719556433,1,1
4.754363553979777,2.4055122000727307,1,1
4.390759278164388,2.2225221373050648,1,1
3.6368395395627457,1.951473959232814,1,1
2.0611044311338396,1.3932589067334937,1,1
-0.8105624107397473,0.8693564703896273,0,0
-0.8959691389719885,0.7855384696169606,0,0
-0.623723348160434,0.6963177593894232,0,0
-0.4297545294464406,0.5418921663063188,0,0
-0.902953039879273,0.3849415233223868,0,0
-1.246592796412041,0.1975811201174563,0,0
-1.7770267690380905,0.26139927665677115,0,0
-2.042226747555213,0.14941083177416534,0,0
-1.745880650091197,0.054067838826845,0,0
-0.5804113226856715,0.23977730935735245,0,0
0.8226205357870701,0.8195812193612362,1,1
2.0653800196636625,1.419071574275093,1,1
1.8579496649836318,1.2656705163438011,1,1
2.2222759288877434,1.3788487992315681,1,1
1.895857609940324,1.411090984342785,1,1
2.007552949851385,1.4672537078452241,1,1
2.0943348011134026,1.6301547445625242,1,1
1.1681325490820058,1.48706268054146,1,1
0.12566899467440856,1.3786313644300003,0,0
1.3636209839026183,1.750154039031575,1,1
3.4348908358037664,2.079871907728992,1,1
3.601543716009836,2.1490653139536806,1,1
3.8696850409848143,2.1664372999377965,1,1
3.031547357467997,1.4371243413147305,1,1
2.6486218811251865,0.9936278576387166,1,1
2.4946016926177568,0.8699241740110641,1,1
2.361511794376035,0.6948122417946524,1,1
2.460623679068908,0.7230091846244133,1,1
2.2900616773695113,0.6210180928848386,1,1
2.1970203587986106,0.5393597437206858,1,1
1.9848854480079003,0.5848963689823118,1,1
1.9677749517934313,0.442283560659035,1,1
2.065974173056393,0.4764755444533736,1,1
2.083274199753966,0.46672552874138873,1,1
2.432721842242273,0.7118861954283292,1,1
2.4559556119077834,0.8931940959976151,1,1
2.356395671502045,1.0884201606242805,1,1
2.181173098388802,1.2517481249122426,1,1
2.2417077533230456,1.4543130539268745,1,1
2.2096618738474816,1.5537511399864814,1,1
2.135593791638735,1.5253860707094633,1,1
1.867035765654731,1.404066599762674,1,1
1.9464585326167831,1.4295850205477296,1,1
1.9722182622855,1.5490624295795274,1,1
2.098891081967123,1.4777406810941016,1,1
2.167766516147267,1.3885099864714856,1,1
2.653455244024143,1.6191889504686503,1,1
2.4778449337056423,1.3654522946371608,1,1
2.070934648577052,0.9949720781397156,1,1
2.0592216528103955,0.7686678359890774,1,1
1.9357196018756666,0.8516003779171712,1,1
1.8779128450978173,0.7123198355100814,1,1
1.7478419268459344,0.562465234840893,1,1
1.633102952562969,0.5846318787106997,1,1
1.5992529188325122,0.41842108190255006,1,1
1.5479876665605838,0.372953641474157,1,1
1.4949678458378755,0.33904245643175107,1,1
1.475818229623824,0.3031407984307108,1,1
1.5961562261553754,0.3697632978512579,1,1
1.5764798985069248,0.47649178332195985,1,1
1.6463170062335428,0.752453216353131,1,1
1.7844415231020139,1.1606915234726591,1,1
1.5850950109060264,1.3535173410557675,1,1
1.7288845326257458,1.5837714237742584,1,1
1.5111017753207516,1.576937676081542,1,1
1.3491051619971055,1.5072845758720617,1,1
1.3812773263579068,1.4875696141909924,1,1
1.333431532965422,1.4632371366516541,1,1
1.4077816251013155,1.5229328688394115,1,1
1.634681305039691,1.3600193086227792,1,1
2.2398662816545087,1.5985561808008315,1,1
2.279023727307652,1.4831929105203252,1,1
1.6036861251573131,0.9284314642227568,1,1
1.4569281197012303,0.8478847412298466,1,1
1.443765078704969,0.5852519423039328,1,1
1.3021193008355543,0.3762497684357022,1,1
1.3015762072714887,0.11995997791290208,1,1
1.1493214169152697,0.12303744871892128,1,1
1.1298772400612889,-0.09523981375043619,1,1
1.149054824576008,-0.20988917306864555,1,1
1.1787319775460112,-0.07324417364905195,1,1
1.2740610907280694,-0.11188768660601016,1,1
1.5669219126453153,0.2924468746653299,1,1
2.098784214656406,0.6679820456986821,1,1
2.263980537488988,1.027296061383022,1,1
2.0183259572895276,1.3981433543804591,1,1
2.023263430917754,1.614189585342484,1,1
1.9931452826267926,1.8415067333142743,1,1
1.7294435564249286,1.7333189477582271,1,1
1.4498590414577606,1.6920543967167447,1,1
1.468902781300706,1.7633084809635675,1,1
1.8068384157357533,2.183468857765423,1,1
2.3665951423237885,2.4587528821900646,1,1
3.0859459798361137,2.600482592605481,1,1
3.290045154705804,2.5027686317735856,1,1
1.8494292933999312,1.4851963201109273,1,1
1.1499993622731597,0.9567918324889584,1,1
1.0952294532586633,0.7027776386286357,1,1
0.9995632824124357,0.5466576696688057,1,1
0.9347328429379912,0.40927530365750275,1,1
0.7589816394316038,0.2504582490853733,1,1
0.6424985716988574,0.37740096193039074,1,1
0.7093504301987206,-0.11302794204733477,1,1
0.6550889589545663,0.047060848666556625,1,1
0.7650755976467564,-0.09267662860882551,1,1
0.9819212934825274,0.0030795141200187837,1,1
2.382573619695868,0.8665727418334447,1,1
2.0671307383877937,0.8841512650022783,1,1
1.7033794386897971,1.0499706855377715,1,1
1.6887908970576322,1.5871671645716552,1,1
1.4125259191770485,1.753435661958537,1,1
2.0321940797347042,2.5003134388367143,1,1
1.6005504304291118,2.116030325404708,1,1
1.1827292531120979,1.960314920245237,1,1
1.0080000442418884,1.88653606872256,1,1
1.3880661484804053,2.3900516342897107,1,1
2.0288890903048857,2.614976131704219,1,1
2.581248751078268,2.6564404513298445,1,1
2.64527466509931,2.596255983573624,1,1
1.5577367100507702,1.7770282887843578,1,1
1.3463164829634804,1.4470296949089023,1,1
0.894775785513969,0.9704078064655786,1,1
0.6104409371578737,0.9123897585077382,1,1
0.49259461537229543,0.7241239693069463,0,1
0.3953547125890746,0.5791166090766926,0,1
0.3798048793484997,0.24042603708949412,0,1
0.2646191677229444,0.2655716453855673,0,1
0.22128710400455792,0.2588451573088198,0,1
0.29317033375583523,0.01135257723630652,0,1
0.4425237769355513,0.06357874070677784,0,1
1.546872988298876,0.6564053187935737,1,1
1.9935071670561963,1.0646388686454484,1,1
1.5424590220309444,1.1842660325884284,1,1
0.8820861330363696,1.1740148455122383,1,1
0.8916420897038206,1.6844926103436006,1,1
0.774540785432091,1.8154603239019673,1,1
0.8833673016929771,1.7751949464292178,1,1
0.6318046056656779,1.676519648361996,1,1
0.7432000099652061,1.9441771414915967,1,1
0.702501315010501,2.1568013584158563,1,1
1.1618514841264111,2.2917592998063627,1,1
1.3432134732737957,1.9791373863818211,1,1
2.396490002906037,2.503863600478357,1,1
1.5984665176507318,1.8668274553809554,1,1
0.7247342268404009,1.1982192888316217,1,1
0.34417511705429593,1.0174406898335608,0,1
0.4061392731443784,0.6532808252935749,0,1
0.29674049016769155,0.5913748478795146,0,1
-0.04974440124478446,0.5915457820362036,0,1
-0.12596389523439477,0.39231196196849744,0,1
-0.19056710599306648,0.4399749982522317,0,1
-0.1976737572777706,0.2743369118494272,0,1
-0.12065977414060769,0.31571485952174316,0,1
0.04169398834357075,0.4635891115699551,0,1
0.7734015022308157,0.8493863545075133,1,1
1.8179086879891646,1.716116573676975,1,1
0.8453269992175817,1.4068481234702233,1,1
0.578802499399575,1.412004753609426,1,1
0.2629863682641276,1.388334041335468,0,0
0.29666819811617257,1.7338149039662512,0,0
0.31146183384083576,1.600013887798663,0,0
0.2758428264001321,1.7259365596748133,0,0
0.06798312095744531,1.6500070480996774,0,0
0.1859828829608228,1.9207101720886572,0,0
2.509771111234895,2.5166158638311327,1,1
2.4930766687502968,2.0228270850708694,1,1
4.033705491485417,2.390071910644863,1,1
4.345339646054223,2.234297704319906,1,1
0.5410831678962241,1.1196936831042403,0,1
-0.6754437325202632,0.7899817727463209,0,0
-0.8674244126928463,0.6646008509532407,0,0
-0.9797885759689794,0.5755526075100665,0,0
-1.5535305120328056,0.3917653416585304,0,0
-2.0905240856752627,0.288854034476283,0,0
-2.059803614798435,-0.022154511833857797,0,0
-1.9373877654414515,-0.059357071971612614,0,0
-1.6438123096902055,-0.02566356452855831,0,0
-0.6629204143488747,0.19906695315525674,0,0
3.3045029993622173,1.3846644655351663,1,1
2.155681346346488,1.0626945584310488,1,1
1.9743842309915633,1.2453095774519454,1,1
3.455569461837225,1.783378151775976,1,1
1.7462704844128472,1.6209264639586014,1,1
1.1375843103296586,1.83925592031213,1,1
1.2049901861225967,2.0358196255159475,1,1
0.7777986922188763,1.9513661256638521,1,1
1.0131187723331965,2.174391624648246,1,1
0.2090970587742202,1.8931675628522782,0,0
0.5210972597961031,2.084673757796391,0,1
0.11515930023374531,1.8591162873765297,0,0
0.9542186931553414,1.7542320637568927,1,1
0.7263214055403989,1.6133147219214414,1,1
-0.8201545061835767,1.2956180774680242,0,0
-1.0145359840129506,1.153483655959446,0,0
-0.9426890022615068,1.1234026843081224,0,0
-0.9595669654154191,0.8898702778044109,0,0
-1.2609316849372805,0.7638891189818527,0,0
-1.2951638516082655,0.5985171104870659,0,0
-1.7157985008766619,0.47467895124716053,0,0
-1.868586546973616,0.5333837872556619,0,0
-1.3498170016251916,0.5807207926907418,0,0
-1.1549969252543666,0.5395754340639614,0,0
0.5079704305554409,1.0231145099072263,0,1
1.0432836899160354,1.2082424824263922,1,1
1.1204989197902735,1.493167802917335,1,1
1.27613647034312,1.8401139326734437,1,1
-0.24612680597457065,1.9117470667961627,0,0
0.5160319782194194,2.161504008584957,0,0
0.5212718331518691,2.2405268200668,1,0
-0.7985358723048673,1.9720112178841969,0,0
0.04252124047392653,2.259172915864501,0,0
0.02522421407077529,2.177710737419273,0,0
1.241340168982776,2.3388595007289745,1,1
1.4267186543819403,2.2145772996969764,1,1
2.3676048138440455,2.3518747432728566,1,1
1.0692612605357283,1.8675539313716814,1,1
-0.3208046637535043,1.4002152689903509,0,0
-1.2076860755932868,1.3241872470144753,0,0
0.5606686344401693,1.5960289776627703,1,1
1.1619454678054069,1.672926162423086,1,1
-0.5314035255892435,1.2926076153870896,0,0
-1.504365778909226,1.1655708095975186,0,0
-1.9484013204413304,0.9937275572351562,0,0
-2.2289280719773004,0.8316771376888258,0,0
-2.2543116556111276,0.7101846138014234,0,0
-1.4120458480068794,0.6303785671369607,0,0
-1.2599799536662453,0.6887812339829178,0,0
-1.585941075956184,0.7883749061083132,0,0
-1.8283986743387983,1.0735177396941002,0,0
-1.6271314009867008,1.1433294815724488,0,0
-0.8450573953565061,1.3816736190170766,0,0
-0.3309267215441995,1.3071848134421118,0,0
-1.0221618514833315,0.6397962847406841,0,0
-1.3594112751324934,0.32818310034861126,0,0
-0.7793792149085706,0.30688858637486033,0,0
-0.7054092534042818,0.3561357606091483,0,0
-0.8145869274744046,0.6374836230417725,0,0
-0.5471537025821976,0.6827624132261254,0,0
-0.196993804251102,0.6497547354792452,0,0
-0.8238818918532044,0.6535511297269274,0,0
-1.319245776833444,0.5225745001339548,0,0
-1.1661926036004422,0.5522951880998854,0,0
-1.1865682213841318,0.5268579888476382,0,0
-1.4737863167810714,0.4114814943839156,0,0
-1.4673681576718276,0.4208915065869109,0,0
-2.504923660019692,0.07959018319707989,0,0
-2.5327379335783946,-0.004746331626373115,0,0
-2.5198145359916064,-0.15731840156778523,0,0
-2.063275303373473,-0.06788029956980657,0,0
-1.377871529830932,0.15266642655136595,0,0
0.5031005658772126,0.863586131557844,0,1
1.1831822495407363,1.2014700364216027,1,1
2.3396629911308993,1.1744615812315173,1,1
1.3509804465109707,0.6762897784227961,1,1
0.2746106658841815,0.5638033842298715,0,1
0.5725978564361192,0.8795926928121527,1,1
0.8574770509743859,0.911614943276834,1,1
1.049771633854731,0.8474358730016662,1,1
0.4149462232492213,0.9018522496793653,0,1
1.0504060809590334,1.3204416056318,1,1
2.3636559910458,1.4564454382968948,1,1
1.8801038606501577,1.2090010559579343,1,1
1.3649928290885112,1.0220661506089588,1,1
0.6889227449594253,0.7285327016261449,1,1
-0.6804307866376593,0.5022053726369229,0,0
-0.8397845073530765,0.2943809894690328,0,0
-1.3499399043943976,0.07708584273208798,0,0
-1.6187722905930977,0.042557120883342195,0,0
-1.7614509544384003,-0.0868859252917466,0,0
-2.2509209942959845,-0.17812080821497178,0,0
-2.2538622179307373,-0.12948085964910055,0,0
-2.2821848976477335,-0.1890978244507214,0,0
-1.877570778938308,-0.3400094863214479,0,0
-0.9606532493182875,-0.19090038560034206,0,0
0.9777389821579173,0.08045748641583016,1,1
1.01832065445662,0.20073449562166398,1,1
0.5720826643416567,-0.010654294840159426,0,1
0.5612749776510956,0.01509573507777159,0,1
0.44122336055023115,0.19413374520905194,0,1
0.4462210822943731,0.38951487793979,0,1
0.5658625718602948,0.44047551650271627,0,1
0.26226215627852756,0.03034928910398731,0,1
0.26264543318504346,-0.022096912101376247,0,1
0.22037570219936445,-0.10420367333806793,0,1
0.3761526810542077,-0.11753828328310793,0,1
0.4168337955907106,-0.16996729450869003,0,1
0.5261222860798194,-0.04704466441890208,0,1
-0.027966516419311548,-0.5798930287159019,0,0
-0.1821309982386551,-0.6304078356697613,0,0
-0.244013153723436,-0.623179326931355,0,0
-0.334756523178664,-0.7876177529526293,0,0
-0.43663858920679294,-0.8282905286193181,0,0
-0.5227841685698235,-0.8853579936363979,0,0
-0.6066803726520404,-0.9113791277757407,0,0
-0.6744485202875834,-0.956394321844744,0,0
-0.7170291873225147,-0.9432148953073392,0,0
-0.7543741610326666,-0.9667682476080228,0,0
-0.7177078215618429,-0.8521099897117378,0,0
-0.5330665688645807,-0.7863430093673202,0,0
-0.567911355317575,-0.8270989098239063,0,0
-0.6453187022224554,-0.619096192281824,0,0
-0.8883698255834698,-0.49933437679852644,0,0
-0.7903514025249259,-0.3072491871736088,0,0
-0.7342230764662356,-0.19647980298576984,0,0
-0.7396678949328864,-0.21782623743047455,0,0
-0.7179170374404273,-0.2882016818853594,0,0
-0.7436302930855639,-0.5408007841055185,0,0
-0.5698644044356493,-0.5491217737860734,0,0
-0.3688795889089714,-0.46588769638679456,0,0
-0.41053822950005736,-0.5615454605538205,0,0
-0.3588923041986492,-0.5596327651994168,0,0
-0.5524456061667478,-0.6715998594887056,0,0
-0.7080771307308905,-0.7671370908510249,0,0
-0.733860044801971,-0.7402488690445492,0,0
-0.7177941759098179,-0.724307652565895,0,0
-0.6824098691045969,-0.7491445864620018,0,0
-0.7732128726788204,-0.8294503854424413,0,0
-0.8200520390336722,-0.8887549646183751,0,0
-0.8272524419435477,-0.8511501926615815,0,0
-0.806535193367838,-0.8673579013863623,0,0
-0.7589924106448832,-0.8835330384334664,0,0
-0.6243807102662783,-0.7594842785181787,0,0
-0.17610070425769447,-0.4844538994726223,0,0
0.044984525494308834,-0.3087879505066866,0,0
-0.18075043539808824,-0.33738087803153743,0,0
-0.2943735028480008,0.2078002554813835,0,1
-0.3743760863909855,0.37890848605694105,0,1
-0.24447525244715493,0.39561394340135103,0,1
-0.24446288835047816,0.5218022305259671,0,1
-0.06492410784485639,0.47179982376434376,0,1
-0.10806117412172524,0.5730849567052178,0,1
-0.13922895836760474,0.4970637225439872,0,1
0.03384053233847648,0.35200651559409596,0,1
0.20636985026596658,0.30599698542311016,0,1
0.607000769105766,0.6316909440486568,1,1
0.4707748283308951,0.261613213271478,0,1
-0.1354221976510186,-0.33700725798712655,0,0
-0.2777327748257771,-0.38639839173766566,0,0
-0.24032099833070641,-0.5170907961907588,0,0
-0.020669157429225975,-0.5622117855014671,0,0
-0.20396206305168033,-0.7448035569103504,0,0
-0.2547605542889373,-0.8690475935566173,0,0
-0.3291279694956079,-0.6468736568752399,0,0
-0.28258139656725406,-0.7482532487138444,0,0
-0.1806265929315306,-0.769378611237961,0,0
0.24442797893989776,-0.565487626206834,0,0
0.9057407038368236,-0.13984460279842828,1,1
1.0078609845883004,0.0689174401949748,1,1
1.0984537522825344,0.44917351407541906,1,1
0.5952615513388944,0.9486750070030149,1,1
0.37613990518217705,1.109574479849261,0,1
0.47780537382152277,0.9031923329691817,0,1
0.7339020366874348,0.785089563243456,1,1
0.39301418295967766,0.8207327244372348,0,1
0.7302919345278394,0.982356006403687,1,1
1.0875912176229765,0.955795240916929,1,1
1.2243699343219672,0.9700770342389397,1,1
1.0662013390655833,0.7047652629063784,1,1
0.6078690849375661,0.4747255947925735,0,1
0.5006139342988539,0.3222654054628714,0,1
0.12046415475241411,-0.07755493028957695,0,1
0.34324309872288067,-0.7006822514064979,0,0
0.19331714453331833,-0.465918866897379,0,1
0.4146887142923338,-0.754872015068985,0,0
0.3110105944565485,-0.7465792696212358,0,0
0.1769685680921254,-0.8060712660057149,0,0
0.24346684269084698,-0.8139929415184964,0,0
0.2417287382101726,-0.7220632833307508,0,0
0.3421420931840223,-0.778174181361499,0,0
0.49308812874191943,-0.6744494953122546,0,0
0.5513211317755872,-0.5789563138760722,0,0
0.8238067319740843,-0.24918224699360084,1,0
0.6474640078226689,-0.10892672118844773,1,1
0.5931652732658399,0.3990728109162038,0,1
0.5224754477380661,0.4141014553636737,0,1
0.49479610744672053,0.127907137565327,0,1
0.5835297126224908,0.19614916913902025,0,1
0.37220813494604077,0.07184665196662972,0,1
0.43763710276264667,0.2115743937129205,0,1
0.6450392957452744,0.3893472373525828,0,1
0.699380919189906,0.13674884865514775,1,1
1.0559089202717147,0.25582036981333384,1,1
0.816704924843183,-0.05410586660224061,1,1
0.8096362882546668,-0.6207560019914603,1,0
0.7125021331190559,-0.6113146688864657,1,1
0.5423324850140075,-0.32961327676785634,0,1
0.6299352302572039,-0.6217533780729878,1,1
0.5105529430794472,-0.5047496175497228,0,1
0.5362760606684094,-0.509566094319475,0,1
0.6473956070488731,-0.6400357083382102,1,1
0.6432597573363289,-0.5774704316781394,1,1
0.5717994585852709,-0.605365254958837,0,1
0.5851319029709924,-0.801564485724651,0,1
0.656222156107517,-0.9796578310965056,1,1
0.6394278822328892,-0.6440567042052562,0,1
0.8122685388517082,-0.5522008473822589,1,1
0.8512879806057161,-0.324198983464865,1,1
0.8979488635898996,0.03772869751919867,1,1
0.8370016800052006,0.31120957783053477,1,1
0.895469292431627,0.3140756733325372,1,1
1.177502969436954,0.48537826061361045,1,1
1.2602783796502202,0.5522377961657771,1,1
0.8186048578940504,0.25532815004144327,1,1
0.8535471628804563,0.32591209227319795,1,1
1.3655468938238684,0.4355455938591553,1,1
1.3392584169519945,0.23340800507163853,1,1
1.4560137929617871,0.06149154991277679,1,1
1.3067194901266728,-0.17204272657979083,1,1
1.2385429721923118,-0.4563332445136152,1,1
1.2022455345248004,-0.5422357198832358,1,1
1.3003717724729429,-0.49074087380804216,1,1
1.14470316745692,-0.5401385774326274,1,1
1.1249973753597418,-0.7406101091431198,1,1
1.0200897828562572,-0.8160312596698155,1,1
1.0131780929839083,-1.012007984069304,1,1
1.0262412084222872,-0.8829931139155387,1,1
1.137099246893822,-0.9191414030537196,1,1
1.5663921646306675,-0.9297408646637043,1,0
2.282150526744539,-0.3708590703346257,1,1
2.6428247457175327,0.045104044227489135,1,1
2.045251772638475,0.08248584723850473,1,1
1.7844521934797415,0.39013210611691856,1,1
1.9321472454740893,0.7024629745804978,1,1
1.8811794566402902,0.8124572147549712,1,1
2.151384097238686,0.8782060523309966,1,1
2.110116219511368,0.6385605224818168,1,1
2.297688634640093,0.8138722994335897,1,1
2.4073834547414994,0.8312827736599032,1,1
3.276183065790716,1.3063473291896117,1,1
3.445675095649959,1.3284843711227485,1,1
3.0833019867032907,0.9461972232198054,1,1
2.9291428296774376,0.7461718556458287,1,1
2.0218573051927344,0.1416818568150521,1,1
1.6623451502971869,-0.12103573703740687,1,1
1.668772042522932,-0.31615520092302624,1,1
1.682032565248718,-0.37351184204571536,1,1
1.7819484338061269,-0.5655043617510113,1,1
1.7285268892324732,-0.7642335633744063,1,1
1.668862438994425,-0.8277960625749443,1,1
1.6893325095385032,-0.6573233017206255,1,1
1.785156541589635,-0.544000483750301,1,1
2.0808160318282667,-0.3737164954807854,1,1
2.7283085600096006,0.008272612837049269,1,1
3.7305654959710526,0.7203824531725935,1,1
3.2478304787940755,0.566153926601501,1,1
2.897025448409137,0.520593377136965,1,1
2.9398089509534735,0.6756880257243445,1,1
3.0110621593208218,0.9125014735005269,1,1
2.567396081160027,0.9055089650034254,1,1
2.180080586449535,0.8349321592749046,1,1
2.2964245289296654,1.0386820077940697,1,1
2.323417835197728,0.8848925244261858,1,1
2.717261210779545,1.0710280982833553,1,1
2.8916078391641458,1.1521873345998697,1,1
3.0377545414398464,1.2423771962299248,1,1
3.1559220495036873,1.2475960125824155,1,1
3.021743683821195,1.0032143277957564,1,1
2.815788474654849,0.6532260384089155,1,1
2.484272658798676,0.5204843492826323,1,1
2.385824383051613,0.40100196950096906,1,1
2.219131932791717,0.3813659342944067,1,1
2.1960376545997162,0.34314808159008214,1,1
2.2389099922003544,0.17419239145221643,1,1
2.218348820228665,0.2110590642742882,1,1
2.331426851261578,0.20617044811879304,1,1
2.5262731614043696,0.3313002107369372,1,1
3.3371092229760517,0.8821071489163903,1,1
4.0554714497004305,1.5155754312816687,1,1
3.3147972666743715,1.3343851456169062,1,1
3.098458082599018,1.5177061087385093,1,1
3.308252404642263,1.539098841611978,1,1
3.423984388066523,1.8401698468394434,1,1
3.415011708267486,1.9827055257907438,1,1
3.207649381925816,1.9662062527154938,1,1
3.0836823992050935,1.9298422310574286,1,1
3.6444326343102063,2.1221339857537878,1,1
6.517842523255433,2.7969971299335348,1,1
5.792705821371572,2.586561294601761,1,1
4.387049514168818,2.3463216248668095,1,1
3.6676554152417027,1.9543835311907407,1,1
2.300050860516463,1.5182284037957134,1,1
1.0956233766530745,1.2366210874236812,1,1
1.6312851774712518,1.3261795488084092,1,1
2.008414264635395,1.4583953211145613,1,1
0.6708535370917014,1.0835174189328618,1,1
-0.6222467154739719,0.7017916451294675,0,0
-1.255050028159243,0.6668537801737884,0,0
-1.579301437880129,0.6956425878741459,0,0
-1.6569092539161119,0.5615683700470165,0,0
-0.9883351824860908,0.7204406488606222,0,0
0.4295206794301679,1.145636010471662,0,1
1.7210292718401339,1.5502365247470067,1,1
1.8477113800757972,1.3527521811877963,1,1
0.5213524868717063,1.5934634108482317,0,1
-0.266646028787551,1.6594332677205619,0,0
1.0317258933926001,1.6873813617580007,1,1
0.4978771960009915,1.7150125016104385,0,1
0.24055687780695867,1.7842764874153987,0,1
0.6745395147263846,1.915879795470431,1,1
0.7708045998885444,1.9216323503685273,1,1
0.9483882310099772,2.1606027288840717,1,1
2.3405594384764057,2.3731907023050365,1,1
3.653904942296539,2.6153042272051588,1,1
2.4954684254437027,2.194548352576825,1,1
1.9589678773029926,1.8696506111458462,1,1
1.8658009085033884,1.6708395786048436,1,1
1.6746717046330486,1.4459904111871251,1,1
-0.31869841168238106,0.9423002275130743,0,1
-1.3257835972676206,0.6802924058631793,0,0
-1.62092178190386,0.42508288429710744,0,0
-1.8847669425195024,0.400549616597884,0,0
-1.8232219083966374,0.22749386017856255,0,0
-1.4927880474585102,0.08438319453315048,0,0
-1.4115414170969183,0.3033932631376824,0,0
0.885009672118425,0.8501378058359563,1,1
2.0992707992076642,1.3595344011735928,1,1
0.7032552796307174,1.2524114885420021,1,1
0.4822586110080042,1.2961215199668392,0,1
-0.23408768026945448,1.4128135243942932,0,1
0.0935861000983065,1.5128893870042968,0,1
1.616142013757603,2.0508036308869078,1,1
1.4913548474795995,2.1381710875634754,1,1
1.409159903823753,2.0690574991408908,1,1
3.1209498145864107,2.4334182139616205,1,1
3.2555402026330205,2.346048994888087,1,1
5.602502003600615,2.677898721095541,1,1
4.123504062537248,2.291373251919266,1,1
2.3348790585787498,1.6043173554513988,1,1
0.18933324379594194,0.9051243939889372,0,1
-0.8907364496299572,0.7106819317466645,0,0
-0.7543138430210435,0.5530367589108754,0,0
-0.7458759899374776,0.5794327118050109,0,0
-1.521510057438604,0.32012990439476297,0,0
-1.5635255478746746,0.17196180558754676,0,0
-1.8388946491115419,0.1464116634895005,0,0
-2.0135134507698824,0.18309928218629767,0,0
-1.8617730243414992,-0.07822788532445876,0,0
-1.1761649710882243,0.0447021134199703,0,0
0.18731179881682128,0.20114579105535565,0,1
0.9098929411356937,0.41979774777911033,1,1
1.4057463750560146,0.8629461814792486,1,1
0.8718191260627688,0.9529020855940576,1,1
0.9622055662857238,1.2634981483412968,1,1
1.3628697848199074,1.6721070162908385,1,1
0.7380346775489118,1.639713077372817,1,1
-0.11802889173973775,1.512248578416346,0,0
0.8887209992124904,1.7377747761553421,1,1
0.8096932025068082,1.7525731845274564,1,1
1.1666239566465397,1.5787664341407175,1,1
1.8360124127985187,1.5306886929171906,1,1
2.3638797385142496,1.492665634650978,1,1
1.6835367400638301,1.1930289340462854,1,1
-0.026212459616645745,0.8107186635616997,0,1
0.24818767648133502,0.7932868140710063,0,1
0.08296694328368055,0.6831777600929748,0,1
0.5952616935735886,0.7005549292064096,1,1
-0.4407183804830544,0.5287487796105952,0,0
-0.47524668814730175,0.484116777101277,0,0
-1.0467850588179102,0.33059220918365484,0,0
-1.3416175496151914,0.195975907270568,0,0
-1.2818951105156091,0.13424623591269175,0,0
-1.3032357884920094,-0.07558949352572805,0,0
-1.1175236314874977,0.005094204813086988,0,0
-1.8539906562561024,0.29005532170517,0,0
-1.1526772722767,0.2607496875748961,0,0
-0.34746877520505215,0.7046820012490472,0,0
-1.0197817295734308,1.1210889113909968,0,0
-1.2172677518704613,1.1467812385728187,0,0
-1.784632614827135,1.1100003777615413,0,0
-1.2444485951280375,1.0734225624374558,0,0
-0.4672926025483509,1.2661685094908757,0,0
-0.5237214712693611,1.4160195149167247,0,0
0.1061115480778618,1.3200776215914518,0,0
2.0413993722056305,1.4245049186527388,1,1
2.7782209005798606,1.4725792761259826,1,1
0.9030423936003276,1.0825375168618732,1,1
-1.2063375608886595,0.5724668127981783,0,0
-1.406055036988939,0.40199696015801484,0,0
-0.9056932614222367,0.2000859790082364,0,0
-0.8164919505784716,0.08926095154810362,0,0
-1.1810500757624467,-0.16667597628575467,0,0
-1.786509322508861,-0.3598101029860064,0,0
-1.8889852818815598,-0.5865048083283246,0,0
-1.883941892930943,-0.5501606750297325,0,0
-1.4688563476294998,-0.3927187353340952,0,0
-0.9735125624502196,-0.4282174426899106,0,0
1.3047800752451202,0.10334359370313567,1,1
2.5690205348689106,0.45290387574015367,1,1
1.7041860822510522,0.5575440810716661,1,1
1.5544018877715762,0.8541973080731148,1,1
1.4714674324473374,0.6069877767059265,1,1
1.8678075823327598,0.8236356577986709,1,1
2.4498499144778503,1.2523209976695107,1,1
2.199237577902562,1.2178828788344045,1,1
2.601507374574649,1.359925757127353,1,1
3.5057568971765996,1.6610595190892667,1,1
6.143940198181418,2.4131433187798477,1,1
6.251255212095067,2.2869617757527974,1,1
5.679459158876521,1.9822345332667344,1,1
4.1509161581148755,1.4448998936650996,1,1
1.4101086394686446,0.6291097055752661,1,1
1.3380188121527512,0.5274799187798914,1,1
-0.48260450864193466,0.2557293773324293,0,0
-0.09742956205743959,0.046983587146256535,0,1
-0.8534924569551208,-0.16213278649701118,0,0
-1.5772837402940232,-0.4978708767384983,0,0
-1.605080956762872,-0.5414023413716437,0,0
-1.7241800137532697,-0.6400870196724315,0,0
-1.561625174925323,-0.6293470964162571,0,0
-0.9265842547960476,-0.36651778502993937,0,0
0.9413820104058269,0.17051900895949243,1,1
2.4823654652697735,0.49233984834846073,1,1
1.7914267161994877,0.4753948834375975,1,1
2.090148645190364,0.5141745307970648,1,1
2.187435765493191,0.7725515212834927,1,1
3.061835800255019,1.4771147758950227,1,1
2.605560363585193,1.5943398885638445,1,1
3.0869903888502006,1.8028827385882962,1,1
4.0536801432215315,2.0314560014671548,1,1
4.4513677869510015,2.0582764284814052,1,1
6.826842696870603,2.6225998031955666,1,1
7.632508797780713,2.86427059077293,1,1
4.346728182155305,2.041044212186141,1,1
2.743072749923153,1.5586221037530035,1,1
-0.27580331379237816,0.567668630623517,0,0
-0.9489837776730792,0.30574413444369575,0,0
-0.8835998039133816,0.010181561286028557,0,0
-0.4951872048879127,0.07857153329440515,0,0
-1.382956501127229,-0.1074101216418661,0,0
-1.722384947893795,-0.18018813113902335,0,0
-1.8870687990946935,-0.26115222864930926,0,0
-1.9820053367227863,-0.3176749547148532,0,0
-1.651961659797297,-0.29741058089880323,0,0
-0.44301831041408796,0.0779337628916737,0,0
1.6873800905192595,0.5626720021557379,1,1
2.9989185974222816,0.9556257235406733,1,1
0.7944242852366835,0.24161701568024627,1,1
1.7351528701331638,0.5627736905171561,1,1
1.0943498963686946,0.7014363827864406,1,1
1.434225327898618,0.7649722505060484,1,1
2.1984724489507164,0.8805550208357851,1,1
1.9082028535929214,0.5593051900321121,1,1
0.8081560386784771,0.5763331036043341,1,1
0.08244436281593628,0.5594591624258103,0,1
0.3519904240157318,0.6703505247245489,0,1
1.6081359517608365,0.7695812202657202,1,1
0.5097529189718525,0.6216455159099556,0,1
0.616739811262191,0.3879249095046478,1,1
-0.9340539558299347,-0.014388104390236965,0,0
-1.2765047907700302,-0.15589944609228232,0,0
-1.213748010868674,-0.3533564974143242,0,0
-1.6768540333929083,-0.31140004246856745,0,0
-1.6420997086389209,-0.47636116057042555,0,0
-1.7375828788975585,-0.6771554367627456,0,0
-1.8378893415506685,-0.7079292768668949,0,0
-1.8562451388467676,-0.7517986982366329,0,0
-1.566480978364192,-0.6090469325105325,0,0
-0.4420305530488167,-0.3738774597747849,0,0
1.8937560282418926,0.06271604620053099,1,1
2.9929103367608256,0.3725818747097527,1,1
2.066403699723859,0.22317368190368067,1,1
2.2433314480096267,0.5253908950270988,1,1
0.6448300108360362,0.4834348148735873,1,1
0.35152877806693344,0.5908640900636781,0,1
0.4614357622945879,0.8241563309564534,0,1
1.104744716133885,0.9013303702568313,1,1
2.8185193967364626,1.2205997946905227,1,1
3.355790361280943,1.3663760970827712,1,1
4.759054847277242,1.724026581360486,1,1
3.699772639540565,1.381706575025643,1,1
0.3792440231430597,0.5871889037675371,0,1
0.37427693233212384,0.4178414150077178,0,1
-0.8994711625767399,0.2862027934995053,0,0
-1.6449731525582956,0.2846160005374441,0,0
-1.4081095680919558,0.27565169718547616,0,0
-1.6074678856626332,0.20738057195589987,0,0
-1.9745629656445316,-0.09392834906001307,0,0
-2.195070446420027,-0.07339322631193854,0,0
-2.1299420455486517,-0.04329821840986012,0,0
-1.9071960018552687,-0.0855550568718669,0,0
-1.1856805055228603,0.056392178100434336,0,0
-0.697920694439896,0.21093663616966674,0,0
0.8846979355961827,0.7455528164640489,1,1
1.8148174275850075,1.1500340244699134,1,1
1.1650947338903628,1.0342192781549895,1,1
-1.052802569356617,1.0075187263253997,0,0
0.6755124632109525,0.6911009820070144,1,1
2.53127527417187,1.3124110661338322,1,1
2.890308715589122,1.2340042003528828,1,1
3.845671062038526,1.2182906972460577,1,1
2.4941266053694977,0.9720372078256233,1,1
0.5983013931269335,0.7203514544580533,1,1
1.3716276424601002,0.8716424495164236,1,1
2.0953377983684627,1.019121848904233,1,1
1.0564740975116893,0.29114969882522995,1,1
-0.517007333125749,0.11648806475804667,0,0
-0.13974703562002938,-0.19923285882679959,0,0
-0.5572783186894035,-0.16222751160175058,0,0
0.03328046341170824,-0.055843056188853116,0,0
0.33830548162610985,-0.019529194353244874,0,0
-0.42962914677959546,-0.21695476694088153,0,0
-0.780643060560685,-0.22732694718438964,0,0
-0.9648681802948551,-0.26407932378055343,0,0
-1.184901612086524,-0.26581804744664655,0,0
-1.1607726176569955,-0.3415863737385391,0,0
-0.6946647711874834,-0.22177093947173812,0,0
0.5938015230800671,0.013829816534344333,1,1
1.1425300581458429,0.14813928170137264,1,1
1.1691027002475158,0.17542115736198297,1,1
1.030897426963746,0.2594170047065888,1,1
2.5435996391450884,1.0454028280097492,1,1
2.0915260277560286,1.1864734252779294,1,1
1.4179570612688026,1.2313194744082536,1,1
1.5521610993413901,1.3259407705362187,1,1
1.2437608081728608,1.3154993816107043,1,1
1.8589883959223468,1.3945333871503724,1,1
1.795566117293331,1.2590751933761422,1,1
2.2274946323464486,1.366879198220077,1,1
2.749109899040658,1.430159838107756,1,1
1.6777735469470796,0.9995478553413082,1,1
0.625622927435688,0.6975283803068598,1,1
-0.0023177070104582107,0.5208119856225332,0,0
-0.5406119692718806,0.35644453008051097,0,0
-0.41378947220453627,0.27931859253951635,0,0
-1.0647822252865817,0.26294982959633745,0,0
-1.342279211946127,0.30549252638690955,0,0
-1.7410097060246985,0.27065514848327915,0,0
-2.0862920325580645,-0.05006950579812367,0,0
-2.3565293065581523,0.00496632306154808,0,0
-2.523344318418279,-0.14589272946905474,0,0
-2.575428224513975,0.2855879793821102,0,0
-1.8547815623443984,0.4507675090969405,0,0
-1.2908546557638718,0.2299046496223009,0,0
-0.45569671436545717,0.9581483750846514,0,0
-0.19247505947558957,1.150305889573042,0,0
-0.5578780779797,1.1962928817300746,0,0
-0.7750343630544244,0.8624755724067759,0,0
-1.249612976361442,1.013192586750742,0,0
-0.9126713593968951,1.2056084380202727,0,0
-0.32977802976959025,1.0664895129088683,0,0
0.04132152794966226,0.9451442780431083,0,0
3.4551004953471613,1.923597350515976,1,1
2.2301712428926233,1.376770643652159,1,1
1.6942328862167113,1.2021588984202713,1,1
1.5120474431403403,0.9466643670493086,1,1
0.2952667930268246,0.6744502748085025,0,1
0.07371709489482048,0.7134820785717384,0,1
0.42973675708399356,0.8888943658386683,0,1
0.8611471925013642,0.9861468042251516,1,1
0.6770764088097417,0.8569008419777896,1,1
0.3055140090647138,0.7141493938613598,0,1
0.16288374071213912,0.635614813437089,0,1
-0.06884218203321979,0.5518679405797818,0,1
-0.9871572493564025,0.430012527432353,0,0
-1.2741499263998113,0.3633198730282531,0,0
-1.0533015359877262,0.33905030494707233,0,0
-0.6255396373695359,0.6080908055454847,0,0
-0.3486239417660034,1.190634732927055,0,0
0.186894316356889,1.5592042161137205,0,1
0.11544579731773048,1.6799052766603557,0,1
-0.0074878409431216346,1.3536007767499758,0,0
-1.2763051021393468,1.0932144440668088,0,0
-0.7421661814668068,1.3234330523569076,0,0
0.5957565477811162,1.5293313896124325,1,1
1.4304549305219474,1.4291966203981639,1,1
1.6907309042867353,1.392071932409071,1,1
1.3054334971960913,1.184887080251929,1,1
0.7645837384403377,0.9515948797190982,1,1
0.760533283987595,0.8539657858536095,1,1
0.7225647271960799,0.7490261116512592,1,1
0.21028517459515086,0.5793598117721238,0,1
-0.4040079029964907,0.3176616535853162,0,0
-0.9708003523569722,0.11076555695000792,0,0
-1.589560969822117,-0.06867970811188495,0,0
-1.97840714012241,-0.2329467927174599,0,0
-2.1702478284603175,-0.29794806430580373,0,0
-2.162467984294991,-0.2331437653190673,0,0
-2.2239453240210487,-0.18208059469589358,0,0
-0.6706272374529039,-0.29955587697377734,0,0
1.7854654158493406,0.35681751186609445,1,1
2.5012753208185363,1.203153802322126,1,1
2.3477715470659546,1.135822567900277,1,1
4.567409288628535,1.6952897442515225,1,1
3.3065194279609096,1.659346575509752,1,1
3.463689035858268,2.1742676319394962,1,1
5.511009784988483,2.5961204430621696,1,1
4.200370142256713,2.2255831533294623,1,1
3.4239283662151108,2.3656980700299552,1,1
4.731304390206267,2.518181985644154,1,1
5.904228427808624,2.6167855834118208,1,1
5.50298486105785,2.528254550250753,1,1
6.449932758029829,2.571566120906939,1,1
3.3840545970504152,1.480279577897784,1,1
1.2590491127703876,0.8335984787105101,1,1
0.13910553188417663,0.5386376013512307,0,1
-1.5000602280887774,0.3889580762448833,0,0
-0.0568896216583149,0.32649077899718065,0,1
-0.45718065507802624,0.12118950406838044,0,0
-1.6676854606316993,-0.27563962972964023,0,0
-2.139966261019199,-0.4282970142525671,0,0
-2.2439585560038933,-0.3908294860678791,0,0
-1.712015235324834,-0.34623330255261536,0,0
-0.9219820439417519,-0.18234153876019962,0,0
0.10447700139255234,0.43396174105605617,0,1
1.9432181527723293,1.022422289129393,1,1
1.5811494878388397,1.4607722998831925,1,1
1.1809117046052855,1.8076797085937353,1,1
1.5648004738232755,1.7030498782093924,1,1
0.05720939794362837,1.5199026305837047,0,0
-0.1500465287183984,1.5603660384140496,0,0
0.0759728732507987,1.4922416252979982,0,0
0.4418058262860547,1.4893974909387204,0,0
0.8896975329596577,1.4980219198573999,1,1
1.3827308388201336,1.5181435580954161,1,1
2.244000121416509,1.6390754644677963,1,1
0.9844694313429312,1.218581148319176,1,1
0.009858485240282409,0.8421978686943971,0,1
0.4189977421163131,0.8153754193387027,0,1
0.23885984075293495,0.6065037787621693,0,1
-0.688689184965283,0.2590445824110085,0,0
-1.4693738715502185,0.18709483009719427,0,0
-1.4715380465481103,-0.1374543931671149,0,0
-1.7929542409219446,-0.3348016933166171,0,0
-2.104843377060788,-0.22086385339442274,0,0
-2.1540827309015937,-0.5346514394995515,0,0
-1.6879021238662237,-0.5215055342905481,0,0
-1.5914478985025244,-0.3045957385505246,0,0
1.569590775577272,0.2767507590907378,1,1
1.5976340418877177,0.6335215692545423,1,1
3.123738898950044,1.0656275687414758,1,1
2.3146811368559055,1.4006975852815369,1,1
2.103207653020433,1.473148277474098,1,1
2.547554779804633,1.7613345618019014,1,1
3.1657299116564253,2.08917644376277,1,1
3.5931760118964426,2.2849463090403304,1,1
3.8881940935072876,2.360397790132981,1,1
7.025231692667267,2.7949936943172733,1,1
7.107767787821322,2.722486950178736,1,1
3.73768108089246,1.9491639343364962,1,1
2.21495891773081,1.46964271902873,1,1
1.5941194451712173,1.011188056999515,1,1
1.9700007846102647,0.8193141114000531,1,1
0.14174763943867724,0.42413400843665067,0,1
-0.8869328146518373,0.17132847592029782,0,0
-0.7727567957163336,0.18345120393749118,0,0
-0.9608013662456242,-0.1917781532139174,0,0
-1.796031093020263,-0.20220426236203784,0,0
-2.157003256843301,-0.4549163056783574,0,0
-2.284743205334122,-0.42217764517130735,0,0
-2.0288873441180857,-0.5256085428370482,0,0
-1.517085517150078,-0.4546118436553507,0,0
0.16571918795918025,0.003249274549341874,0,1
4.512938757303265,1.0647866463806868,1,1
2.978074358257144,0.9397174307422529,1,1
3.3000467085454805,1.0190739592649263,1,1
1.495021822124931,0.9605525627218103,1,1
1.7554302404677444,1.1563720897031213,1,1
2.484758518728374,1.4871839809325118,1,1
2.660147154901641,1.6334610811733774,1,1
3.3585233849990668,1.8847804019330114,1,1
6.818295970885118,2.4274711957655413,1,1
6.030853133902357,2.203710748927723,1,1
1.4903697071256348,1.0327280324721566,1,1
0.7151918000147235,0.6970405925984988,1,1
0.5497974685569575,0.45458929661183733,0,1
-0.38115499222134563,0.13707957975458618,0,0
-1.0876994907036115,-0.05670498830610455,0,0
-1.1949844410218502,-0.13276700773935546,0,0
-0.4908323686287954,-0.2875339633175579,0,0
-0.4506869676007716,-0.3794254658132781,0,0
-0.9728431566885548,-0.4809947881630208,0,0
-1.618714391614644,-0.5695208632552402,0,0
-2.1090814637994155,-0.4026014428007982,0,0
-1.8774259320018727,-0.7242856779316372,0,0
-1.0765786562230133,-0.8029617428119832,0,0
0.8719048628299574,-0.3434686702143778,1,0
1.1134729496683091,-0.05193929558399799,1,0
-0.40439784320251493,0.1387452060500224,0,0
0.14268159857385934,0.546619673883499,0,1
1.4367419436384796,0.7256729872021148,1,1
1.7479015946613439,0.892268020896571,1,1
2.0884474590906708,1.0923721280798981,1,1
1.6822543650538262,0.983339873343573,1,1
1.9859191104272638,1.0291566418896754,1,1
1.6482628780766362,0.9457814107285786,1,1
1.1739196262840272,0.7615641095354715,1,1
0.5534400285255454,0.6017896556128245,0,1
0.2596002473244705,0.39273782146076097,0,1
0.6837823788901316,0.4740915437273698,1,1
-0.5510988175004916,0.14469006125813477,0,0
-0.8512515936903111,0.1068135655455111,0,0
-0.6066169634798878,-0.03812739775485731,0,0
-0.41178362781236705,-0.09663769701179971,0,0
-0.9394258194463884,-0.18547740943102006,0,0
-1.3636483940569761,-0.3232149381322028,0,0
-1.7143082393150473,-0.4010016603201012,0,0
-2.1194995509482646,-0.6021049735877814,0,0
-2.417744588411187,-0.7111761329912452,0,0
-2.362866786505796,-0.7941284059054493,0,0
-2.026014052675988,-0.8497595385781922,0,0
-1.8583482753190177,-0.7568495530457626,0,0
-1.8886139936031696,-0.6044379342795956,0,0
-1.7641096771975409,-0.4242859666361727,0,0
-1.6222336175083991,-0.3528516379865057,0,0
-1.9871090581883464,-0.3510283013696496,0,0
-2.145851332957298,-0.3425145692320743,0,0
-2.1151506323461633,-0.3922053347102916,0,0
-1.8103011148163415,-0.5210111705016337,0,0
-1.605591753069268,-0.5850325344434909,0,0
0.31526673844715625,-0.21386200731789987,0,0
1.1354315927372762,-0.5857910625423244,1,0
1.29126771128257,-0.5686271212714774,1,0
0.6768349022856242,-0.736347258948618,0,0
-0.06633088090034424,-0.991275522041156,0,0
-1.7043763958250941,-1.591584700390224,0,0
-1.5917231167919899,-1.5397104653482436,0,0
-1.6172312240728322,-1.4543048714441578,0,0
-2.0306193202735017,-1.3533353028286406,0,0
-2.4420773753112757,-1.3238128264715414,0,0
-2.7424570097427705,-1.3400232982082043,0,0
-2.6557049135083632,-1.42206415122519,0,0
-2.493741018366484,-1.4051463678691825,0,0
-1.489979149751363,-1.4411923471146584,0,0
0.3538023141401438,-1.3387024933940128,0,0
0.21931078117214803,-1.3416872254660155,0,0
-0.23093907589999985,-1.2062296039232312,0,0
-0.41407131475625597,-1.1790974864624897,0,0
-0.6270965905220758,-1.047726924783472,0,0
-0.6076859884474559,-0.9396311761944246,0,0
-0.057628068779783645,-0.7967542698119757,0,0
0.035299859500254153,-1.1489225729029038,0,0
0.7259673287525013,-0.801558197847593,0,0
2.090042136742275,-0.5896286071620278,1,0
4.81967200963393,-0.17266392385941323,1,1
4.8561000705305695,-0.2666985905347333,1,1
4.3424033673887275,-0.6645615344803484,1,1
3.6014903006854584,-1.1616347882222353,1,1
3.070346695385899,-1.3926212726476839,1,1
2.8655799076780855,-1.5142246438802542,1,1
2.5488388370021933,-1.7428483459216564,1,1
2.2899693848275535,-1.7690132173786681,1,1
2.097273647787474,-2.0664390297905126,1,1
1.865964359530893,-2.1899387007674873,1,1
1.6713144930954211,-2.334595008512903,1,1
1.5287940707064887,-2.3758878135501624,1,1
1.4516122739014021,-2.4971301459656017,1,1
1.5188679090318686,-2.272401110369399,1,1
2.231467236483017,-1.5009052437480777,1,1
2.0224532658977723,-1.1296662303379716,1,1
1.553694923149255,-1.1421215887821417,1,1
1.4242085203407697,-0.6231930712920245,1,1
0.6341688591120747,-0.9658575522256897,0,0
0.5027177558587046,-0.7581610619028282,0,0
0.5068754285949066,-0.654029785835689,0,0
0.21908132146881248,-0.7115737822079795,0,0
-0.46510487150262286,-0.8058335408690604,0,0
-0.4308451831071843,-1.184140485579824,0,0
0.7642115017438846,-1.1274723749507942,1,0
1.2365195926183783,-0.8350044387308234,1,0
0.9596518016931065,-0.9161387080291171,1,0
-0.1543791750990544,-1.4854315130334879,0,0
-1.0377907566904407,-1.9258383938231742,0,0
-1.446731370328651,-2.1618858263593057,0,0
-1.646403066957353,-2.181501975553822,0,0
-1.7931711746898569,-2.102899848238499,0,0
-1.9612981612685383,-2.0166338692205334,0,0
-2.2783851427251154,-1.929155697721967,0,0
-2.4388274757822686,-1.895772426675973,0,0
-2.475003875081266,-1.9065041174177508,0,0
-2.1749867242298566,-2.292475383003178,0,0
-1.5658562085274577,-2.228044927957108,0,0
-0.020621251680347622,-2.055816457106151,0,0
0.784783909518194,-1.7652434343241374,1,0
0.7263480584819698,-2.188182208684234,1,0
0.22825132813965893,-2.293335219267999,0,0
0.7366664118691937,-2.0262823323089876,1,0
1.0280868066223885,-1.6536320860860543,1,0
1.3275039584392925,-1.2387450616285112,1,0
0.5178912521953243,-1.1127455414112437,0,0
1.0384860209593152,-1.1161614708063334,1,0
1.302354521767634,-1.0984413399473734,1,0
1.264173761400165,-1.1428494396098952,1,0
2.517805361948082,-0.9514205364078774,1,1
3.393999145265608,-0.8786594948809815,1,1
2.859194705082172,-1.150593018142483,1,1
0.8472646346397582,-1.3241160087949708,1,0
1.9182205993487134,-1.2972833101507595,1,0
1.5282776521949153,-1.440535915129783,1,0
0.6375011481898663,-1.5224482581866297,0,0
-0.4653857418174743,-1.6130532602277663,0,0
-0.7534936366947427,-1.842153867531365,0,0
-0.9578989021262841,-1.927595854277926,0,0
-1.0476146083826479,-1.9301048898459128,0,0
-0.585256851417494,-1.8201724118630607,0,0
0.30822159411321315,-1.6970389942172455,0,0
3.149220357467407,-1.4449563701234835,1,1
6.847249929924278,-0.6087673402063858,1,1
5.26449731280949,-0.9193795184232677,1,1
4.856359617588202,-0.9800230149908528,1,1
2.8754607552842812,-1.194594258275108,1,1
2.312403189146435,-0.9764328838787446,1,1
3.049325302396795,-0.5828137928191737,1,1
2.674310552226875,-0.9033081195638202,1,1
2.3230540463001783,-0.9683516881532108,1,1
1.4567160174317477,-1.135168633948314,1,0
2.8249103495812307,-0.8983220956832703,1,1
2.147496448597962,-0.8010959210527304,1,0
3.2148091919457804,-0.41353307839411835,1,1
3.6021822285524054,-0.6335236114595818,1,1
-0.6096743079058717,-1.2205278134921762,0,0
-1.1238454136999383,-1.125054338530259,0,0
-0.9384838203122358,-1.079304733071565,0,0
-0.3581787049954571,-1.067302583157003,0,0
-1.6369029970319573,-1.110201903281866,0,0
-2.022967076073504,-1.1603793414564425,0,0
-2.185141742334332,-0.9829276449878668,0,0
-2.0270808869814734,-1.0039730837186929,0,0
-2.0163211198591333,-0.9886844467613685,0,0
-1.7052091560800928,-0.9659191978506437,0,0
-0.34874546751253377,-0.9061600576201132,0,0
0.46651295975232304,-0.8023478068051163,0,0
-0.24734627749942648,-0.709778149056068,0,0
-0.04893224417503093,-0.4998419156047491,0,0
-0.1830830858756477,-0.37823677974675046,0,0
0.0270670278900515,-0.19356672351976215,0,1
0.38869108108409095,-0.13139413738083544,0,1
0.629259682248079,-0.04748002188882785,0,1
0.5334776226367499,-0.2705528421179345,0,1
0.9695832218885326,-0.10120969636121349,1,1
2.4384185499677633,-0.056401023923606596,1,1
3.4083094396944444,0.25346088946640516,1,1
2.3052924502274097,0.09200820186322488,1,1
2.0977878776606333,-0.2925551069492216,1,1
-0.4318913040700131,-0.578459155412772,0,0
-0.5504185424202247,-0.5381387731008229,0,0
-0.535372874376501,-0.6176532677035687,0,0
-0.547684866221011,-0.6435155714158632,0,0
-1.49170540133479,-0.6607886180055231,0,0
-1.4236085196257637,-0.7021341732193387,0,0
-0.9602214666468938,-0.6000218456352533,0,0
-1.489915987902592,-0.5936641045034743,0,0
-1.3363301791355677,-0.7091609609900708,0,0
-1.3260338806521044,-0.6179123276064422,0,0
0.6357559772321658,-0.6109769011854779,0,0
0.5418780252832235,-0.43765100077607516,0,1
1.978250917737327,0.039390597080328375,1,1
2.8079547687428255,0.5902040448285567,1,1
2.5763857425168086,0.4997923892524792,1,1
1.874504453884976,0.5914861604853229,1,1
1.0225785986493507,0.5860883471982915,1,1
0.01808896031392505,0.4140308180220003,0,1
0.5938380275733388,0.33706107550948844,0,1
0.27779628593296524,0.051118004425928606,0,1
-0.1801669901497441,-0.1109464740373534,0,1
-0.1402599424803966,-0.18630955280772493,0,1
0.490783694835095,-0.2528246024114256,0,0
-0.501010363432142,-0.5900681013825293,0,0
-1.8022498958323978,-0.9502954188283379,0,0
-1.8458855720093739,-1.035620900258527,0,0
-1.7648326588887575,-1.2643375577012776,0,0
-1.7449007794964435,-1.3324706720185286,0,0
-2.0855601090968894,-1.4857157201148414,0,0
-2.2875802457155197,-1.5635551974418673,0,0
-2.458370097570221,-1.5528836767465493,0,0
-2.5632056995312964,-1.5951282795921358,0,0
-2.666797070865617,-1.5103960667489311,0,0
-2.6188438715259275,-1.4754692282451893,0,0
-2.4688930054725193,-1.4050800832717032,0,0
-2.3142503978437756,-1.4156127627575241,0,0
-2.248468248072277,-1.3905911958086465,0,0
-2.2072767102163473,-1.3143318102134283,0,0
-1.9460587848255333,-1.1855715943402805,0,0
-1.808869590896712,-1.1992044073529524,0,0
-1.7981441416041304,-1.2153154356606723,0,0
-2.040390273767879,-1.4226102994575338,0,0
-1.8090371162610197,-1.5716559963535057,0,0
-1.639424439012565,-1.8164120402174386,0,0
-0.9311744773293881,-1.833490881513585,0,0
-0.7684807244055846,-1.7755507319727089,0,0
-0.7429075631638614,-1.6683463988826208,0,0
-0.9834812849056108,-1.504743140940365,0,0
-1.7037788999080317,-1.4436768610372357,0,0
-1.4955426174240734,-1.2924740952328164,0,0
-1.8176734130735246,-1.3697265280010584,0,0
-2.1259487446809535,-1.3873714257117045,0,0
-2.423332713252075,-1.3885485058123404,0,0
-2.5507646364581746,-1.3639810071909508,0,0
-2.6017836238796375,-1.388292292649793,0,0
-2.5582509361678696,-1.4215744910204067,0,0
-2.232145546592562,-1.433438154351851,0,0
-1.1806197962343425,-1.4818795081835583,0,0
1.21631869514185,-1.3164832642706645,1,0
1.1983372297407737,-1.2082520721238468,1,0
0.4207097842455476,-1.083202755654776,0,0
-0.04110225305176084,-0.9222559151772981,0,0
0.0066080338010525135,-0.9523051996232251,0,0
-0.14242799844854045,-0.8829194233703367,0,0
-0.2947428985032571,-0.8766355476361501,0,0
-0.16474868651773159,-0.8858980346449108,0,0
0.03401884535206165,-0.8799552843332503,0,0
1.3270864842151964,-0.7622501968591164,1,0
2.7600799855814717,-0.6073089468239032,1,0
2.3111663758901604,-0.5879663917240354,1,0
2.5618164781253956,-0.6468347390378955,1,0
0.8040438691131238,-1.030288412843564,1,0
-0.4595663843716887,-1.1949533994245947,0,0
-0.856699369941179,-1.2579549522976354,0,0
-0.9264654933285152,-1.2560374295939098,0,0
-1.3600552790034037,-1.302660350029089,0,0
-1.5292949903263942,-1.362384071528262,0,0
-1.9955905213208145,-1.351893628845895,0,0
-2.388150698611645,-1.341241770758613,0,0
-2.2277368304927156,-1.4066217069216989,0,0
-1.8303269361319792,-1.516131916130917,0,0
-0.5277632603742657,-1.5713960915404395,0,0
3.6686320699828583,-1.1878066330029053,1,1
5.516882446596473,-0.5886790120496661,1,1
3.8296810020116445,-0.5287708610393967,1,1
3.190096330609435,-0.2602730811337101,1,1
1.7204914938863582,-0.4557442615716497,1,0
0.9944225944942364,-0.33257138871877145,1,0
1.4446531010529429,-0.23744195420204003,1,0
0.965299376954511,-0.3096281323686583,1,0
1.2191112325024396,-0.3195014250367184,1,0
2.6536304158071573,-0.233046337961577,1,0
3.3705151825742434,-0.34251836358397336,1,0
1.793126754844558,-0.6063627693489737,1,0
2.030713260878986,-0.5925789786385057,1,0
1.6941196098101374,-0.9371573740538179,1,0
0.5205730446808888,-1.2555555375306604,0,0
0.141262675574692,-1.4133149729465158,0,0
-0.4349052302044301,-1.488301669798055,0,0
-0.060673049094695224,-1.8195942411434682,0,0
-1.1505357190913845,-1.7292692313239666,0,0
-1.4414741027403895,-1.8469965887488715,0,0
-1.614024242609191,-2.1269410453772624,0,0
-1.5365851573292426,-2.0105136628307614,0,0
-1.2421361605371954,-2.192004577251727,0,0
-0.7868377670875673,-2.09024112863402,0,0
3.0089025028944416,-1.7603678110258958,1,1
3.2601483002055147,-1.375182263635433,1,1
2.785987868923887,-1.0333157077585013,1,1
3.037930467914091,-0.6466960841314122,1,1
3.1721223337565485,-0.8418127178171239,1,1
4.044503911198111,-0.42379470786539963,1,1
3.9551882972998835,-0.11722001627646804,1,1
3.7631500225075585,-0.05890283368920695,1,1
3.5629168795520387,0.055800291403487835,1,1
8.028275322152997,0.5048819605901835,1,1
7.452730458220438,1.2226175478204164,1,1
7.10617467683709,-0.23202858512559912,1,1
4.376494005471732,-0.6534587213387495,1,1
4.786497024666261,-1.0233372614424285,1,1
1.6684912091971156,-1.3890956311115603,1,1
0.5087073208290301,-1.4738442667241656,0,0
1.2569647288679875,-1.6148971589993402,1,0
0.08226345486875311,-1.6471669408712066,0,0
-0.0600579767456451,-1.6820620417107317,0,0
-0.6490339163737204,-1.9664088907334734,0,0
-0.8713952759518784,-2.120814238790583,0,0
-0.7862385056420171,-2.2451125223778066,0,0
0.2173002136629236,-2.1879102527929204,0,0
1.510686585132182,-2.0062547176020966,1,0
4.89355424575919,-1.4594884495037244,1,1
6.252403837536729,-0.9964344835668176,1,1
6.395055821364187,-0.8547353303153068,1,1
5.6299684750615535,-0.7134425241149573,1,1
4.452231992510602,-0.2882019596208505,1,1
2.605628202581717,0.013118394856897017,1,1
1.8530692814158327,0.20582262666258663,1,1
1.8032191933531836,0.16731554751174246,1,1
2.867454815704501,0.1724286903188704,1,1
2.3891951995077054,0.18013798185650629,1,1
3.464522048460381,0.20312374004516356,1,1
3.7751042287575687,0.23783415158006613,1,1
4.15372313591308,0.34444750849545797,1,1
2.861296008552287,-0.04447258586280639,1,1
1.3679457597269482,-0.3187702348118859,1,1
0.40454634726161326,-0.3842490619513563,0,1
0.34695969467901233,-0.48922894072451295,0,1
-0.4142230961552896,-0.48431907574395683,0,0
-1.508049539490257,-0.60927894693666,0,0
-1.7706662509881708,-0.7202003569642993,0,0
-1.9916245864188358,-0.7475253693914771,0,0
-2.1799082215760692,-0.7881631504448159,0,0
-1.988368016641626,-0.6867250717266429,0,0
-0.6424223348356873,-0.7670395552155691,0,0
3.542488628791775,-0.1561480769879428,1,1
3.8149405802546634,0.1526341734002167,1,1
3.4386077019064225,0.023683578799016804,1,1
2.9424948593484523,-0.23769991515985542,1,1
1.7871639579933891,-0.1866291613894841,1,1
2.231690535287992,0.0024854764710557915,1,1
2.8165093154042444,0.30774762457276167,1,1
3.0564256636703653,0.22599115638533077,1,1
3.7665225244449902,0.38031437016160596,1,1
4.994966461746019,0.7030871183941148,1,1
4.6938240229416115,0.6797590642474385,1,1
5.778654567587484,0.7435258083383808,1,1
5.889495690048044,0.5042540826817461,1,1
1.3968950901480341,-0.6563862712700564,1,0
-0.116183986968423,-0.9091772609028803,0,0
-0.19505541987926092,-0.9341936081270498,0,0
0.03762954542399728,-1.028631166513803,0,0
0.1706529867355533,-1.0510519741398758,0,0
-0.0965892346951311,-1.1715187020630433,0,0
-0.43683097990076364,-1.2481854081411974,0,0
-0.9609167830236932,-1.399815971236802,0,0
-1.709851165169237,-1.5355610332657237,0,0
-1.1091469092164297,-1.5914429401402095,0,0
0.03175434207774891,-1.8293371372341014,0,0
1.376416456729489,-1.7827276777777195,1,0
2.6998989540529537,-1.5486240314691326,1,1
3.2836656561472175,-0.9349209546097281,1,1
1.7676402133802465,-0.8155571824584353,1,0
0.505935580077119,-0.7995519575465607,0,0
0.35004916217971976,-0.7098802921748989,0,0
0.5794170595555408,-0.6575668461409722,0,0
0.3399548949542665,-0.6890338477841417,0,0
0.7668778034222613,-0.6384324562873014,0,0
3.102505880749469,-0.4518426588089181,1,0
4.718714428771235,-0.739482309575676,1,1
1.0145244523803099,-1.3005831282939726,1,0
0.269351911731313,-1.4410250485938823,0,0
0.4668134280338815,-1.703225654713276,0,0
0.051303901933462806,-1.8998127068591537,0,0
-0.18142145820253183,-1.9548464879331628,0,0
2.567798138499563,-1.9377347697153664,1,1
1.3838092244672051,-2.1652185624776,1,0
-0.6670423469320307,-2.1432009710078983,0,0
-0.8442839829961017,-2.3102118293630083,0,0
-0.8628846021249557,-2.4018905189912587,0,0
-1.6229198422050541,-2.320867509961924,0,0
-1.6078760843471491,-2.421282982473333,0,0
-1.323788841707478,-2.679863841362355,0,0
-0.6412027510855492,-2.8278920417468143,0,0
-0.304008034002287,-2.4886983992165703,0,0
-0.4983559514205174,-1.8490106018205885,0,0
-0.005324686780910285,-1.4387612276853206,0,0
1.1172858332907984,-1.2809934769563351,1,0
1.607050768219656,-1.0819123338045922,1,0
0.5908795072051517,-1.0404431505996274,0,0
-1.146695698100372,-0.8674152238773165,0,0
-0.17585768385447087,-0.8007503485114553,0,0
1.6512687403113273,-0.8750506263633131,1,0
1.9238148792720602,-1.1261379295025054,1,0
0.3864474503588157,-1.368610937681534,0,0
0.0351837136007702,-1.4867533747893853,0,0
0.5924046524032269,-1.8314771185737286,0,0
0.014461106976466222,-2.0177414817173025,0,0
0.8498065305596142,-2.219567920577886,1,0
-0.8620235804452672,-2.0966777432200674,0,0
0.2691918858905273,-2.2827019616054507,0,0
-0.5854626330115588,-2.4863017985120113,0,0
-1.242749427076706,-2.436172349553809,0,0
-1.793504723606528,-2.346711460571955,0,0
-1.5243200784290667,-2.623991179084309,0,0
-0.9228499638733014,-2.472166428471071,0,0
0.0888177960403243,-2.335641163411166,0,0
3.261179431453393,-2.0302330604155054,1,1
5.740621292809304,-0.6105027102765976,1,1
6.440494342320005,0.018366521222112242,1,1
4.3516431710317995,-1.4380757142152245,1,1
3.4635928478223486,-1.5623419560321201,1,1
4.312967548163364,-1.3497582472362053,1,1
4.795423619158427,-1.225080887223331,1,1
4.490156699366407,-1.3792244524651318,1,1
4.848617315729728,-1.299537244522009,1,1
4.872126308489043,-1.1137299960663776,1,1
7.474481951007466,-0.49633200482677564,1,1
7.807615265542488,-0.4651273584696205,1,1
7.054842333710261,-0.6156758499755688,1,1
3.855735792935521,-1.2185481945870233,1,1
2.3217177628803376,-1.4085335503819612,1,1
1.0373294388838243,-1.656133150731637,1,0
0.4672189823014098,-1.7192633455394601,0,0
0.263010900088561,-1.7661204492002955,0,0
-0.17748319938899942,-1.8408905032908174,0,0
-0.6960276323177443,-2.0372525104015975,0,0
-0.6888815284681018,-1.9393861094494298,0,0
-0.4881950632370498,-1.8294672716835945,0,0
-0.11786371450474442,-1.7658804520164333,0,0
0.8863934140398493,-1.6199077298497113,1,0
3.9346818299791106,-0.9479986043833701,1,1
4.949006694416419,-0.682202271582116,1,1
6.261205653376517,-0.42789912710483813,1,1
4.860640063122147,-0.6316294411072533,1,1
5.097571020729973,-0.25909020518877535,1,1
5.077846365664476,-0.13163546275826044,1,1
7.061396903629328,0.16615110603535863,1,1
4.816744158350491,-0.1520907188560377,1,1
4.731850385510618,-0.03160460031071305,1,1
7.047090038207985,0.22723468286788653,1,1
9.520179347462479,0.8974969406867848,1,1
10.195226972689579,0.987409332011745,1,1
9.609294973719596,0.8078820549479528,1,1
6.843270431623822,-0.2982746344834435,1,1
3.808618660100816,-0.9452101602500925,1,1
2.9643883398966273,-1.0219133961312423,1,1
2.8147364481480244,-1.064327375913342,1,1
1.5780625142865234,-1.311572818568772,1,0
0.7746218853599388,-1.3395527083378642,1,0
0.13672869733490414,-1.366966148196051,0,0
-0.5417867882834696,-1.4583364315172431,0,0
-1.3279970802786665,-1.5133062375691393,0,0
-1.1942432620614363,-1.6174388428759545,0,0
0.10083983106510873,-1.52343279099728,0,0
2.576605804655026,-1.0715222282988677,1,1
3.078964099422132,-0.8954358882589547,1,1
2.390915565399128,-0.8960256226857992,1,1
1.7016922765230118,-0.5806019146740691,1,1
0.9506627550180742,-0.6912233494302732,1,0
0.11272203894745006,-0.445525906850195,0,0
1.291191747999944,-0.28513829849234223,1,1
1.5710810203460037,-0.4753916479256397,1,1
2.4401837737171768,-0.5133515170388603,1,1
3.5962828879139828,-0.5220787620753694,1,1
5.018168727300251,-0.35914273519228734,1,1
5.6413053142445095,-0.31510012133623666,1,1
6.890592949034403,-0.13811601372400426,1,1
3.98120093320436,-0.7532901532262166,1,1
3.2989018685160834,-1.2566421753064179,1,1
2.8241184881736476,-1.498987212693928,1,1
2.8737129066050935,-1.572824206945991,1,1
2.7069163171683095,-1.611075799354307,1,1
1.2343776806895068,-1.9304064887516497,1,0
0.6524968653488594,-2.2424778026217367,0,0
0.6317127333249739,-2.3177120876813038,0,0
0.7664060273682716,-2.3821520963469194,1,0
0.6940633872606773,-2.4027981272582606,0,0
1.1567906220143098,-2.356044821941102,1,0
3.5544698741887206,-1.8630717636956473,1,1
3.8185872354349097,-1.3123793787856495,1,1
3.9525373802576595,-0.9842738742866922,1,1
1.9980070692590959,-0.8149052407587516,1,1
0.6554216793565334,-0.6332856914455521,0,0
0.1812179620995859,-0.4310135823917778,0,0
0.8067190749994638,-0.2597500779664335,1,0
1.054981007482083,-0.2211658870060603,1,0
1.5785985708628265,-0.22361951327510896,1,0
3.441178454606127,-0.13802093723388414,1,1
3.361215166144331,-0.27174822044635816,1,1
1.4692320965692744,-0.5574948538287767,1,0
0.9848766194523291,-0.8672659908636062,1,0
0.8980849713222512,-1.127392679724603,1,0
0.12885107344328792,-1.3791573492604703,0,0
-0.11255333866573644,-1.3976592783545312,0,0
0.6669513407426999,-1.4136661124953154,0,0
0.755428109290681,-1.4824458557619122,1,0
0.12018265477837962,-1.5565801456068524,0,0
-0.45916539181583627,-1.6406642310969382,0,0
-0.6818223713703315,-1.6815545676601338,0,0
-0.9071008239551421,-1.7106448048810232,0,0
-0.9967509043473463,-1.7208611099546949,0,0
0.17510278598289583,-1.5795527402059637,0,0
3.6317116726725738,-0.8912283458770902,1,1
4.739143353183417,-0.5539881655615193,1,1
5.3350857506971305,-0.40184968616919375,1,1
3.4787311170153874,-0.6244797842274925,1,1
3.5594490458777788,-0.3379660438562337,1,1
4.2798099093111315,-0.034838590917881586,1,1
5.167698965818606,0.19939366328135008,1,1
4.701580801907553,0.047889754671663,1,1
5.863432940244395,0.26956867687176733,1,1
7.200284675737044,0.59319542266119,1,1
9.504815252675645,1.0603685646137306,1,1
5.0661310479572235,0.49585151624547497,1,1
6.150997866758324,0.7847195753062723,1,1
6.854721064972991,0.3689176983772658,1,1
3.6615448626887073,-0.36550926028154307,1,1
3.0207914503560453,-0.4500549086183811,1,1
2.6345533428895465,-0.5793492236543152,1,1
2.793428211476325,-0.5867448333666739,1,1
1.9967409520731756,-0.7230592827744169,1,0
0.90264037124173,-1.040886664996793,1,0
0.30497037530179777,-1.0533254761238773,0,0
-0.18903600594117187,-0.8924589278939824,0,0
-0.08786846804449969,-1.1067924205557917,0,0
0.5578941781648248,-0.9775194558997694,0,0
0.689851400677254,-0.6803880724138357,1,0
2.2065416703703966,-0.5125522046413993,1,1
2.4934432089125376,-0.4059024957040525,1,1
2.64571956023168,-0.21093980195495132,1,1
2.9853883848300016,-0.13335078168792067,1,1
3.1959432257065243,-0.08454968252976872,1,1
3.366603255379168,0.010219115628095648,1,1
3.427887102176622,0.05865340420649785,1,1
3.7598785740865037,0.1159510400454222,1,1
2.8073699500169695,-0.004779497503696001,1,1
3.928787943914662,0.02972066203146415,1,1
3.197723788362545,-0.15496094481347314,1,1
3.5671276231782976,-0.1671461078756631,1,1
2.6066216443346937,-0.43385205346305794,1,1
0.3690894032706027,-0.8591437009349209,0,0
0.44577280472051034,-1.0835097639043452,0,0
0.3101917109212933,-1.1900968688758191,0,0
-0.05150211608849426,-1.2530251742513618,0,0
-0.5908377713793569,-1.372066614137294,0,0
-1.1589160337134556,-1.4784634270940014,0,0
-1.6236529735230554,-1.4990517823429803,0,0
-1.9465350063821178,-1.3715718854451464,0,0
-1.9599576411060116,-1.7838631603939656,0,0
-1.8627588106044668,-1.6804279282209096,0,0
-1.2357548760637727,-1.8570867241890003,0,0
-1.0930438834144425,-1.8463775305607302,0,0
-1.6232557134659975,-1.6672578510749927,0,0
-0.9838615786936624,-1.288331312276473,0,0
0.11129973990271573,-1.1535631515827667,0,0
0.8850458938514698,-1.0082523414331277,1,0
0.4360559158136257,-0.9790785765837652,0,0
-0.26397955506427845,-0.8675161988540745,0,0
0.507228198927207,-0.8058176417481125,0,0
1.3100536356536965,-1.1903944975505039,1,0
1.1475776420872905,-1.358502738839396,1,0
1.6736046004299243,-1.231865475452492,1,0
2.524464667863209,-0.9352796268830222,1,0
2.148558047980908,-1.123870275079238,1,0
1.4713526072353906,-1.1781716360784251,1,0
1.3663692666031944,-1.20683935127617,1,0
0.97458243689194,-1.273711564998198,1,0
0.11621834482240462,-1.41617886218695,0,0
-0.016988800810153543,-1.4133159481685909,0,0
-0.6838895108294604,-1.6060442588971902,0,0
-1.0457832185504354,-1.7136978149932918,0,0
-1.0361202532605551,-1.7306100922317307,0,0
-0.6837399657331659,-1.750196466469977,0,0
0.16330682241403113,-1.591639825703524,0,0
3.0129109004697177,-1.012229255633773,1,1
4.8044135715934315,-0.3100059636137629,1,1
5.399636202467055,0.019332420112984104,1,1
6.565482857124487,0.1698361997639165,1,1
4.41624776661144,-0.03878487231938196,1,1
0.6037400101231784,0.06897158855360021,0,1
0.7041785049518786,0.14817053302656163,1,1
0.14717533943454275,0.0009120385652077392,0,1
0.44744833441363824,-0.01829345508701855,0,1
-0.245736154402344,-0.11487592430319171,0,1
0.19931037053304734,-0.21677431356129476,0,1
-0.5951616704351382,-0.2054421360296858,0,0
-0.4681707593085276,-0.2861303152551347,0,0
-1.044029899622144,-0.44773576978783486,0,0
-1.3047080246855318,-0.5025929754896592,0,0
-1.519090699905659,-0.543132066233262,0,0
-1.4690164795233973,-0.5838763814959497,0,0
-0.9605793950881499,-0.8701127677662656,0,0
-1.2301995332071847,-0.9957566670377028,0,0
-1.8044310506650634,-1.0150248604742256,0,0
-2.1967033017395745,-0.9864751446991357,0,0
-2.2289327377432033,-1.0033049389782525,0,0
-1.6762464615560198,-1.422316068651193,0,0
-0.9964535673058104,-1.327861156353055,0,0
1.0926023691462794,-0.9921169093129525,1,0
1.6790238641449948,-0.484808454130763,1,1
1.8076109412261165,-0.45539354970468654,1,1
1.5742428774271813,-0.539421207281681,1,1
-0.11160994351846021,-0.6003323468820108,0,0
-0.15249104421138193,-0.541097959466321,0,0
0.04833609351115189,-0.5089772559331044,0,0
0.1697340467501059,-0.4559588893751813,0,0
2.3518316356717492,-0.16431929458241545,1,1
1.775862885141594,-0.7127458416453996,1,1
3.444018104716238,-0.40044337260148616,1,1
4.598325513066429,-0.20903061524376274,1,1
4.918985095035961,-0.09815003018389311,1,1
2.1744639610153746,-1.092689658136995,1,0
0.31613868518923066,-1.5156658646347918,0,0
-0.06404565178611053,-1.5693857720645992,0,0
0.17174688251747466,-1.4789496826823674,0,0
-0.8821002844793234,-1.5654863500339697,0,0
-1.1809421635362212,-1.7090903699540991,0,0
-1.359984927744871,-1.8464465328718693,0,0
-1.4558425467228022,-1.8937540190390443,0,0
-1.6363557039474446,-1.919952398549365,0,0
-1.2902753897153143,-1.7918255986201466,0,0
-0.22520640412100387,-1.7470032632897798,0,0
2.2926956689974416,-1.2359773893665609,1,1
4.033291997278574,-0.857789900186115,1,1
3.7678623119778303,-0.9518282378793863,1,1
2.0557066778390203,-1.141949115932888,1,0
3.027872474163797,-0.5908066599804253,1,1
3.0859651916912334,-0.4440912594161854,1,1
4.972445541679233,-0.01843528821977457,1,1
3.98752460902972,-0.36051843265577604,1,1
4.861272056447139,-0.32330137699370914,1,1
5.181317982052665,-0.29790777583952366,1,1
6.0485824746318935,-0.1024093035198814,1,1
1.1229051590851433,-0.8342521884483792,1,0
0.4405490181068193,-0.9955477248892503,0,0
0.07832486960241337,-1.2514540733221982,0,0
-0.06988772536117721,-1.328898136059311,0,0
0.14097067647166303,-1.2764004338357864,0,0
0.16001813491080527,-1.1539752590299996,0,0
-0.4100898470195199,-1.2143483428669772,0,0
-0.718744808635684,-1.204787643271131,0,0
-1.1651965280947985,-1.2750829556120564,0,0
-1.4410114038540442,-1.2860376317374325,0,0
-1.7347788597609934,-1.2925568884289815,0,0
-1.1948826358560292,-1.1999232932683879,0,0
-0.290193117984848,-1.097064066873459,0,0
3.2182158989611875,-0.4408107755104577,1,1
4.109049821271557,-0.08507153026685725,1,1
3.1029278684635657,-0.27138714698323985,1,1
2.3095998938804896,-0.26400187490644433,1,1
1.7717950011618369,-0.262494947431816,1,1
2.172380877746248,-0.05489152322394043,1,1
1.4031419012637365,0.2449846475798289,1,1
2.3420835984477053,0.5626252924943222,1,1
2.553068557879119,0.4221081360876487,1,1
3.701951436977765,0.39510323190267127,1,1
6.303757445175246,0.8901027818474738,1,1
7.7771692301071536,1.1660032303897028,1,1
6.232767575557249,0.7999945193461532,1,1
5.231379002354383,0.4764018373083939,1,1
3.164822765097782,0.04073155739658722,1,1
3.0716365199098967,-0.1340973842242891,1,1
1.3920383510434422,-0.5071852196186535,1,0
0.5835555222605343,-0.6066380041442897,0,0
-0.04726545776479825,-0.6403454264179298,0,0
-0.8772077450518387,-0.8652039255160614,0,0
-1.2560659446898068,-0.895245013761819,0,0
-1.615447628963779,-0.9845987599336892,0,0
-1.175368622629502,-0.9632808528055525,0,0
-0.34673990599223203,-0.8578673096971525,0,0
2.7781810166695826,-0.32584075627770615,1,1
4.724465391496274,0.13423003146438123,1,1
4.059555720405958,-0.06894106361315416,1,1
2.003171354376258,-0.24578803912867692,1,1
1.5976603263384452,-0.08895330520413815,1,1
1.6567542386242082,0.021337664797763004,1,1
1.7495295569421494,0.33764049581131667,1,1
1.524073717489868,0.40980622084457363,1,1
3.069047889827241,0.7785147821373961,1,1
5.315562943822219,1.0152274995425374,1,1
3.1947902048793493,0.4460597861664511,1,1
2.9074525375005793,0.29539883633887726,1,1
4.25022569734996,0.4909128394248169,1,1
3.715729762382665,0.056917772907913486,1,1
1.1172225256322301,-0.5393971879472942,1,0
1.4801702112709136,-0.6290149002960107,1,0
1.5259792182847791,-0.7162591650867798,1,0
1.3878835318676446,-0.7577679705065785,1,0
0.7952775934798406,-0.9142229158306976,1,0
-0.015296752394659918,-1.1399699722205667,0,0
-0.5629366744280003,-1.1695016545950292,0,0
-0.5159398561546931,-1.224101900281099,0,0
-0.4967228143517986,-1.1889672259693318,0,0
-0.73321532039014,-1.1055114649467,0,0
1.0705297284630364,-0.8093440320834341,1,0
0.6897285157592744,-1.0244142708908182,1,0
1.1487644603763414,-1.0238684384571748,1,0
-0.4345236401832128,-1.120028070087227,0,0
1.076778685923527,-0.8694953409272058,1,0
1.6144410333952666,-1.0362883597296644,1,0
0.4364562033124747,-1.100003580359282,0,0
0.9870386292557779,-1.1167926015111858,1,0
0.489184734492511,-1.0994368838629889,0,0
0.6944019732641027,-1.0330081170242376,1,0
1.3564804709296014,-0.8072345653437212,1,0
0.026527324935897694,-0.9878752662748532,0,0
0.8234382938760066,-0.7795436550225414,1,0
1.2184628041445968,-0.7326242168506399,1,0
0.10935768853775449,-0.8203877124788671,0,0
-0.45060707795822125,-0.893853365924586,0,0
0.2532016566665804,-0.9813120600879605,0,0
-0.019622078908072844,-1.0970255420103068,0,0
-0.9171371200747149,-1.2324574162721715,0,0
-1.1300234824619144,-1.26506909640044,0,0
-1.2641109380260624,-1.2329215462722154,0,0
-1.615646996207584,-1.1853098849227703,0,0
-1.8668850207509342,-1.2266551177216674,0,0
-1.7814178000062342,-1.2401679631394744,0,0
-1.6195573347001704,-1.104802616231404,0,0
-1.5253842039506054,-1.0936370519861474,0,0
-1.4362702413595991,-1.094914003026679,0,0
-1.0968993042492778,-1.0224554319532566,0,0
-0.7013916031937811,-0.9666218982277303,0,0
-0.01687343697924851,-1.0970534616026275,0,0
-0.5786686450006971,-1.286170229047526,0,0
-0.36124893921269485,-1.0967523009275435,0,0
-0.8322616263202932,-1.3353547771770757,0,0
-1.2256620064124533,-1.4164721456396427,0,0
0.07326456332233106,-1.0033328085884998,0,0
-0.22063740118934244,-1.1950207738850118,0,0
-0.668934493211101,-1.1505200145508796,0,0
-0.5996693133095656,-1.1081797027501252,0,0
-1.3751948097529345,-1.1832191734325435,0,0
-1.3405051000645758,-1.0693467389178655,0,0
-1.5779335397175467,-1.0571453430512565,0,0
-1.5140725545857263,-1.0271940805945827,0,0
-1.3329910508427694,-1.0276001938070618,0,0
-1.5023620968429399,-1.1181408541357094,0,0
-1.9202637683334283,-1.3394665676601265,0,0
-1.7266264203113013,-1.3445594955422004,0,0
-1.2372208975095478,-1.2774666980362896,0,0
-0.4726044170077086,-1.1888898605042093,0,0
1.722304073858214,-0.6970067975612356,1,0
3.51883824681915,-0.06494944090457824,1,1
3.1760793281497115,-0.010705378739636718,1,1
1.6723754260034778,0.12647272892860562,1,1
0.8322649712655084,0.07249151321107973,1,1
2.341056884959982,0.5549064494311965,1,1
1.5559112161969817,0.4504640661022896,1,1
0.507810787406662,0.4728429541733081,0,1
0.9474509675462469,0.30384593286304357,1,1
1.036640679089667,0.11429619796848861,1,1
1.3740796374764492,0.06464064090429164,1,1
1.9762225576565666,0.0264528987947713,1,1
1.0713781840879466,-0.2116529852408351,1,1
0.6944371479388737,-0.3146581506759951,1,1
-0.5280997639476441,-0.33658220096621794,0,0
-0.7516256316409277,-0.7204850715612118,0,0
-0.9826351076380577,-0.831134063624941,0,0
-0.7152752402350285,-1.0140218252721034,0,0
-1.158020073608593,-1.0731633747627745,0,0
-1.1912822931730178,-1.287027934770927,0,0
-1.5016626513727358,-1.2993772273474966,0,0
-1.6839139262785319,-1.2391601428820205,0,0
-1.5298312192983308,-0.9312309605322575,0,0
-1.0489426065487817,-1.0945414127965762,0,0
0.9451216602050613,-0.9223398253198279,1,0
1.6901507507899047,-0.6082524105884858,1,1
1.996407021696023,-0.3388914158469895,1,1
2.90975230463944,0.13547456815756898,1,1
2.376408044524269,0.28410358303209104,1,1
1.2594452652063532,0.40398792746700063,1,1
1.6559081684750547,0.4249956668961481,1,1
1.107826493765295,0.27362495352510147,1,1
0.7875106532773097,0.06553212421668098,1,1
0.7128448788752625,-0.10651782775954863,1,1
1.0161393393212548,-0.2197287970601161,1,1
1.0031904283440023,-0.2824015868653156,1,1
0.26543640543253916,-0.41884201887934386,0,0
0.6724948161835355,-0.5279758511565564,1,1
0.45739411960747767,-0.5386297564360498,0,1
-0.37120948132386555,-0.6428371781943939,0,0
-0.6692786975528566,-0.586591726760284,0,0
-0.6677834675313915,-0.6001648147768671,0,0
-1.0779378953582812,-0.6471086386273673,0,0
-0.8236100232228918,-1.067210764468747,0,0
-0.5807192673985503,-1.1034877583282872,0,0
-1.3666095957247202,-1.2619497425271635,0,0
-1.3341368031636704,-1.3063248500056843,0,0
-1.2515671355148679,-1.2633819732149758,0,0
-1.3596464541118694,-1.1115080407021183,0,0
-1.2090408629072893,-1.0229668218845913,0,0
-0.32422249961550176,-0.9105288510242225,0,0
0.27843996432512796,-0.6114260840451284,0,1
-0.03718413760692031,-0.3447164784366593,0,0
0.7826750272715928,-0.10068374113852441,1,1
-0.20280286400616288,-0.22281432721338942,0,0
-1.0939006260563282,-0.4547369923900584,0,0
-0.6845822769890895,-0.6447932116446601,0,0
-0.11583395653117232,-0.6382173319407848,0,0
0.7923401330460648,-0.3358026789588565,1,1
0.39232008389411166,-0.32550583727813026,0,1
1.4829387581433546,-0.3522079826798401,1,1
1.1918018158391699,-0.6600422514837073,1,0
0.2852996518765824,-0.8130971435729182,0,0
0.21665442830866977,-0.8052929885338129,0,0
-0.3867049257389483,-0.7876456275498553,0,0
-1.334916244741688,-0.7979830129750322,0,0
-1.7361540393679162,-0.8403108985020515,0,0
-2.169347137593201,-0.7806579994255666,0,0
-2.492264793854232,-0.8275610200646316,0,0
-2.492724406912648,-0.8944419362196745,0,0
-2.30299505325237,-0.9041143595440683,0,0
-1.8327656757426052,-0.9147510816847423,0,0
0.16999427486650198,-0.6666174634564432,0,0
0.02301929551236065,-0.7056710813693123,0,0
-0.5400617870625506,-0.8716913429615212,0,0
-0.4667759864938051,-0.7968249814979965,0,0
-0.41740821513464427,-0.6701129614299115,0,0
-0.43178309868369374,-0.7091587124236473,0,0
-0.33512085182469403,-0.5980557930570736,0,0
-0.5878991245517835,-0.7131347634627736,0,0
-0.29089787166982384,-0.5716638799754359,0,0
-0.4423752556568898,-0.731970678274043,0,0
0.3374447532596074,-0.6073176385127734,0,0
1.2142257591199908,-0.4001471937002438,1,0
0.5179985462412157,-0.5626286425280621,0,0
-0.6499220611236225,-0.9631817925956748,0,0
-1.6563341859736622,-1.203667688240128,0,0
-1.835258274382454,-1.2426723024047694,0,0
-1.8407647512218202,-1.2773441135694457,0,0
-1.7932024392352535,-0.9738675465025062,0,0
-1.7968827517543375,-0.8424826299968028,0,0
-2.0739056551009902,-0.9680824573720602,0,0
-2.3830323139012948,-1.0769242021870489,0,0
-2.5213908747982194,-1.224769674967363,0,0
-2.2851347271048996,-1.273932552297426,0,0
-1.8347087120655585,-1.3233028815378192,0,0
-0.23124343033486147,-1.1355118005358342,0,0
0.8716246247984252,-0.837295770468483,1,0
0.1319554146717258,-0.8002712635402124,0,0
-0.2426665064404405,-0.631291750623621,0,0
-0.27640346513456016,-0.5346654131581734,0,0
-0.009828947368268927,-0.3341958925696398,0,0
0.2354226616788436,-0.21589788179233815,0,0
-0.01188005211667439,-0.3404442652095467,0,0
0.29064761598381617,-0.33977365564883605,0,0
1.2501334214030266,-0.4166058785277344,1,0
2.6926543175484796,-0.39275903974927046,1,0
2.686954016182854,-0.3500878927851162,1,0
1.8545986452974403,-0.6264957581056488,1,0
0.9021802683953437,-0.9368063071076279,1,0
-0.6278902678003067,-1.0578352598390877,0,0
-1.022681079701804,-1.1213720281876025,0,0
-0.28909872712580476,-1.0970886251991392,0,0
-0.25808672212755757,-1.1111361104808102,0,0
-0.9136231140248645,-1.2025201730700859,0,0
-1.0871399304159501,-1.2109632026839645,0,0
-1.4119372770999419,-1.273831449152287,0,0
-1.502434761832856,-1.4008158466115768,0,0
-0.6387576362729744,-1.78708297546598,0,0
-0.4961649876092568,-1.529157550497546,0,0
0.37817147830632025,-1.590982115640203,0,0
1.2175780839529382,-0.981892611316141,1,0
1.591581419756888,-0.5939363740237404,1,0
1.4523206692576165,-0.20137748841772715,1,0
0.9605055135960429,-0.1734474306787849,1,0
0.4166751919146099,-0.28040309109470557,0,0
0.32489700230387775,-0.1921983552800121,0,0
-0.3560000309651964,-0.370891807979071,0,0
-0.10713232251826849,-0.3712701776115512,0,0
0.8194807554344221,-0.4084703976268051,1,0
0.7259933267726243,-0.5804320422292955,0,0
0.4781888404325085,-0.7104667717379449,0,0
0.7812968646492074,-0.6698573922414801,0,0
1.2765944421130353,-0.7304991289864905,1,0
0.241635352585888,-1.110835685281468,0,0
0.855576962977165,-1.3429128867127986,1,0
1.3525552727449222,-1.3761034165719628,1,1
0.7953582796230583,-1.4608187813592177,1,0
0.9023226654183832,-1.6776860012553503,1,0
0.2043450687615807,-1.885526850628751,0,0
0.23943658605944293,-1.9186890604009281,0,0
-0.4194144793626718,-2.0177866060429204,0,0
-0.5819878634653594,-2.214482207079804,0,0
-0.6375388063941636,-2.2583395346400557,0,0
0.24240576002686853,-2.309558992308296,0,0
0.5550613005763627,-2.1637652100510856,0,0
1.0345086639871364,-1.3240172019634286,1,0
0.43473999619545867,-0.8925816560927305,0,0
0.9396306382961,-0.5831052201700966,1,0
1.7563718073485894,-0.4293451457492169,1,0
1.865067113514452,-0.3505743144725538,1,0
1.9655178655268508,-0.14111236999048707,1,0
2.931085506860095,0.049597117671595504,1,1
3.705818543027156,-0.1472965487492588,1,1
5.2273538746369255,-0.31789419289679477,1,1
3.087772214300616,-0.7590006127715657,1,1
1.299955193727214,-0.9414062621866605,1,0
0.7165651656152694,-1.1619452054209256,0,0
-0.04545669514840217,-1.3771938087238074,0,0
0.1408377740835494,-1.5332868299529254,0,0
0.49772540549917277,-1.5623046790974977,0,0
-0.21515100936514905,-1.684484857321548,0,0
-0.4107941772998451,-1.8806017152680694,0,0
-1.0771150696609346,-1.978875979481179,0,0
-1.4536193832061368,-2.078783618521964,0,0
-1.634804665372371,-2.0879812545467087,0,0
-1.0829579428922829,-2.0929333001397303,0,0
0.0807846135695869,-2.1407672383899334,0,0
2.288843587920893,-1.5970259600648433,1,0
1.9798110985026822,-1.387368250155507,1,0
2.4315042584607447,-1.1154099307057102,1,1
4.653558545925836,-0.6194459202413571,1,1
2.986956130814952,-0.6831875397608134,1,1
3.514908890077583,-0.3017859338746983,1,1
4.088754223887095,-0.09185890430879985,1,1
4.22410421550639,0.17298405611159062,1,1
4.474751819215948,0.24825679905262257,1,1
5.965812327028647,0.1530329474485864,1,1
10.218951828777598,0.734381965333112,1,1
6.513575600655109,-0.030768832099077166,1,1
3.6268780283650255,-0.6909697444046601,1,1
1.8392606227715966,-1.0619263219406196,1,1
0.5543788112417596,-1.3030990438575687,0,0
0.20410619032557684,-1.5826943371196804,0,0
0.18215183524851777,-1.66232139545411,0,0
0.40426987827178196,-1.733486478737759,0,0
0.26643991549427337,-1.922292967739515,0,0
-0.7403753755542343,-1.9138648230735742,0,0
-1.2136165808752906,-2.1127112319774524,0,0
-1.3713415292961284,-2.13907253504345,0,0
-0.46669365567466486,-2.2048622205251145,0,0
0.6875494861765915,-2.1246330882022444,0,0
2.0950474907613947,-1.6582576462607153,1,0
3.2704386654345163,-0.9590285549829553,1,1
5.288057691681224,-0.6330686987901755,1,1
4.131242317252952,-0.579297808779088,1,1
4.027681676468948,-0.5148914271287366,1,1
3.8370349296850286,-0.07883274679460646,1,1
3.3271266490858142,-0.11539737840914097,1,1
2.631795308934777,0.01629097696346326,1,1
4.298256422736306,0.38293344056069706,1,1
6.83085889431293,0.34140429846018266,1,1
7.794905376717691,0.48503457447115517,1,1
5.995139832001085,0.4479169257391169,1,1
4.1817787207156245,0.3816352232505592,1,1
3.238082404412283,0.32344952186734055,1,1
1.4453634143554792,0.33156609822483135,1,1
1.3133635627794846,0.27574154116803185,1,1
2.0339913114912145,0.27974349662343523,1,1
1.2116290398846992,0.2977081127405546,1,1
0.7601594637484913,0.2587960247582654,1,1
0.08093229091796604,0.22301993567260714,0,1
-0.3829587089460583,0.24947390402153086,0,1
-0.2786162017368444,0.23630108334118866,0,1
0.2860768985638127,0.16654200297153351,0,1
0.3046106586472312,0.18156714093412316,0,1
2.403410542992228,0.21169974832352065,1,1
3.661679608910656,0.16277024833694698,1,1
3.960001293717357,0.16402464539034692,1,1
3.5587459241645023,-0.011329898031000218,1,1
3.594100902770455,-0.04585472779170207,1,1
3.6777187907398585,0.024035712692192162,1,1
4.006742479781214,0.006619872748101333,1,1
3.863864213146177,-0.03307936655708191,1,1
4.26562844574325,0.005189536611497376,1,1
6.263991805515326,-0.016456576773695348,1,1
6.0971978891725005,0.10756957689159631,1,1
2.300715935837665,0.0910076634409493,1,1
1.229237923494504,0.05233042438018645,1,1
0.9466613849713319,0.03527157387755352,1,1
0.9460171870480862,0.02234997128795462,1,1
0.5460015507433049,0.0071910217440233236,0,1
0.942258584784976,0.012754224380305716,1,1
0.7992001121370993,-0.010841346541205438,1,1
0.39943507348988166,-0.026232729442281746,0,1
0.32836832638053043,-0.012355874374428772,0,1
0.0957994495463034,-0.0451515623825133,0,1
-0.21717416270655998,-0.06574756813673767,0,1
0.008009647686412415,-0.1138687165024363,0,1
0.8755660815232926,-0.16514585628055556,1,1
2.7269292158521794,-0.15935912383242634,1,1
3.9654366304376607,-0.0783089576466144,1,1
3.7203676556267555,-0.1681598842263744,1,1
4.608689280100151,-0.33837140923178527,1,1
3.8530949283378426,-0.28303975911990276,1,1
3.334418174884967,-0.23141926745615352,1,1
4.972736285324444,-0.27603136795680955,1,1
4.867434825373085,-0.3846264626862653,1,1
5.623776531470745,-0.403943411371248,1,1
5.0742212203347465,-0.3793182774631645,1,1
6.2841316238388245,-0.21384374702090975,1,1
6.753987156212648,-0.12349874161676341,1,1
6.888096016106614,-0.07677156770266058,1,1
6.493627001080625,-0.10707095515102327,1,1
4.710695929926299,-0.35509633226949255,1,1
3.697687443153035,-0.3885035812656246,1,1
3.371810923218924,-0.36719173319271026,1,1
3.3666571161328442,-0.36395452098002995,1,1
2.8741381362660854,-0.3167935618379192,1,1
1.9060227455189056,-0.40400545093114043,1,1
1.2250222520603957,-0.408243930111585,1,1
0.8432919975001396,-0.4265013090849494,1,1
1.1458715451387966,-0.45314830785035726,1,1
1.9122694816780836,-0.5037645092420494,1,1
3.1328865480304233,-0.4498751400677223,1,1
4.444099884685915,-0.3150883410956672,1,1
3.932381580366531,-0.4591799934953118,1,1
4.380603352030128,-0.529917016661273,1,1
3.1573768072453823,-0.600408630508255,1,1
2.3138579640553387,-0.4950196658597548,1,1
2.7469757819670155,-0.5437318938762103,1,1
2.1837198911317355,-0.5660901590776011,1,1
1.8465687739538839,-0.510368781185825,1,1
2.209617827185262,-0.48381100798060456,1,1
1.6069999771420251,-0.4993637577209648,1,1
1.5334648498982417,-0.5001240759499785,1,1
1.5338934342499744,-0.49810417694162856,1,1
1.376980666074314,-0.6749170731680377,1,0
0.4672082209120955,-0.9961545261189187,0,0
-0.5553500378367344,-1.1035398518326642,0,0
0.03751314176246556,-0.979600498497699,0,0
-0.6285675409275286,-1.0124326987967331,0,0
-0.6742976529591589,-1.1524740938990823,0,0
-0.8743037901307417,-1.2089121836198538,0,0
-1.0982193961506863,-1.292315153985757,0,0
-0.648137485916355,-1.3995227143616997,0,0
-0.8356678371537151,-1.5209544196912614,0,0
-0.65790810440658,-1.5805079650682112,0,0
0.8394471771798463,-1.4319347564934621,1,0
2.242660442097112,-1.2722012043168296,1,0
2.1607969984619566,-0.7226135884724482,1,1
0.7744078808340317,-0.5472415523290792,0,0
-1.0723349706000396,-0.667285156877897,0,0
-1.3936425149124367,-0.7332665088847923,0,0
-1.5230829211218202,-0.8973487358477741,0,0
-1.7471797021236466,-0.8708042851068722,0,0
-1.2910906142086016,-0.8462991266697292,0,0
-1.318427866466072,-1.0339585389201682,0,0
-0.698492528719273,-1.0991673745686665,0,0
0.7921841198235291,-0.9901187558684365,0,0
2.922430094680459,-0.6982757755726944,1,0
3.358978644779058,-0.8972767119050518,1,0
0.7907724839554799,-1.261467462344902,0,0
1.1176661464203042,-1.2211728900245875,1,0
2.537856237457366,-1.2695925449623724,1,1
2.4601355847849486,-1.3724180700925632,1,1
-0.16196695014412651,-1.8133921597460827,0,0
-0.8390620838743051,-1.9181424499610722,0,0
-1.2511433619903811,-2.0741838174962166,0,0
-1.1664834078801716,-2.3472881158656467,0,0
-1.5920541074789374,-2.132536462948787,0,0
-1.1001707169950894,-2.596552884453679,0,0
-0.4821736471721562,-2.568655495421213,0,0
-0.788708885867553,-2.42917883863709,0,0
-0.3470989634567347,-2.004099171415302,0,0
0.912622389971175,-1.7975811043666288,1,0
1.0010892712044501,-1.7514725888203035,1,0
1.737961701025916,-1.4489859837089947,1,1
1.4128276154385102,-1.9319227495844735,1,0
1.9367216358483237,-2.0122363243377066,1,0
1.7501711445677295,-2.131477297556561,1,0
1.9477551182959176,-2.0522390552874255,1,0
3.500117425831353,-1.7983361738733161,1,1
2.817627088121953,-1.9043896583270703,1,1
3.164203822488935,-1.8158531869495773,1,1
2.4350262102648763,-1.8420561719499589,1,1
1.3248574491620573,-1.9310537111777017,1,0
1.0096331836202168,-1.9325355950223508,1,0
1.223505815516953,-1.8751839338422276,1,0
0.6698220054039365,-1.7227134756881755,0,0
-1.2227928313559357,-1.6171085578203677,0,0
-1.5401901881906668,-1.6782723992590098,0,0
-1.7769472064599314,-1.6882200602279869,0,0
-2.188383168341912,-1.737177843293192,0,0
-2.1607938039050847,-1.7491459961672948,0,0
-1.4083599659334667,-1.6204322339949586,0,0
0.41033123000076965,-1.5431296770761582,0,0
0.8207912199172266,-1.4632364160575908,1,0
0.23901239380193134,-1.5091351117918226,0,0
-0.1846783330185419,-1.5364144374624251,0,0
-0.1379916335828988,-1.4321755260361828,0,0
-0.007969949298475285,-1.4168156751284127,0,0
-0.5245812670015542,-1.3956734803383515,0,0
-0.6318980410044189,-1.4130115211195622,0,0
-0.3051038689177948,-1.3183500526418046,0,0
0.48883057636827965,-1.3976369878838626,0,0
1.728499324895159,-1.2197393872894027,1,0
1.6279102750075662,-1.2771111280166405,1,0
1.6119689028658477,-1.242593154599125,1,0
1.2649116365178699,-1.4116758592294698,1,0
-0.48539185337917207,-1.710156017694865,0,0
-0.8135350884501666,-1.737066776023042,0,0
-0.8124788296610037,-1.762568477574412,0,0
-0.17747459074310115,-1.8556285261095267,0,0
-1.9786421153906175,-2.0032526585891177,0,0
-2.1540070061831242,-2.009419171787134,0,0
-2.2865480402588743,-2.0531584080273335,0,0
-2.179431245914849,-2.130442875007658,0,0
-1.0759355589284574,-2.2567693981968278,0,0
-0.6376485914060637,-2.1958064217549733,0,0
2.1546569691023856,-1.7969410260012286,1,0
4.4760221098119555,-1.0438260874356453,1,1
1.3731023096366117,-1.5780250833699934,1,0
-0.011339586090130714,-1.6289548915779029,0,0
0.2979108010393469,-1.6401013710263936,0,0
0.7449901251997904,-1.370965446921252,0,0
0.400951373952148,-1.4479060407328088,0,0
0.6707086556963379,-1.4348262594315677,0,0
0.6189669501006374,-1.3881877841084933,0,0
1.0019051359827114,-1.4336571006048429,1,0
2.0591888543057335,-1.2665266205909054,1,1
2.1963367777277516,-1.3442499326906179,1,1
2.739019408030538,-1.305447681226018,1,1
2.755265621387681,-1.5302742806907117,1,1
1.3590458305102886,-1.859760739859374,1,0
0.1788224581437788,-1.9691435343222141,0,0
0.10106955746781515,-1.9134789652053765,0,0
0.7212675120300067,-1.866741203984864,0,0
-0.25171606737833296,-2.0173509721081384,0,0
-0.9723819747099514,-2.100020693027545,0,0
-1.5936690383987593,-2.1204084256932587,0,0
-1.6691122816872628,-2.1285546112353466,0,0
-1.566557933670846,-2.222713506485102,0,0
-0.38239066612372674,-2.2926531515586803,0,0
1.1912508024099397,-2.139803122568239,1,0
2.472917769986214,-1.9377480891386583,1,1
1.3445277922672194,-1.647066292973349,1,0
0.4347199382220659,-1.4425976433470409,0,0
0.3525913923232302,-1.2486556306594514,0,0
0.305239111911061,-1.2217296267381492,0,0
0.6289456510462657,-1.263587135146355,0,0
0.22540037782236155,-1.309014666220374,0,0
1.0387772346868205,-1.2331976963951192,1,0
1.2461452167433407,-1.2548151925320175,1,0
1.1870922621427435,-1.5436727272151363,1,0
2.391810937715571,-1.4437514317029814,1,1
2.53467205142777,-1.41274044030179,1,1
1.798912738982614,-1.723247319791962,1,1
2.024500657564544,-1.8401368559855396,1,1
0.15061056834057732,-2.0557444162976743,0,0
0.08696521094033893,-1.9664635234184207,0,0
-0.14941456269186346,-2.061629826394987,0,0
0.29922790325662074,-2.322039236147254,0,0
-0.350450949325203,-2.471188585287832,0,0
-0.9392232443778727,-2.6229820765135523,0,0
-1.3054116943542993,-2.2621941356087736,0,0
-1.1276462946693668,-2.418395185828056,0,0
0.04366206171625861,-2.6262957026073015,0,0
2.4492215286894385,-2.3090194562056308,1,1
2.4974746059465205,-2.0986701924728677,1,1
2.161582436804417,-1.869167304170322,1,1
3.0513699852340355,-1.4427848668632681,1,1
3.16351687875527,-1.3032866786780082,1,1
3.4887688494080846,-1.154186553732669,1,1
4.225412210688991,-0.9239346779234998,1,1
2.09234742315492,-0.9988722373663499,1,0
2.972303249163658,-0.7015630939467226,1,1
5.546099197912256,-0.46441424783666024,1,1
7.48732719211436,-0.4658062317659161,1,1
7.664146135147112,-0.45766304626993715,1,1
8.329462048642002,-0.6488114133228368,1,1
6.414085795765517,-1.1176485778332899,1,1
4.302795860502711,-1.4149192202252665,1,1
3.5141064033544707,-1.5837174401875491,1,1
3.6900924749860615,-1.5576096634963637,1,1
2.7850154305014057,-1.7903071738582863,1,1
1.9160661990306143,-1.8513783818663512,1,1
1.324292328512734,-1.9703151622495794,1,1
0.6498761536302005,-2.127918104081552,0,0
0.4832359168870201,-2.079063560771076,0,0
1.203028851984596,-1.9763744805578376,1,1
1.5082005476380398,-1.8271046770591595,1,1
2.6598861031072527,-1.5735357115652642,1,1
4.066909275530587,-1.2553562048135336,1,1
4.299099936815966,-1.2023571964194855,1,1
4.192719297341177,-1.1279954427297638,1,1
3.8021430808717738,-1.0421540872729425,1,1
5.04802080928613,-0.5446425008798768,1,1
5.534055725385055,-0.45201571306459437,1,1
3.956511697565939,-0.7474985046162131,1,1
4.52177423446536,-0.5247646463065327,1,1
4.580576412117053,-0.5862751610657547,1,1
4.27562136520807,-0.5839615141509978,1,1
3.969510911150494,-0.6549543150210447,1,1
4.097263833493895,-0.6821491328281645,1,1
3.149070776373365,-0.7980645140796638,1,1
2.7881745687269364,-0.8438907916348852,1,1
2.6667771288479876,-0.9296755749463156,1,1
3.32769638072096,-0.9916949230667056,1,1
2.9761463653493356,-1.0247032291149387,1,1
2.733759859114674,-1.0473740895518848,1,1
2.1782623890818114,-1.1573079659711496,1,1
1.2627750479032602,-1.3233397370543707,1,0
0.3146252347656138,-1.5202038226880965,0,0
0.0011818479051540613,-1.5223836841487124,0,0
0.24919177624122651,-1.501064360147956,0,0
0.2900326894120911,-1.5359469551987077,0,0
0.6606175801313976,-1.4905929132572546,0,0
1.2439915825679446,-1.300945978362999,1,0
1.0903648485389303,-1.2650106335274913,1,0
1.6918012890607113,-1.0544111138597556,1,1
3.476465443513532,-0.6601974077948577,1,1
2.3554783741445178,-0.8339208566430896,1,1
0.7779874424819182,-1.024139658995442,1,0
1.5314313128455488,-0.9348853421805434,1,1
2.4547797307104275,-0.8871116452346107,1,1
3.01540881759711,-0.8047872729407579,1,1
3.1286075815462686,-0.8431324865132439,1,1
4.449558462566957,-0.6085966667497822,1,1
2.3680289788611133,-1.0408421743385723,1,0
2.252311948235733,-0.9584283941156211,1,0
1.9444481600345875,-0.9817521723390702,1,0
0.5479132135793351,-1.1540490649284858,0,0
-0.24458613529731138,-1.2890002908390992,0,0
-0.7580717332578734,-1.4235559725898703,0,0
-1.5537811067003202,-1.4244014025054117,0,0
-1.9939435917389914,-1.5422277431915232,0,0
-2.1746695006426533,-1.574855824050104,0,0
-2.208919294472727,-1.5570857978924832,0,0
-1.8762869034402117,-1.6175960273568664,0,0
-1.357293588418426,-1.6583937985761992,0,0
-0.7633087669190703,-1.701559670343344,0,0
-0.6164127431017715,-1.6283426899636868,0,0
-0.7888903083343025,-1.4136894008231615,0,0
-0.0023563470734360493,-1.1193735340159463,0,0
-0.049214391180583676,-0.8960339933329989,0,0
-1.3213936685145418,-0.8213507449280384,0,0
-1.8850251402349953,-0.7971437422012514,0,0
-0.6826384295500316,-0.9101125637088098,0,0
0.29254415020387925,-0.9041080862158715,0,0
0.6406508516796469,-0.8333210799081701,0,0
2.0241057099685658,-0.8318076635431345,1,0
2.1429388863070673,-0.9609625845857668,1,0
0.63227048746576,-1.2203450299678094,0,0
-0.899458711256038,-1.3438527286596977,0,0
-0.541478119825596,-1.24769814097292,0,0
0.5269633237230157,-1.297989538920978,0,0
-0.5225770283298481,-1.3611233415713186,0,0
-1.1391711955196526,-1.352394238223792,0,0
-1.6730287554534604,-1.4204574533812424,0,0
-1.9389539156295952,-1.326721804557842,0,0
-2.2163823829300733,-1.318624098810798,0,0
-1.822765100239057,-1.2421073315312645,0,0
-1.1469387669787465,-1.2607637836587706,0,0
0.5666712856755731,-1.2065542953571102,0,0
0.7324013935703356,-0.9625126651405463,1,0
0.23693547355160796,-0.9556854829591264,0,0
-0.21692322027850452,-0.9326871914956947,0,0
-0.4111788110204371,-0.9644973890847165,0,0
-0.5162029337045984,-0.8021126906924565,0,0
-0.8433915499114811,-0.7054846006282477,0,0
0.16544399518743794,-1.0458346447806024,0,0
0.8741920264506836,-0.8931090865843795,1,0
0.06069553741833007,-0.8997759387680164,0,0
-0.15826757268214126,-0.836782572794261,0,0
0.06960323531026293,-0.861418930175868,0,0
0.09883720421604666,-0.9186704841396846,0,0
0.2412394738484252,-1.0534600839557913,0,0
-0.2335754853581135,-1.1775033309701435,0,0
-0.9714062496882253,-1.4085870766546984,0,0
-0.830439280284279,-1.413700776783675,0,0
-0.8926194331122088,-1.424962961212861,0,0
-0.88128853644416,-1.5730411563416344,0,0
-0.8545183949710058,-1.6882539262666643,0,0
-0.8885629433185201,-1.6615615067572629,0,0
-1.0079036199939242,-1.55647945003893,0,0
-0.940925050000979,-1.5785574153275888,0,0
-0.620471603873467,-1.5428818090905072,0,0
-0.06890773315569386,-1.2966336479357363,0,0
0.4378289057179864,-1.0197401971225002,0,1
-0.0980118293417426,-1.0508589934002304,0,0
-0.5217323838098096,-0.9285650074313324,0,0
-0.4510171174525784,-0.8375452632882867,0,0
-0.195562420041082,-0.5389635625738496,0,0
-0.21533403787359795,-0.4716960799873205,0,0
-0.45078995395528887,-0.6299632623653411,0,0
-0.13613030148541094,-0.5559770717836857,0,0
-0.1594475114075161,-0.6503203569477016,0,0
-0.2941561469915061,-0.8555883767828557,0,0
-0.35756757144490975,-0.9506051229520641,0,0
-0.34607199270312256,-0.9606290100369174,0,0
-0.21529204830800852,-1.0978468025101682,0,0
-0.5734064216542178,-1.6118475086101423,0,0
-0.719510022585882,-1.87733340084882,0,0
-0.7624258651168355,-1.8824363144994871,0,0
-0.7684603185638844,-1.8642131477399644,0,0
-0.7695230828938786,-1.8343440234189394,0,0
-0.8080920689436045,-1.8236468391647518,0,0
-0.8788451485634396,-1.868001371830211,0,0
-0.855032089635574,-1.824506140165863,0,0
-0.8482939304804904,-1.755767082000803,0,0
-0.8389087320863624,-1.612685565419213,0,0
-0.74974271767851,-1.5567165054874705,0,0
-0.7604515567484819,-1.691946916993733,0,0
-0.766663567482882,-1.5800303202098018,0,0
-0.7603275884930297,-1.4613425953409656,0,0
-0.7083086686147423,-1.3343661594801595,0,0
-0.6512069415508863,-1.1491315479177828,0,0
-0.7030712734360313,-1.2320831599472823,0,0
-0.7330456598023881,-1.187042475568524,0,0
-0.7013752488953893,-1.1975987031959097,0,0
-0.6629334475368008,-1.255013345787863,0,0
-0.40779848387125334,-1.094208558202984,0,0
-0.4014718782656472,-1.1146019038731811,0,0
-0.5008721593617051,-1.2395293118531825,0,0
-0.6494689727640834,-1.3487429991196758,0,0
-0.729420754074426,-1.4227266031731534,0,0
-0.7581149170844218,-1.4800904020994397,0,0
-0.7765839652617245,-1.561962895589038,0,0
-0.738728937776303,-1.5222575921189407,0,0
-0.7894275550302138,-1.612953800926026,0,0
-0.8039039550862249,-1.6293629429281882,0,0
-0.8279839165655373,-1.7186673140783888,0,0
-0.8098598228054351,-1.7280071275638862,0,0
-0.8285988716661244,-1.761465208013744,0,0
-0.7871935765489788,-1.700010262427607,0,0
-0.4842607154586965,-1.5449639244236715,0,0
-0.4935715569876186,-1.5036842814947569,0,0
-0.5971070943599763,-1.2727476569694327,0,0
-0.6645218149811444,-1.1993139630826,0,0
-0.6590228582299369,-1.0736369241752046,0,0
-0.6417946377528165,-1.077030222530921,0,0
-0.6382550581207949,-1.2195994268672419,0,0
-0.6902535038093705,-1.1604241303375242,0,0
-0.5670573383617421,-1.060897357969118,0,0
-0.5684978908251969,-1.402993813593133,0,0
-0.3496757888335,-1.3618428659263233,0,0
-0.5091493128944489,-1.5814612218945916,0,0
-0.21273630898591173,-1.2879506469225463,0,0
-0.48680473470552654,-1.5506486149926895,0,0
-0.6157705345417895,-1.749333854197555,0,0
-0.5398601915553767,-1.741407776942112,0,0
-0.4011643385594665,-1.7492855508942893,0,0
-0.47882520958310076,-1.839123850847212,0,0
-0.5824511206660975,-1.9346922188624949,0,0
-0.7108788790244609,-1.8585874421931505,0,0
-0.7538329396532096,-1.9100398301705805,0,0
-0.7376992711790848,-1.9980781707981579,0,0
-0.7392233974844441,-1.870532207537802,0,0
-0.7105039254263128,-1.8135583441944592,0,0
-0.6848303197975052,-1.7357500927594562,0,0
-0.5985124474949569,-1.6136360643631023,0,0
-0.451469613152204,-1.4470769479607182,0,0
-0.5442453334408914,-1.2914760337756217,0,0
-0.605098601836244,-1.1709119334568978,0,0
-0.45869748795839665,-1.0460171146875505,0,0
-0.4884706737763459,-1.0955968933787497,0,0
-0.5901889846634012,-1.0638757399178755,0,0
-0.5042242191228805,-0.9380239258357767,0,0
-0.3457513930457045,-1.086493490534369,0,0
-0.4067225452025322,-1.340330400343364,0,0
-0.44548250012545465,-1.4216250565370383,0,0
-0.4477846501469362,-1.3821543984035374,0,0
-0.423964676433113,-1.4319567582060355,0,0
-0.4104965146304198,-1.4543815331538894,0,0
-0.4464390927539879,-1.6489499694984622,0,0
-0.4725511499078277,-1.62948273129983,0,0
-0.12440994844484651,-1.8812897189695637,0,0
0.5626607401613577,-1.8303221618546834,0,0
0.5883447246706043,-1.9538360573049371,0,0
0.11435817116693921,-2.1825381464741276,0,0
-0.501026625048056,-2.2335512022324697,0,0
-0.5187657737956787,-2.2848490495466165,0,0
-0.6200687876768715,-2.4058980539845924,0,0
-0.8378011614834612,-2.5648721364298086,0,0
-1.047025656340825,-2.3511345282833376,0,0
-0.658388512819825,-2.1856808048766045,0,0
-0.22795097935898287,-1.8184365940827865,0,0
0.29053302442942563,-1.4609458295338749,0,0
0.8350481982693639,-1.3938083448306666,1,0
0.9092397422798709,-1.1644369064334705,1,0
0.5374119957234121,-0.9904809693866229,0,0
0.43627178916184406,-0.9633781414804689,0,0
1.8378807126413563,-1.0757978797706467,1,0
3.857260612304176,-1.1942432795236162,1,1
2.429027911950855,-1.5206646261924726,1,1
1.0475438481252362,-1.6934789144671294,1,0
0.7044345788520797,-1.8985841841914823,0,0
0.3657051201331134,-2.024944104470417,0,0
-0.1918611869103601,-2.0695447369495836,0,0
-0.14625942229465624,-2.1996231827243498,0,0
-0.43103011252483053,-2.258772329011514,0,0
-0.7464651087390044,-2.291662415219769,0,0
-0.7260980491497893,-2.4933366462229807,0,0
-0.8759726118194887,-2.49402340960027,0,0
-1.1698436150177962,-2.530062969166069,0,0
-1.070753094017596,-2.6910202803772822,0,0
-1.0789561939808971,-2.557864636115849,0,0
-0.7865127811919905,-2.703702271512094,0,0
-0.4450754484898021,-2.5191729939221346,0,0
-0.1604574911537913,-2.344714096982959,0,0
0.7593306744537516,-1.8810935570103007,0,0
0.7933666409743084,-1.6897364225827727,1,0
1.6071396229282868,-1.285723690544834,1,0
0.670998523313626,-1.134874012341697,0,0
-0.04999237216665176,-0.9988714043556964,0,0
1.551808874869835,-0.8316995669859838,1,0
1.330735093803572,-1.394722301265075,1,1
1.4706891123898902,-1.5285201792584073,1,1
1.6779910327223009,-1.4661672118914915,1,1
2.31983060197408,-1.4641451160691077,1,1
1.7570613132623596,-1.4610759042706138,1,1
2.0410210453359503,-1.4623959171881258,1,1
1.86237960663771,-1.4548320189651767,1,1
1.5653670711723302,-1.4285672513284198,1,1
1.885216165407004,-1.4195155880068344,1,1
1.3403014547694063,-1.403208703896956,1,1
0.9910658757570563,-1.400973829790336,1,0
0.462383485939288,-1.4505973368792013,0,0
-0.46841325831473607,-1.437158105693765,0,0
0.011423122139794196,-1.4676797418349938,0,0
0.6030815874524157,-1.5008320760570204,0,0
2.3383549821373744,-1.4884151547582678,1,1
2.084181804164511,-1.5359273430458238,1,1
0.662837310463888,-1.5094657450247027,0,0
0.28420464773325904,-1.4868006352166754,0,0
0.20367991295614246,-1.4790565854208435,0,0
-0.0440588687134737,-1.4608697928680536,0,0
-0.05648865114946875,-1.4628189039734836,0,0
0.32358780482242094,-1.511893547224109,0,0
0.7496765924773733,-1.5042552687789912,1,0
1.786899033867432,-1.4945610027346143,1,1
2.4467932348106234,-1.5056640278048474,1,1
3.283092453182762,-1.4640675817202846,1,1
2.713241988325533,-1.5081807053377478,1,1
1.781768643981228,-1.5279671878175045,1,1
0.353558950306955,-1.550868468895912,0,0
0.19796310017363783,-1.5627942482618193,0,0
-0.2086161412317595,-1.5359906827585674,0,0
-0.4548167154702882,-1.5172503800222192,0,0
-0.52102986086488,-1.4949627012414026,0,0
-0.9284467713483588,-1.5151917574248719,0,0
-1.2281955953485868,-1.5043057848910502,0,0
-1.1553918701830113,-1.4880899598148216,0,0
-0.672939698784728,-1.552910832937699,0,0
-0.1568881656291402,-1.6072162399336032,0,0
2.002446625237107,-1.5817037793591873,1,1
1.9703340369149467,-1.5493655011656875,1,1
1.6399775385875122,-1.5836428817762038,1,1
2.2883907685904763,-1.6577443308703144,1,1
2.2023540340202716,-1.6329117328436242,1,1
1.3059788361409672,-1.593783100576122,1,0
0.9746151459455918,-1.5773364989949035,1,0
1.5522830111779764,-1.6093936605325312,1,1
1.1703937275723324,-1.5717319027079488,1,0
2.096475485432267,-1.575975473680736,1,1
1.8866654686699493,-1.5473283614195799,1,1
1.7884663618315508,-1.5689256523188053,1,1
2.5362396815680848,-1.544420619099446,1,1
1.7613871882005059,-1.5568088496152614,1,1
0.8119184824926303,-1.621575474459459,1,0
0.021140999429029087,-1.6151378304071904,0,0
0.03207779486024428,-1.6209378174320932,0,0
-0.17214983046426063,-1.5935080183752677,0,0
0.1376619948434989,-1.5614132738508635,0,0
0.17999038949192686,-1.6826810782467458,0,0
0.09481128404309266,-1.737315327579057,0,0
-0.12815702716799302,-1.8387172683483064,0,0
0.06292971050783469,-1.7986769069952668,0,0
0.9136969092752708,-1.6560726101411074,1,0
2.649958718974354,-1.3265156247317196,1,0
3.905573787323821,-1.0182342264198005,1,1
3.9007297645517243,-1.0208809648323007,1,1
4.867453773109372,-0.7175756658215274,1,1
5.801101882038203,-0.40176358050682137,1,1
5.257808450592873,-0.2350037150075521,1,1
1.6437477011915045,-0.5401721572047383,1,1
1.1623402070674635,-0.4729417932148845,1,1
1.3095171900240117,-0.5246405831106283,1,1
1.4829010093612454,-0.6272248717360567,1,1
1.3146355427493028,-0.6412986682457789,1,1
1.5536360158383975,-0.5878285252659512,1,1
1.5503804551276903,-0.5432053460430287,1,1
1.0685010214720565,-0.7257596898321785,1,0
0.7017893567545492,-0.8894806481985149,1,0
-0.20368205785712482,-1.0098277336806711,0,0
-0.3879601976700444,-1.1067256021478715,0,0
-0.33185567619277617,-1.1384017345680177,0,0
-0.44487195660582435,-1.1029407245822556,0,0
-1.0086813098498262,-1.1207385871709463,0,0
-1.519115565794501,-1.219434555473433,0,0
-1.5209973633744305,-1.434456169021001,0,0
-1.6146740556611285,-1.2307146929882515,0,0
-1.6225116168991487,-1.2231132005047078,0,0
-0.7513225493794162,-1.3801501813223296,0,0
-0.24556636083437083,-1.345916933127592,0,0
-0.4124857973042908,-0.9655521200667394,0,0
-0.3008736204322779,-0.5681979082173423,0,0
-0.21064353271401576,-0.6438915987800045,0,0
0.32268443977444505,-0.44261177180232963,0,0
-0.1774552975022832,-0.49362667340800254,0,0
-0.51912491094565,-0.48786653358419974,0,0
-0.026935937488091904,-0.4251176161412652,0,0
0.15652459590754955,-0.5660895018559761,0,0
0.7231404503091855,-0.7344427682670551,1,0
1.7134484378902977,-0.6864774859426105,1,1
1.3914917429331188,-0.786635008598776,1,1
0.8942797361590246,-1.0318695414536438,1,0
-0.05871021773998327,-1.166552135874884,0,0
-0.325617511189531,-1.418618916786525,0,0
-0.7923486440008964,-1.5535219315466777,0,0
-0.9450106240759377,-1.574827095324579,0,0
-1.0780305582226737,-1.8955534774365006,0,0
-1.2295424887604829,-1.9479037701537885,0,0
-1.2526074816787327,-2.092579160270188,0,0
-1.8375770776719054,-2.0671400470204886,0,0
-1.614558226637556,-2.1391259343740914,0,0
-1.2902645139649322,-2.1339108372889513,0,0
-0.03622832923886986,-2.0828370651745414,0,0
1.5106874676287725,-1.6987073332673397,1,0
0.9047086058930253,-1.7606518488260463,1,0
0.6166193994292616,-1.2447327330773494,0,0
1.2749619438939193,-1.1346529936933707,1,0
1.2252810948957669,-1.2122884113058399,1,0
1.7071479061951083,-1.055163158429701,1,1
2.254648516109248,-0.7865307421724104,1,1
2.803335786415837,-0.6071518590309103,1,1
2.588155841298315,-0.9402771352364006,1,1
3.8724363435420113,-1.0802093966990802,1,1
4.211631743677026,-1.2422547203315166,1,1
3.6341848017613794,-1.4575917257684203,1,1
3.454685087252938,-1.7263632002816045,1,1
2.6598010828927916,-1.891400342801461,1,1
1.775715993918295,-1.9678385843334245,1,0
2.038649472999811,-1.9934232889343038,1,0
0.4900493349272493,-2.0213258602186306,0,0
-0.6440588391460983,-1.9971603716510111,0,0
-0.7584683036025955,-1.978209042862226,0,0
-0.9316861554551072,-1.8841745947731472,0,0
-0.8185329472958588,-1.9868104660912258,0,0
-0.7270438209074584,-1.9543915578620217,0,0
-0.6700335100069057,-1.81722173188867,0,0
0.7893297547624518,-1.89099861053615,1,0
2.0344126054604303,-1.6742360078498053,1,0
1.3910408811800588,-1.427562989770421,1,0
0.9847667902889815,-1.0563047975070288,1,0
1.1140053960874146,-0.7368494560914115,1,0
1.4106909688812816,-0.63890934140677,1,0
2.2640742239606118,-0.6413926194183942,1,1
2.003086490751066,-0.8348054583949296,1,1
3.3232233526466124,-0.5024944111778006,1,1
3.5635735815069234,-0.5836751680939744,1,1
3.2326133895549587,-0.7234296566814684,1,1
3.1663397822312844,-0.7460838139441409,1,1
4.489886069926878,-0.4364507161983733,1,1
2.0851795929818477,-0.7019211477457049,1,1
0.8934552203403827,-0.857694921940887,1,0
-0.2921599743141597,-0.849817217274234,0,0
-0.1198604093018186,-0.8638319842607969,0,0
-0.19554107979186547,-0.9872208146150885,0,0
-0.4424414422401557,-1.0370223818985458,0,0
-1.282960702477264,-1.0239841424757248,0,0
-1.9051413752107627,-0.9762004247721441,0,0
-2.1216316031852394,-1.0174972389131511,0,0
-2.0748611787685056,-1.1900006067044824,0,0
-2.1392494446332866,-1.0891572459122436,0,0
-1.8248205716418993,-1.112325895663247,0,0
-1.8525520303838634,-0.985122992454149,0,0
-1.4929564697385882,-0.9575952415403922,0,0
-0.37221260819965124,-0.8837642043571848,0,0
0.14703789850049168,-0.634997711890015,0,0
0.060743840259269946,-0.3453531237727757,0,0
0.5825331872568743,-0.20974698439623202,0,0
1.6687418461776444,0.10672355683943581,1,1
0.34579718816058047,-0.46497639757700837,0,0
0.747642578039558,-0.5493019135831435,1,0
1.5764835605109375,-0.29333039104178654,1,1
1.2764726380521272,-0.6048991619996104,1,0
1.2352558358937016,-0.5782673107596527,1,0
1.0436732731669933,-0.7010266949855729,1,0
-0.23599998002580658,-0.8553536941618785,0,0
0.03618462984720293,-0.7988024098915438,0,0
0.28406174631380193,-0.877300769350727,0,0
-0.1974586629548643,-0.9461295057494835,0,0
-1.0062283731530137,-1.0549877176244122,0,0
-1.497739033621458,-1.1762701020715298,0,0
-1.9408497145662318,-1.16883798211261,0,0
-1.988807136383898,-1.2332204104863256,0,0
-1.7248579199463514,-1.1264113410191468,0,0
-0.6037668784797231,-1.2596329450604542,0,0
2.204450294242468,-0.5873641616207909,1,1
2.561013155979643,-0.42436962866693617,1,1
1.6412812099745562,-0.8108102172922579,1,1
2.004114776197792,-0.7965439735140224,1,1
1.0840558676984087,-0.6974880580658517,1,1
2.1184553610473285,-0.41190381916553337,1,1
2.0641526681837687,-0.3798882127154588,1,1
1.8417873260093978,-0.42950254562567525,1,1
1.6030405345942835,-0.4787433053637493,1,1
1.2230135793405676,-0.5063866389795361,1,1
1.0728151410415216,-0.49474316438586163,1,1
1.2692739962424977,-0.4091379443898232,1,1
1.6292334259902939,-0.45718024623820713,1,1
1.605273599446893,-0.6141554106352832,1,1
0.8985078752933622,-0.7811371794403276,1,0
-0.13571846985270244,-1.0282132283140109,0,0
-0.02775753087075222,-1.1240590854426469,0,0
-0.5430020620008787,-1.0252830398672104,0,0
-1.0633203134715445,-1.1841356558857492,0,0
-1.4359741328511941,-1.1273363499801605,0,0
-1.5992064184743384,-1.3114487959412084,0,0
-1.5226653279342606,-1.2465212342816339,0,0
-1.4083240812008662,-1.2511326964960654,0,0
-0.562610834387959,-1.2763329429715338,0,0
2.2072984461588065,-0.6901953746026815,1,1
3.656749621065879,-0.19027419486085376,1,1
2.073779947284912,-0.6450369296361249,1,1
2.057001039391025,-0.6186798777619136,1,1
1.9712854569143825,-0.5745304259613521,1,1
1.8266698927264797,-0.5551011048932325,1,1
2.2073684807602483,-0.3611832610893605,1,1
1.9770466055635094,-0.4401365560820212,1,1
2.724270009609503,-0.3636604111622095,1,1
2.195364295569792,-0.5103704364975125,1,1
2.306956064415678,-0.38172341910156926,1,1
2.2277654308557246,-0.4208619370856586,1,1
3.367862569156451,-0.2357367626973252,1,1
2.718809259581265,-0.5675875017647687,1,1
2.176336059238172,-0.7824640299395382,1,1
2.3113401949801444,-0.8272904885466627,1,1
0.3506973721028126,-1.1797124675617932,0,0
0.8650914088561761,-1.0799753120074245,1,0
0.5648102372690396,-1.2257497445668721,0,0
-0.5697549167652992,-1.3757690688323694,0,0
-1.044075254958271,-1.4533023535369425,0,0
-0.9800457673520698,-1.572087886094903,0,0
-0.0572048645071792,-1.6669134205691825,0,0
0.6435474900483956,-1.6800758175460553,0,0
3.137983549001341,-1.3639572772580555,1,1
3.3034954392339575,-1.1824573579047382,1,1
3.9128278085942685,-1.091258902895877,1,1
3.2912045130172047,-0.9743214030533357,1,1
3.257370921927675,-0.7402117654210373,1,1
2.955039518834803,-0.36928135585614946,1,1
1.691191935264218,-0.3502559496396683,1,1
2.2997337732032803,-0.1646918629849555,1,1
2.089409827516426,-0.1824042262010802,1,1
2.4047315106365588,-0.36197785003041383,1,1
3.6118869824910194,-0.02145859967582364,1,1
4.483749670184494,0.11764515358383838,1,1
4.218844322849337,-0.05708344528387344,1,1
4.375425059856889,-0.405070247329364,1,1
2.2950456834839095,-1.0468609439158398,1,1
0.964900056686182,-1.3256713525036428,1,0
1.0790101743658806,-1.3567571990776084,1,0
0.9528014006422739,-1.6096367568103582,1,0
-0.11951758012280067,-1.7760075388277439,0,0
-0.3181043159340597,-2.005059538647516,0,0
-0.8609301227688949,-2.234438561692611,0,0
-1.15849387193212,-2.0924800468016755,0,0
-0.9531387212690895,-2.173067137441649,0,0
0.10567351775625175,-1.8415274876832648,0,0
2.1068385036979893,-1.4335766165388881,1,0
3.339772320672404,-1.0058971274735706,1,1
2.9889504049401325,-1.2275382310574365,1,1
2.940154051012274,-0.9087063380807808,1,1
2.3185987264613237,-0.8354703799429529,1,1
0.6428741223364125,-0.6393742903769029,0,0
0.8404046267412132,-0.5598828243893941,1,0
1.1440253323972887,-0.5346509342716622,1,0
1.254829131034797,-0.5423902818909975,1,0
2.716276255969057,-0.5717068776902481,1,1
4.023983215613667,-0.4018173830314853,1,1
2.504750697015345,-0.7767802710443322,1,1
1.1666647633811258,-1.0166200635153533,1,0
1.5661699790466175,-1.2677631898224206,1,0
0.019443607984044257,-1.590273433128749,0,0
-0.1169475750265431,-1.7211952312924985,0,0
0.5761835559908202,-1.6955508975976856,0,0
-0.26634756451470853,-1.8927639179865787,0,0
-0.7679664913905764,-1.9855955901202667,0,0
-1.1752309018436293,-2.0789669462984484,0,0
-1.3155793217310527,-2.2869173945337855,0,0
0.12561124876916935,-2.428141689985797,0,0
-0.11286166569989897,-2.368521613774019,0,0
0.18759111808877452,-2.2251684545976143,0,0
3.9930070488593343,-1.2422583215065657,1,1
2.94777222088152,-1.538797587949275,1,1
3.092718353842496,-1.3763139056930447,1,1
3.2391550727251706,-1.2637630361115837,1,1
2.254877154401326,-1.1860732574752728,1,1
2.268420574779645,-0.9083705498704021,1,1
1.5685636429696284,-0.8934682042802544,1,1
1.1983079088353528,-0.7879090452568759,1,0
1.8805167530187834,-0.7177045844496074,1,1
4.225600108754449,-0.7394530701020811,1,1
4.939710291357116,-1.001313432914515,1,1
4.711927262342631,-0.9995641935534532,1,1
4.51977322207426,-0.9261870919242553,1,1
3.796579772016304,-1.3153700177182777,1,1
-0.023639487295548673,-1.7661140871115277,0,0
-0.22017067881072241,-1.9828921691004444,0,0
0.4952924945763191,-1.9917675588313437,0,0
0.7179917519427264,-2.2595058278940865,0,0
0.2530519664850121,-2.3242056900228025,0,0
0.0158303465062478,-2.6374922437241226,0,0
-0.1290079406235446,-2.8297307360193833,0,0
-0.8657763926604163,-2.6446382715745593,0,0
-1.332113820196489,-2.4480186800572636,0,0
-0.8417158507281628,-2.54160315671103,0,0
0.6441948383885344,-2.4191674391439495,0,0
1.4075636524729827,-2.2833899709821424,1,0
1.6590318404530207,-2.233491915018626,1,0
1.3417207875407455,-2.0768831939054087,1,0
1.872572671597228,-1.7192337482504483,1,1
2.3521690397822232,-1.33411636035829,1,1
3.5549471328811353,-0.9373722245481904,1,1
1.9465505958769052,-0.8968800554666294,1,1
1.5120948297979842,-0.9294293634112442,1,0
2.204043466096706,-1.0977900227785238,1,1
2.9846606574907018,-1.3043979323038508,1,1
4.324870409674331,-1.2467582438815805,1,1
2.069550120191616,-1.591044877698292,1,1
2.47879083305513,-1.6781157763053618,1,0
0.9851945860927482,-2.0265503978103996,1,0
1.7208192550642858,-2.0220719276539523,1,0
2.4041062806274605,-1.8653553803289271,1,0
1.8469887247518264,-2.084420442798822,1,0
0.43220890164403003,-2.1015984725985346,0,0
0.05491988281430394,-2.361588317511032,0,0
-0.10843533934189069,-2.371958530402795,0,0
-0.3463222966578081,-2.3027646763558525,0,0
-0.6306128612203102,-2.248500627680745,0,0
-0.13075793877398678,-2.396084971297539,0,0
0.32248017336409923,-2.161145398165375,0,0
0.046534865107200986,-1.915910278789524,0,0
-0.844149308619018,-1.646692806859368,0,0
-1.1287504670410582,-1.3851566455276612,0,0
-1.3486787109731744,-1.3506127415407374,0,0
-1.0925423097969698,-1.2216989905331637,0,0
-1.4324781410324308,-1.3114110568959856,0,0
-1.5298656796084715,-1.3218529076761651,0,0
-0.8235565055419302,-1.366409507653908,0,0
-0.6758441140500769,-1.4556470922946279,0,0
-0.40197839842291166,-1.7238105682600267,0,0
0.7069802732850864,-1.594627812796502,0,0
0.9695262613356631,-1.6092101412177087,1,0
0.18933873481870722,-1.7986964052996142,0,0
-0.40093616682196437,-1.8655569381684851,0,0
0.07567516940601347,-1.8864491440671887,0,0
-0.2958743271382831,-1.945109630125356,0,0
-0.7440383349385274,-1.978293198878378,0,0
-0.9503833227033417,-2.2558144944737,0,0
-1.3378698225129202,-2.3882702030089495,0,0
-1.4733444863527179,-2.4136478986818557,0,0
-1.5309901947520133,-2.5964606699134287,0,0
-1.253356259717469,-2.4838416813018758,0,0
-0.9768827761089579,-2.3538516943891206,0,0
2.407762828139527,-2.257151484465861,1,1
3.386438884361604,-2.032943939476291,1,1
2.4249467267193565,-1.8582785435646825,1,1
3.3406711623911516,-1.3629378818732605,1,1
1.8582678779868957,-1.0962198550153364,1,0
2.139699302846574,-0.9496914840977577,1,0
2.136665105455733,-0.9376754849353429,1,0
2.353223509457032,-0.6873750536203278,1,0
2.3290831996917283,-0.6886187365118036,1,0
3.457046767499225,-0.6441567386545737,1,0
8.690101475042093,0.009168896938141612,1,1
7.9466221687226275,-0.3440839812624198,1,1
2.760892494018922,-1.4141314801018339,1,1
1.9631480202028828,-1.7107649317013658,1,1
0.7904976595488121,-2.0250624743206393,1,0
0.5229788394501658,-2.2036156955702872,0,0
0.3847759493910125,-2.38436952755375,0,0
-0.09647430900886958,-2.460197566098092,0,0
-0.7977266991267226,-2.452588212607821,0,0
-1.1395423065654657,-2.4714172235496217,0,0
-1.335695078628022,-2.267158296473632,0,0
-1.1750968108977733,-2.489214854885126,0,0
-0.7603250463242476,-2.3362777701962716,0,0
0.44100938765767245,-2.3757201209466166,0,0
2.4327007132305503,-1.8932187215156386,1,1
4.170731550112229,-1.6203251515382346,1,1
5.84224227277337,-1.3613453375789577,1,1
3.599081571250012,-1.7290566010415975,1,1
4.765113646059646,-1.7450831295789522,1,1
5.465751339655972,-1.5677400874548506,1,1
5.82095840600797,-1.4629795990722827,1,1
5.644647734078955,-1.741664588016138,1,1
5.513544954091449,-1.7346748030826282,1,1
5.705794989634396,-1.756286939897403,1,1
5.245138701725493,-1.5930363535163754,1,1
5.206495972876512,-1.591670222840951,1,1
3.7835139955857175,-1.5908331436294783,1,1
0.38711298068525746,-1.5997634956393607,0,0
-1.324484589947527,-1.5169745846213412,0,0
-1.067433867240241,-1.741428854226663,0,0
-0.329712175784074,-1.7209567308718428,0,0
-0.1636762493104932,-1.6491534803913628,0,0
-0.9832641692012498,-1.721816491271706,0,0
-1.4224845971310582,-2.2253204277136334,0,0
-1.7285367302604608,-2.4900080965369025,0,0
-2.030394474523417,-2.503145734015533,0,0
-1.9447763213356024,-2.4346059963999656,0,0
-1.4241223862549381,-2.3426253211699923,0,0
-0.1778615516045262,-1.9818342580068453,0,0
0.35535096046019093,-1.9865646554272756,0,0
-0.7643037220264333,-2.249354956204239,0,0
-0.8705831320591101,-2.5044143117411997,0,0
-0.9405994530998493,-2.31628716495807,0,0
-0.9103548485099553,-1.844420107503094,0,0
-0.3428806027307286,-1.5511024532401725,0,0
-0.9907882275389949,-1.6989486414101305,0,0
-1.0475577187733536,-1.7248181233391027,0,0
-0.8453254350242697,-1.7490806539128012,0,0
0.11150390340342009,-1.5323317308804991,0,0
0.33089884238971107,-1.5646694148563802,0,0
0.5813646989432777,-1.3934732294779242,0,0
0.7264225755329664,-1.4243349550450453,0,0
-1.0769102079596253,-1.699097289106862,0,0
-0.8677710964932663,-1.6379786082692571,0,0
-0.4130776098655023,-1.6199192779890064,0,0
-1.3700665062553512,-1.668920793253635,0,0
-1.7069344865046379,-1.720673445896513,0,0
-1.9340106821429897,-1.779331143144688,0,0
-2.1520014624626587,-1.8278038561147913,0,0
-2.050169122352562,-1.933581050199821,0,0
-0.9619499010570219,-1.9918954620560958,0,0
-0.8533142289593488,-1.92479474870928,0,0
2.496984990003177,-1.5784080464834405,1,1
3.1881825348195822,-1.3297826232062817,1,1
3.8559418037884226,-1.2830111905542312,1,1
2.15007575999827,-0.9768603116312822,1,0
1.5295107976208688,-0.7231444780716176,1,0
1.3227494960385415,-0.6023275443412677,1,0
1.6066354668007927,-0.46041303466256933,1,0
0.8071283528507771,-0.6115723229651878,0,0
1.8572407030115807,-0.42906947455264505,1,0
3.840857856124042,-0.33560333179536583,1,0
5.109603774294644,-0.2547703275704562,1,1
3.29422290935863,-0.73591397466183,1,1
2.1455412381865058,-1.0138685561485499,1,1
1.4590840965697374,-1.313705342404061,1,1
0.28932490629191016,-1.6108770614665198,0,0
-0.11781384691088376,-1.759511797110431,0,0
-0.15813741247087174,-1.6731562409339753,0,0
-0.39072467494130064,-1.8575892957966331,0,0
-0.8053955083193683,-1.8980134679642444,0,0
-0.6689666744012429,-2.0677544920883864,0,0
-0.42852495623074993,-2.141132387402422,0,0
-0.0600186117057181,-2.1569031253486184,0,0
0.42608841186516927,-2.000274534933674,0,0
1.3480839024267353,-1.7956239107818128,1,0
3.855325621547344,-1.242537587392187,1,1
4.9940374269435726,-0.8194410271847453,1,1
3.6583691076489693,-1.227335427703769,1,1
3.7880350445158526,-1.0523572591710946,1,1
4.129543434822054,-0.8409270591554514,1,1
4.440888489447289,-0.6128999401924355,1,1
1.3662721687388784,-0.7078067064512037,1,0
1.577779316793005,-0.5531148605604936,1,0
1.5212015064853335,-0.2754740626596289,1,1
1.3253784632535863,-0.7460901801713358,1,0
2.5894253797513804,-0.9224735297711971,1,1
2.401036771319294,-0.9047043447911368,1,1
6.1718761036008845,-0.38347278764709786,1,1
7.128226255262768,-0.5708786653737411,1,1
4.670006063897639,-1.3894455075677001,1,1
2.996034564527828,-1.7248992594181565,1,1
4.07952630655753,-1.7896335974014925,1,1
2.8750131434603916,-2.036025896409667,1,1
2.5624412794947053,-2.0015120884205913,1,1
1.3898461327686338,-2.0736442555117525,1,1
0.2965511364950483,-1.9917989924267094,0,0
1.0713362951381726,-2.1553332948853448,1,1
1.395492400024963,-2.46224390757586,1,1
1.6049106906680717,-2.344276081341689,1,1
1.9108753039910453,-2.119545596970569,1,1
2.4609140839562897,-1.9459364216787487,1,1
2.661737242520798,-1.4788596463325996,1,1
2.7165999936703495,-1.2186501462797936,1,1
1.7420129665413633,-0.8577078333214836,1,1
1.377914224179212,-0.6609952879004843,1,1
1.5271785199690897,-0.5608001786190526,1,1
-0.6155710563440236,-0.7886611132496969,0,0
-0.8536348339139168,-0.8665755158042389,0,0
-0.5005504065524234,-0.9815927111845758,0,0
-0.15039964208251932,-1.077965583345,0,0
0.6022875014524172,-1.1118050427011759,0,0
0.9659504031905893,-1.1941815907599893,1,0
3.6358309006939393,-1.0841285572781851,1,1
2.894515235953286,-1.4327906750881398,1,1
1.9184199237715764,-1.5180194936552491,1,0
1.1331152509797933,-1.7309336569967555,1,0
0.48722141606823316,-1.8975245751821794,0,0
0.004260638496212748,-1.9983540796321935,0,0
-0.16963485487154742,-2.1878974728989062,0,0
-0.26833988325512015,-2.292250558385448,0,0
-1.5278079324423255,-2.1477228345480865,0,0
-1.505023149368065,-2.464058640631281,0,0
-1.4979481725985466,-2.418698368861757,0,0
-1.139056459321074,-2.557228113492344,0,0
-0.6381765845009724,-2.4605833432613227,0,0
0.12343663805287654,-2.2161158149647626,0,0
0.4036056803253642,-2.0967694780885253,0,0
0.930321883921445,-1.9684851926022198,1,0
0.7141393200074798,-1.8112257705418675,0,0
0.28616921497232944,-1.7833024751790056,0,0
0.3373799624784881,-1.7223612142620854,0,0
0.19574436684014887,-1.772564798095848,0,0
-0.8357557965701978,-2.1150168864265337,0,0
-0.6692415750002766,-2.3762596065512374,0,0
-0.31445893732470653,-2.381070072389391,0,0
0.031822863469372915,-2.3577150066039065,0,0
-0.8602717784618158,-2.070015990807374,0,0
-1.1375989397444952,-2.336406304188369,0,0
-0.5526193751368088,-2.275639821093999,0,0
-1.0973411392469734,-2.283815817205716,0,0
-0.6891735343127141,-2.4317714218262627,0,0
-0.2740781067490474,-2.594808115918865,0,0
-1.3756021121253312,-2.2507219158103404,0,0
-2.115814132295474,-2.170850935425392,0,0
-2.242332084559932,-1.993578287782339,0,0
-1.7548179697303274,-1.9334943382506535,0,0
-1.0534062529719328,-2.0023283790521265,0,0
1.0319519272029476,-1.6970905729892178,1,0
1.4150962851050588,-1.8488208852267625,1,0
0.635793961046218,-1.7526989723278183,0,0
-0.2518815954597255,-1.5655953243986176,0,0
-0.5341601302356709,-1.317995959615668,0,0
-0.5804049202207879,-1.3781157584164057,0,0
-0.4057161054583979,-1.3823799978435456,0,0
0.08030266345454203,-1.2995584241838536,0,0
0.4274365789510745,-1.381110034778491,0,0
0.2654712143064577,-1.5942976275528835,0,0
0.8752736809703325,-1.6138256032505136,1,0
0.5696073178257345,-1.7085752247083676,0,0
0.09667422542552523,-1.8047556327379872,0,0
-1.1181266863072763,-1.9685959410982201,0,0
-1.69457056157055,-1.9793830178276766,0,0
-1.9371237203192486,-1.9915058950811246,0,0
-1.9924271103543396,-2.0216147292638214,0,0
-2.195854247074324,-2.030223478245196,0,0
-2.4140661664168714,-2.0355200677551606,0,0
-2.458505885599458,-2.23339691856079,0,0
-2.52953962683274,-2.249832982131801,0,0
-2.502658871467406,-2.3707319476377746,0,0
-2.298186834078972,-2.4738113931156636,0,0
-1.9527057600178894,-2.341013327373497,0,0
-0.9757814248060939,-2.3242579119084765,0,0
-0.03693004532442605,-2.32774349604094,0,0
-0.21621550450727875,-2.562889460135588,0,0
0.20483460188074876,-2.408847930499047,0,0
-0.649221157443302,-2.1392815631181783,0,0
-0.908577264812622,-2.17154340717707,0,0
-0.7027231456975712,-2.2530703676725823,0,0
-1.044710817547354,-2.3058048022250794,0,0
-0.7268103333000872,-2.24606767898243,0,0
-0.7806676712692909,-2.2375980405245293,0,0
-0.3935410720267112,-2.342994151085629,0,0
-0.13419589705439344,-2.295010443614154,0,0
-0.20836828259342197,-2.2572567798417644,0,0
-1.1086327796227147,-2.525600346914438,0,0
-1.4914603344864736,-2.3657556370590904,0,0
-1.8286865477286136,-2.356397786714418,0,0
-2.0214851473728195,-2.311152872543831,0,0
-2.1109729298504902,-2.2923391775402258,0,0
-2.3866936666300402,-2.312351383327138,0,0
-2.426096770019508,-2.47897193000406,0,0
-2.504104662719363,-2.3819828883994822,0,0
-2.5304743469953297,-2.4574157698610892,0,0
-2.2481533380507495,-2.477179598502838,0,0
-1.7412966141001718,-2.3909506590668306,0,0
-0.5545491322249333,-2.5094257954574135,0,0
-0.04702457965138742,-2.4412009241879726,0,0
-0.5502332520817439,-2.415195520297784,0,0
-0.7166057698942148,-2.3663843047584545,0,0
-0.8391305468206772,-2.4100211111096184,0,0
-0.8603640253178196,-2.3504418663913085,0,0
-0.5726164545201091,-2.1779987861348764,0,0
-0.7122776109748002,-2.1506257606328867,0,0
-0.6407018818868513,-2.117748814707096,0,0
-0.7275360752126648,-2.266015812603359,0,0
0.5745194339445284,-2.0612097663240614,0,0
0.8641332123422274,-2.0040700778801903,1,0
0.5058773223031412,-2.097638659766156,0,0
0.05772608357510899,-2.186545887781396,0,0
-0.9728702803596494,-2.3401628472174636,0,0
-1.3924732217506142,-2.412461670386378,0,0
-1.443117559977944,-2.282286472354742,0,0
-1.544118272530315,-2.206735092547559,0,0
-1.6409414995563396,-2.220422020658735,0,0
-2.0587537235175533,-2.157068319473346,0,0
-2.387678775488422,-2.15061005672327,0,0
-2.376852976129732,-2.209819927103753,0,0
-1.8225869738127498,-2.2116789131904735,0,0
-1.2846556366637507,-2.157685924616274,0,0
0.9630996326687564,-2.0914296431206925,1,0
1.4596426654698942,-2.0074827937825956,1,0
0.8763854607804853,-1.9795980941193392,1,0
-0.4398500506365137,-1.8413986664482482,0,0
-0.8775790799677928,-1.8997483206155392,0,0
-0.5562495229213843,-1.8740178090407795,0,0
-0.297946943841871,-1.7300438070638966,0,0
-0.3942585807892882,-1.744731897741644,0,0
-0.0979865849466345,-1.771235336702837,0,0
-0.03333943073895218,-1.8063094679567895,0,0
0.7545093076945831,-1.8085288817789025,0,0
1.5206597989596817,-1.819989137713701,1,0
1.8619394617602902,-1.8046478899421496,1,0
0.5613087791670702,-2.056058535125297,0,0
-0.3814910090812857,-2.1467487633559936,0,0
-0.5579083689579868,-2.1521211878421354,0,0
-0.7120383006244204,-2.2490409705272296,0,0
-0.9951908933493823,-2.3241829303151085,0,0
-1.3686577160327227,-2.3653005509543825,0,0
-1.6350427210679495,-2.2998015972936203,0,0
-1.9041435147642398,-2.2886988641973804,0,0
-1.9809315370004708,-2.2608156501003256,0,0
-1.4713351808435218,-2.2849629488741887,0,0
-1.2519456758027567,-2.291718717379308,0,0
0.5157862210753976,-2.2168223051851457,0,0
1.4369954975841552,-2.197845839436061,1,0
0.8313742924567029,-2.216169531241898,1,0
0.562670395642897,-2.2191491486398265,0,0
0.9330517589632282,-2.2527180458717813,1,0
0.04473560567147647,-2.193144278529401,0,0
0.8384627131741224,-2.0668022765190237,1,0
0.38351446859654303,-2.2590100535975393,0,0
-0.22486002048798467,-2.3688731689351052,0,0
0.40439363904672565,-2.4030012131465015,0,0
0.9189993965187332,-2.4358380130013617,1,0
1.231248736672163,-2.4195067976466405,1,0
0.17874380563939712,-2.457782789596223,0,0
0.09244754459307901,-2.4902842493775696,0,0
-0.8114187416726675,-2.4878259828608043,0,0
-1.1023614204413426,-2.471015637544693,0,0
-0.9201049312847278,-2.530724446853097,0,0
-1.2548093640560778,-2.522924674683877,0,0
-1.7336822551550046,-2.5241718373465556,0,0
-1.9491304720902594,-2.581883109516374,0,0
-2.163371843626427,-2.60234840368171,0,0
-2.1969929510900705,-2.649869392389262,0,0
-2.1494164123484354,-2.5979019289043572,0,0
-1.8058013444477532,-2.5851944753178615,0,0
-1.1369807489278174,-2.6401988401087446,0,0
-0.7218338358992998,-2.5995309627034437,0,0
-0.8694308093678269,-2.451972987632783,0,0
-0.8939086650985032,-2.3696258424949854,0,0
-0.9124767586364703,-2.2870964986042326,0,0
-0.967231907487898,-2.3523870915326515,0,0
-0.8017492161476295,-2.2922958728130505,0,0
-1.1537584656724227,-2.2629552351577047,0,0
-1.079229930088473,-2.1280813162472016,0,0
-0.5800079839946607,-2.209671108939763,0,0
-0.5286759967047497,-2.3159112296930644,0,0
-0.3227291290722459,-2.39779966711769,0,0
-0.3913905831026085,-2.398583288428517,0,0
-0.18684749442316087,-2.388748982900193,0,0
-1.264178361308194,-2.392241931966952,0,0
-1.4035773805688827,-2.3839665919512534,0,0
-1.0558544296592696,-2.3880691492911383,0,0
-0.7615439918398782,-2.2761984409789906,0,0
-1.288205701991901,-2.331243308063329,0,0
-1.2161986548102839,-2.2959822323650436,0,0
-1.324753435301022,-2.333739491175542,0,0
-1.9517207332962454,-2.3283162028002136,0,0
-2.060653133177047,-2.32480271285285,0,0
-2.047719566114244,-2.380029226641196,0,0
-1.8044294644977206,-2.3907763766471204,0,0
-1.3733948852134064,-2.3345203077078285,0,0
-1.39680046747994,-2.133817438324791,0,0
-1.4446223612276694,-1.9775585853516675,0,0
-1.174544488532477,-1.7902453818362014,0,0
-1.205264705970182,-1.86293514314876,0,0
-1.2159124386962785,-1.684873931072542,0,0
-1.4735325813737965,-1.6808684508375378,0,0
-1.1777180029732677,-1.6684559736185065,0,0
-0.7783706071102742,-1.720100572805911,0,0
-0.6944731582687458,-1.9035752824418302,0,0
-0.3132577458355782,-2.0123559078564153,0,0
0.22889392361903968,-2.033838220401025,0,0
0.29449648973681314,-2.082991718110972,0,0
-0.7113528131851701,-2.157660017723127,0,0
-0.37826116135579807,-2.1803760802424694,0,0
0.12612671581715174,-2.2969000429238298,0,0
-0.400709904517299,-2.2289590730103868,0,0
-1.733945286036245,-2.136771993358551,0,0
-2.0343803742384314,-2.159430991393017,0,0
-2.2315736161779025,-2.193368092013298,0,0
-2.231713174703078,-2.2390761045533196,0,0
-2.0461519743891277,-2.2115163984227375,0,0
-1.0142320350484817,-2.2677445911788787,0,0
1.1445303295357157,-2.1528963331819795,1,0
2.6117862500493727,-1.8981922850829562,1,1
3.6851178094859343,-1.6109267232878925,1,1
2.6603650443781772,-1.2555979949525085,1,1
3.0253061814801825,-1.0471668918193517,1,1
1.5340019037369834,-0.885186862880483,1,0
1.6782901610733745,-0.8183037240464017,1,0
2.273837841383123,-0.710187197370932,1,0
2.462328439192931,-0.5811651907681538,1,0
3.7324857814480454,-0.4931220176450064,1,0
5.832331252621822,-0.48445877424071737,1,1
6.762549694002497,-0.5705228344547807,1,1
6.736546747905658,-0.8288276880314182,1,1
3.2663135286263394,-1.5816925572134066,1,1
1.3697459718493428,-2.051750370955817,1,0
0.2037447252407271,-2.1077131910633016,0,0
-0.08362866460112112,-2.2445066888359837,0,0
-0.5732894563588983,-2.263633213879528,0,0
-0.8170372684379592,-2.2684110916947557,0,0
-0.7404362280194948,-2.4121882651586866,0,0
-0.6167925272886715,-2.6499476067523893,0,0
-0.529405028828807,-2.7659409785887465,0,0
-0.27624808406242024,-2.6861437811651725,0,0
0.8450392736867148,-2.5995170675739336,1,0
3.9518585798193557,-2.041053353344327,1,1
4.7541957167946185,-1.794668768562825,1,1
3.9394296111593983,-1.8974739272156422,1,1
4.812096385309,-1.5632888073678575,1,1
4.857652893773275,-1.436952335092274,1,1
3.138837158273378,-1.0556737665827103,1,1
3.194681588992036,-0.682464753849092,1,1
2.006933417922519,-0.6250599517865039,1,0
1.9405833190892798,-0.6322246210120648,1,0
2.4222725866009798,-0.720063270340061,1,1
2.3184249922745934,-0.9782249377384392,1,1
2.777628789234767,-0.9813960126885294,1,1
2.479115382107207,-1.1979279781604095,1,1
1.5421070340073095,-1.4656890457984417,1,1
0.815421420161459,-1.6480675038465573,1,0
0.3354091461207547,-1.7699854620580668,0,0
0.2134682032789747,-1.8237411750534092,0,0
0.07548673060473907,-1.8178107021363454,0,0
0.5028152009919619,-1.9291039431313797,0,0
0.5119634029165653,-2.2252633454449233,0,0
0.15484491268436737,-2.3690893875615697,0,0
-0.2381043138457941,-2.3540531940649156,0,0
0.203150648967659,-2.5296636308743325,0,0
0.5072484584751169,-2.3319397449189463,0,0
2.8068424984229137,-2.088659224149793,1,1
5.836431269144874,-1.5535973888236754,1,1
4.810204139654949,-1.4664877004492123,1,1
3.3733506627840866,-1.12493034691255,1,1
3.2343042875223493,-0.7833397923271944,1,1
0.9386497970839607,-0.739920635874369,1,0
0.6026523381119773,-0.7491966267320871,0,0
0.28809975687421746,-0.7943587710002934,0,0
0.26565828366990324,-0.73123042208416,0,0
1.7224965424666125,-0.6787954396551462,1,0
3.2594492137134865,-0.6469948396481967,1,0
4.761979130833974,-0.5299564886190594,1,1
5.086831964577866,-0.5008716713142941,1,1
3.3767408543105475,-1.4616639251114636,1,1
1.0198673979904391,-1.989625047710144,1,0
0.6684179334429508,-2.047533150730561,0,0
0.31293213507051,-2.156701162670841,0,0
0.2498225694610228,-2.2621870269099027,0,0
-0.39733435471212936,-2.4113706333777487,0,0
-0.7728594267278664,-2.4642872813409853,0,0
-1.1033920184257484,-2.6699919016842895,0,0
-1.060497189361884,-2.833227927235805,0,0
-0.6596321625623541,-2.7425490559046493,0,0
-0.38555368244052807,-2.811862008476926,0,0
4.019247193253201,-2.555224957796589,1,1
6.68013652202771,-1.844492433921468,1,1
5.9064920855914895,-1.7695648956402856,1,1
4.728595581772673,-1.5804032021557588,1,1
2.2589331040272347,-1.2671473913483462,1,1
2.7410257609994306,-1.0204795489570746,1,1
2.285685340268732,-0.8445098876029864,1,1
1.3632499553205994,-0.6838540108179018,1,0
0.9294558548387332,-0.5869129824950966,1,0
1.5478289476370326,-0.5504411048436458,1,0
6.07967645715967,-0.037951118837578304,1,1
6.151943915272918,-0.5327358962064752,1,1
3.573387372863586,-1.2213199069566163,1,1
2.2550101634976976,-1.5901714596068257,1,1
2.7434094440770873,-1.7959162923870633,1,1
1.4924827162482923,-2.0050919696969163,1,1
0.2113135237523443,-2.135891269279528,0,0
-0.040240242970280504,-2.292922221302325,0,0
-0.8922556258797966,-2.3661931507060205,0,0
-0.610356561826994,-2.582929767456758,0,0
-0.7907190476049686,-2.3292132587193315,0,0
-1.5122252179949855,-2.472654074597742,0,0
-0.5374957735628162,-2.856243917039208,0,0
1.0900041344248723,-2.8531034678435674,1,1
5.282845964940311,-2.398971257676611,1,1
4.574072520116536,-1.9294659401270884,1,1
3.4746535541281185,-1.5677159435644137,1,1
3.2295533512471537,-1.0082216253062521,1,1
0.44299631049165167,-0.8424179238250201,0,0
-0.22597498074461894,-0.8716684954562517,0,0
0.520100858664803,-0.956829512410264,0,0
0.3417965427157456,-1.182088927914117,0,0
0.09364869221285022,-1.2781513282069408,0,0
0.9223725534973783,-1.1891082324138915,1,0
1.3276711261327514,-1.460472345283286,1,0
1.9590884066083896,-1.4492818735435267,1,0
1.7478742868426476,-1.5601737959263426,1,0
2.02574728808857,-1.7287751945334997,1,0
0.5584024932287279,-1.9787599413895947,0,0
0.12627276994722397,-2.018458478869388,0,0
0.4084292408930879,-2.0971358608856554,0,0
0.37234716412665253,-2.214472329726185,0,0
0.067589693244072,-2.33044103168785,0,0
0.4379302924423278,-2.5996998489864365,0,0
0.7468433474893038,-2.6506442967614037,0,0
0.0733281588634427,-2.8543738132393326,0,0
0.08289545760166889,-2.914130501723835,0,0
1.3120017697466395,-2.854784341273514,1,1
3.826509148012294,-2.6009145957418527,1,1
4.457027206672344,-2.252330317498292,1,1
0.6765621291629409,-1.9041061854570505,0,0
-0.34936211881287954,-1.658522575674906,0,0
-0.6152771605411572,-1.5971488716716176,0,0
-0.679358405847129,-1.5326525784767764,0,0
-0.5529680401400497,-1.5600560024718053,0,0
-0.9754404770834817,-1.5020665543134908,0,0
-0.6526769001284771,-1.5305274151450554,0,0
-0.7927322796707573,-1.6567518845678684,0,0
-0.3793231502799213,-1.8322683011424996,0,0
0.5094406685497364,-1.870323618414158,0,0
0.2634725886610012,-1.9842115955553514,0,0
0.5075491606814989,-2.0692029411742054,0,0
-0.10482336999945278,-2.205510798358289,0,0
0.13546496858351548,-2.2312890459045143,0,0
0.4882170491876396,-2.183528836035243,0,0
0.4044505465114227,-2.26636782670755,0,0
0.33857894648559483,-2.3873801237531906,0,0
-0.4278469778131363,-2.514700648866461,0,0
-0.8945448778836985,-2.716876298745359,0,0
-1.2662524568026365,-2.637033143803542,0,0
-1.3605773452602656,-2.686402200666026,0,0
-1.296052633474773,-2.7433268231555425,0,0
-1.2601615465088254,-2.7490625885419653,0,0
-0.8183108970729147,-2.81719568490766,0,0
-0.22383571949111608,-2.1940814324689604,0,0
1.2741707877532222,-1.7067263668975963,1,0
0.32379842633138417,-1.3744692215599248,0,0
-0.4811376561968772,-1.3296313847158336,0,0
-1.149641549224884,-1.3824582703702075,0,0
-1.5361795784915793,-1.398771320342477,0,0
-1.0769955492016268,-1.4178103223239296,0,0
-0.13375331688659078,-1.572558210684711,0,0
-0.4104267623473633,-1.9045488870254124,0,0
0.2271981187203317,-1.9591158939393973,0,0
0.5587100115386856,-1.950764655537731,0,0
-0.1469781115405391,-1.97018337492199,0,0
-0.6431292895135022,-2.0436309559323975,0,0
-0.7678734700756065,-2.0917087683585947,0,0
-0.8821915801095087,-2.0898428364544763,0,0
-1.191641586564796,-2.106659199651311,0,0
-1.4827537242157471,-2.136392436332507,0,0
-1.655694679619408,-2.2168738837224526,0,0
-1.7691648581675998,-2.237666358236307,0,0
-1.6398609395101802,-2.3387783795986445,0,0
-1.4455823341474912,-2.3210232688178998,0,0
-0.5956257591858042,-2.4219682267607143,0,0
2.170351775055426,-2.4059199923202366,1,1
2.865520259027765,-1.9706437367931078,1,1
1.4839166272420121,-1.7260456533920767,1,0
0.566442942466417,-1.314608937506814,0,0
-0.01954891925060264,-1.0769759977504596,0,0
0.3510154063530976,-1.1519227875864388,0,0
-0.08177420044715111,-1.1738637892023407,0,0
-0.03694474245748459,-1.2066611725306113,0,0
-0.012110288335175799,-1.2114501644591857,0,0
0.7076138343359257,-1.3587764068593131,0,0
0.9372216028835986,-1.5587574264248083,1,0
1.2562581687572474,-1.6353410555551064,1,0
0.6848924548629504,-1.6946797770512543,0,0
0.05133320223498897,-1.8224595003719704,0,0
-0.8174466431151026,-1.8669731272399985,0,0
-1.1541591289071151,-1.8335324245261515,0,0
-1.2753179458633113,-1.8575582913303696,0,0
-1.53970116814786,-1.8391261272535349,0,0
-2.064981748468889,-1.8428893345997808,0,0
-2.0799446061715554,-1.8896671678655967,0,0
-1.9724440655529585,-1.988557080397669,0,0
-1.7177406278253857,-1.9534625520058682,0,0
-1.3520813554696027,-2.0392225965591577,0,0
-0.2649956425337622,-2.1181122092050515,0,0
1.950290369847083,-1.9609202503539325,1,0
2.9372772017664013,-1.6600918200315868,1,1
1.7405961872618863,-1.603109099220804,1,0
0.5818038210802247,-1.3758287096857078,0,0
0.9850625773343606,-1.254598178189878,1,0
0.17957633935392592,-1.0654789921050292,0,0
1.0060750165711714,-0.9390485155074116,1,0
0.2921757095604359,-1.0081722100691795,0,0
0.07355945601020077,-1.0635362455849533,0,0
0.37178973051885095,-1.0652549442268502,0,0
0.6603982308206499,-1.1137797550396826,0,0
1.111205172299301,-1.1063293783297488,1,0
0.5950874209778325,-1.0900331090165163,0,0
0.6520695453537424,-1.0999605171653464,0,0
-0.5940947231818048,-1.0306833752602202,0,0
-0.923856239763128,-1.0108062328518574,0,0
-1.064825936673392,-1.0055437859463394,0,0
-1.0021910292149456,-1.0008172722729722,0,0
-1.450574240220972,-0.9620068270936564,0,0
-1.3412061770281045,-0.9649820652592358,0,0
-1.285672157076863,-0.9835148177834607,0,0
-1.1452960104710617,-1.0153926708219385,0,0
-1.058683515462162,-1.0469568031925345,0,0
-0.10655062137061325,-1.1362677051860124,0,0
1.4188277329454482,-1.2698540633516533,1,0
2.0109725143093793,-1.2049019567709276,1,0
1.8561076279739355,-1.0811364943017452,1,0
0.5836853739595286,-1.0750134139910914,0,0
0.5775833504722778,-1.091871342755228,0,0
0.30764936087910044,-1.0500670317150032,0,0
0.4903343558252224,-1.0317454072188297,0,0
0.22677397336594018,-1.0397018478910975,0,0
0.33335084083990113,-1.0420684294545117,0,0
0.8146497602923493,-1.0889269804479784,0,0
1.705623293661151,-1.1033106074141388,1,0
2.4792281208930684,-1.0999230983950696,1,0
2.1098898176052443,-1.0590848824684316,1,0
1.1819124650940718,-1.057300401941675,1,0
0.5634930425553066,-1.071155930866492,0,0
-0.06988840177261753,-1.0192691802150757,0,0
0.021194279675724518,-1.0191459889512224,0,0
-0.34413560976439417,-0.9940017211125735,0,0
-0.557314834667229,-0.9931465249444328,0,0
-0.640118684567031,-0.9972788344804538,0,0
-0.7229225344668331,-1.0014111440164746,0,0
-0.6475846367016735,-0.9985657465682092,0,0
0.10752843508923188,-1.0894877619624466,0,0
0.5111058267560211,-1.1236650154624324,0,0
2.6786765985031513,-1.2443036966568206,1,1
3.42866905144798,-1.2866271271242893,1,1
3.3758588912366427,-1.1942466961967408,1,1
3.091045377865462,-1.2441616455905673,1,1
1.6747362321023733,-1.183600560005701,1,0
0.6840266899516615,-1.109390424961612,0,0
0.5082356119176067,-1.0497639039340871,0,0
0.5932741293364001,-1.0958046711883418,0,0
0.7252569774237867,-1.10193348520196,0,0
1.0179048604946241,-1.1024348706395262,1,0
2.82520595293524,-1.1322954833658219,1,1
4.29699771551382,-1.0446486002761666,1,1
6.307787648044031,-1.0052510084349298,1,1
3.3136184180359862,-1.1651556956559914,1,1
1.6955030754682112,-1.2033260975388713,1,0
1.0580428256478571,-1.1516166338259932,1,0
0.7550106696125021,-1.1207926556270307,0,0
0.5520642285997619,-1.1055711174124436,0,0
0.17911254497561557,-1.0792981798387338,0,0
-0.13670847747184256,-1.094323007172825,0,0
-0.30897205127496613,-1.0678611295505276,0,0
-0.3981273963281246,-1.0710528809739972,0,0
0.27572115898552446,-1.147987642201154,0,0
0.7290031081184805,-1.206578972525924,0,0
3.5828538418393285,-1.3394148506959416,1,1
4.931764898487934,-1.2169082833901987,1,1
4.830912606322691,-1.2809179151539742,1,1
4.432202983861497,-1.3302389202626985,1,1
3.9173728423135534,-1.3131567074087631,1,1
4.3871727345483436,-1.2118616729998124,1,1
5.170442411274877,-1.2712834533833646,1,1
6.1370313306027695,-1.3760775194756312,1,1
7.215398110827677,-1.3858618964488127,1,1
6.924286183205011,-1.4199391078667736,1,1
6.040563326209583,-1.2980454090074316,1,1
6.354784180821294,-1.2529244984277295,1,1
3.7032887611094227,-1.192413728132707,1,1
2.924601634445218,-1.218205883327148,1,1
2.9113442598392623,-1.4359669069717784,1,1
2.226564952559063,-1.5967984001514335,1,1
3.0728117787270604,-1.7733761254656877,1,1
3.3763200660072163,-1.9542996351868975,1,1
2.5202462653914157,-2.1170972785729365,1,1
1.1877473624423667,-2.2643586341606867,1,0
0.2594021447558658,-2.2070853076325596,0,0
0.02530279383057701,-2.3575167451023047,0,0
0.4184693839038661,-2.314359321128182,0,0
0.939328231890388,-2.197567846484988,1,0
2.2639260915270145,-2.020054961751565,1,1
1.9444220984173495,-1.7831575910259856,1,1
2.337456545783144,-1.704349272472647,1,1
3.213376054717836,-1.3480532001912304,1,1
2.7904113139206244,-1.1244883929673237,1,1
3.003433017669462,-0.9620506214411632,1,1
3.1585398325223837,-0.9313834860221846,1,1
2.9492697418050446,-1.0670464650782479,1,1
3.0791324786868413,-1.0349765369660124,1,1
3.421752561391589,-0.9955490576773298,1,1
4.820469010949093,-0.8095644436782942,1,1
5.227029133737311,-0.739339982956318,1,1
5.8758248276261815,-0.5688386818445423,1,1
5.303064734704034,-0.7790034768283054,1,1
4.8193105934589235,-0.928961855627036,1,1
4.195567932078828,-1.0039205954520107,1,1
3.706319118715702,-1.1463941849603194,1,1
3.718106090831461,-1.2465536270907,1,1
2.078320760518208,-1.413200337723704,1,0
1.4306999669949096,-1.4453307538107432,1,0
1.1821801456962495,-1.4593069023145862,1,0
1.372961974719256,-1.5888367198589703,1,0
1.078374793161066,-1.6586175495697735,1,0
1.0627418741219967,-1.7020814506534918,1,0
1.4464232876100773,-1.5736657769570768,1,0
2.010354636887685,-1.3785295793340249,1,0
1.8661794163150325,-1.1319798828960568,1,0
2.02468765650054,-0.6989731006327863,1,1
-0.1093549855845226,-0.58088537887926,0,0
-0.9508812134006137,-0.1826100761372885,0,0
-1.1128084198269321,-0.04218911335798492,0,0
-0.6150803696045006,0.07281508037601025,0,0
-1.2959111275034827,-0.19818904148660083,0,0
-1.1004609966644758,-0.5186878961210858,0,0
0.4773818098174235,-0.37008821216713,0,1
1.477206883276753,-0.7573106278191302,1,0
0.88580201197012,-0.9035573040905969,1,0
-0.8962446308827481,-1.0203938561940689,0,0
-0.16302563731313388,-1.1806049332757247,0,0
-0.06763646964213152,-1.2544497773677001,0,0
-0.23970396827332394,-1.3846226754204407,0,0
-0.06550330545312892,-1.4707996219669572,0,0
-0.8266303224216587,-1.580106185802274,0,0
-1.3516200794648188,-1.8448417620203292,0,0
-1.8243361637338642,-1.8617613842506502,0,0
-2.0306859575770866,-1.9523391714867777,0,0
-1.315469108015525,-2.072588754163041,0,0
-1.140360933703324,-1.655243031148487,0,0
1.3781783581681373,-1.3574064704683284,1,0
1.4383430512772921,-1.319980885913802,1,0
0.7103948246815456,-1.0618023062194746,0,0
1.670989054353366,0.0009846340279543852,1,1
-0.27736151118112706,-0.9837595887093739,0,0
-0.5310433338825155,-1.1164732785593745,0,0
-0.4275579227271768,-0.8902399485550344,0,0
-0.6827846280345197,-1.060855873971876,0,0
-0.6623329348346703,-1.042720922339457,0,0
-0.163279200554746,-0.9467363316676404,0,0
1.2365030422919023,-0.9564520062721386,1,0
3.0106595878894407,-0.7720275535601993,1,0
2.2548396198014053,-0.9138153240816048,1,0
1.6804290165334244,-1.203703141447606,1,0
0.5212661536674473,-1.4430944092776667,0,0
-0.02841715008538589,-1.4698012660488948,0,0
-1.0366284530210368,-1.5799718049795841,0,0
-1.53148372347564,-1.5908850584572751,0,0
-1.9276151836929094,-1.6733497658700245,0,0
-2.1640559485958155,-1.8031081165005434,0,0
-2.3844435065493634,-1.8406886493681294,0,0
-2.429926896086594,-1.847283326626868,0,0
-1.9478744525911438,-1.9659496564312458,0,0
-1.2896624998480024,-2.0175298217323743,0,0
0.9962714554910711,-1.997675019542692,1,0
1.6690585595386789,-1.8973695413993585,1,0
0.398587855911933,-1.5420732276168436,0,0
-0.5626762874700565,-1.3435141969367796,0,0
-0.3916602684751479,-1.1158437817896,0,0
-0.251281130417008,-1.123707869215323,0,0
-0.31653745210356676,-1.1567676982390742,0,0
-0.885168462680435,-1.2019817230553458,0,0
-0.3771023780127027,-1.1373233530800637,0,0
0.21337820064434468,-1.2009644688603522,0,0
1.3600988681281967,-1.084215996154908,1,0
1.721726722688102,-1.09255548358519,1,0
2.0014722819315764,-1.154301410513443,1,0
2.0374690229262526,-1.376138253085003,1,0
0.8848343638992621,-1.6266461497244056,1,0
1.2169506114711666,-1.7444119676349503,1,0
1.0213575910551416,-1.842010520713622,1,0
1.6516708182368132,-1.8868781669778083,1,0
0.9552669962289141,-2.1038796976502425,1,0
0.3477279851507114,-2.2660550917774263,0,0
-0.10204693595823407,-2.4187585724464804,0,0
-0.3361976400877939,-2.4750157110630524,0,0
-0.16346167640207207,-2.373000144562481,0,0
1.5079253526104726,-2.3861668649568095,1,0
4.5608682479032225,-1.9486998699420137,1,1
3.6954469082948176,-1.6092957409604904,1,1
1.5716681000593076,-1.5338602461018962,1,0
-0.6575103578877783,-1.465986964930914,0,0
-0.3545374143542242,-1.591753385917602,0,0
-0.03479835270114291,-1.4091414032208156,0,0
-0.1202432258731994,-1.5631077546110819,0,0
0.20723737820219293,-1.5138770421311694,0,0
0.18983491417390344,-1.5952974872471717,0,0
0.23640414098659485,-1.621829109541905,0,0
0.8297711759990103,-1.6142321192311657,1,0
2.1526120209009445,-1.3631455352172293,1,1
4.527046697447437,-1.017030688954767,1,1
4.196851485744129,-1.489941886760581,1,1
2.0588120529773697,-1.9488045046380358,1,0
1.4496915026607249,-1.886384011059953,1,0
1.6975736646996922,-1.8242403479743292,1,0
1.2557481004812026,-1.8916944467124859,1,0
1.0330925110579,-1.879464608374832,1,0
-0.5894647886861585,-2.0281185722251185,0,0
-1.733755107215081,-2.042775898137796,0,0
-2.080767048749075,-1.885065751057954,0,0
-2.0004687687785054,-1.8716723659019547,0,0
-0.5563633098228994,-1.9547164382488669,0,0
2.617978805451303,-1.9130546957853392,1,1
2.0162821358865086,-1.6160087924524655,1,0
0.4804173966710259,-1.4577221251628911,0,0
-0.2951392519796104,-1.6515071317504177,0,0
-0.09035531638141227,-1.6883980083123085,0,0
-0.28404884847938294,-1.693500699122952,0,0
0.18671615127915636,-1.5297377534939038,0,0
-0.18119008671563,-1.6530194978094461,0,0
-0.23193543222526422,-1.5976578580241405,0,0
-0.11863172551412167,-1.5559520543857575,0,0
1.0819246017769468,-1.4877346169288337,1,0
1.6170801726698638,-1.5671364708427442,1,0
2.091523083643962,-1.496867327022683,1,1
1.2482260342260258,-1.7297532494163805,1,0
0.6533155428156427,-1.8380082384553371,0,0
-0.8908814150298601,-1.8754400535268345,0,0
-0.8659080346459606,-1.886437628753573,0,0
-0.4716361975855233,-1.9514510959995905,0,0
-1.3137740855248212,-1.9788585673142642,0,0
-1.638671129932957,-2.0802851226054577,0,0
-2.0595157429046886,-1.982105641468098,0,0
-2.2727157081686222,-1.9043718520097617,0,0
-1.8254495144677543,-2.01089528193309,0,0
-1.285102158707808,-2.047601623330871,0,0
1.6125827125437229,-1.9155323000054754,1,0
1.8342706533383721,-1.5919580093723447,1,0
0.6376700548446983,-1.2744540896740817,0,0
0.1657271109963691,-1.3462921769771155,0,0
-0.08497670153106555,-1.2706937367552447,0,0
-0.10324475370609325,-1.2463697308574593,0,0
0.026810513669056107,-1.2519796034329482,0,0
0.0944589317967441,-1.1914493411909275,0,0
0.5575494750435852,-1.1347321836765376,0,0
0.9112113459628158,-1.0624115021568599,1,0
1.9288458697826139,-1.2294337690426016,1,0
2.4689382024358477,-1.2269895305094434,1,0
4.063307912753679,-1.1932286304117763,1,1
1.8604208047897,-1.5600743857122672,1,0
1.4537188115004036,-1.7108041158504503,1,0
2.545471675681082,-1.9695725530058559,1,1
2.3718233858174274,-2.3154465392092782,1,1
1.5580709537595814,-2.494853392711885,1,0
0.162174603142073,-2.4737628221503067,0,0
-0.3931381742001743,-2.5871513422582324,0,0
-1.0269240958019341,-2.5754525762311222,0,0
-1.1831041648654188,-2.6341236789227853,0,0
-0.98674089307393,-2.6747021352161733,0,0
0.016069081090775685,-2.8466226391373315,0,0
1.298849348498089,-2.772874711227321,1,1
2.048258976269539,-2.5403331431766993,1,0
1.2589883170104241,-2.477995340587988,1,0
1.6054579722579698,-2.3318487887242934,1,0
1.4699538052336072,-1.8405507835328996,1,0
-0.6266475904842613,-1.3322671900493843,0,0
-0.7652902627168978,-0.9930438846099019,0,0
-0.9080781885722684,-1.1938299441747082,0,0
-0.8458633233516786,-1.129113090036508,0,0
-0.27461966797560916,-0.9967653029480534,0,0
0.44337872466215367,-1.1937474151504661,0,0
1.5781735592009023,-1.2001073845325902,1,0
2.017665471062619,-1.1977875309460155,1,0
2.5604794886125672,-1.334840309080447,1,1
2.0745850541283515,-1.454740960555499,1,0
0.8161423974665635,-1.5046319927496692,1,0
0.6602552685259083,-1.4933246357811047,0,0
0.41362734626684156,-1.6666339155484837,0,0
0.9223073141307858,-1.676711983978245,1,0
0.13449140228468404,-1.8082501122561396,0,0
-0.30157857791904485,-1.6871602646880564,0,0
-1.587970690890458,-1.718781807286815,0,0
-2.169996731336645,-1.8050991013045956,0,0
-1.9442459949319826,-1.8687973085985925,0,0
-1.4916571556588218,-1.8517399160513746,0,0
-1.5106916853007346,-1.725035382855224,0,0
-1.3084452731954648,-1.513632556621262,0,0
-1.1980489384938102,-1.4349812134968871,0,0
-1.0902548739706823,-1.6763901699817185,0,0
-0.8034576434906484,-1.9317214942115226,0,0
-1.0012934293742528,-1.9140554677919541,0,0
-0.8546614751036212,-1.801115236611769,0,0
-0.6962196357284572,-1.7460721721637815,0,0
-0.7560230190119823,-1.792810683424294,0,0
-0.49343027832001024,-1.8503807565697452,0,0
-0.7047867261201002,-2.02607303006525,0,0
0.016907361187258295,-1.9344767985868043,0,0
-0.24141707053216765,-1.8920688392487024,0,0
-0.9198363811234563,-1.844625505908763,0,0
-0.6312674237594135,-1.8248961768540302,0,0
-0.6525670971987443,-2.0213295140739875,0,0
-1.3063046522986443,-2.0276978051561594,0,0
-1.7293263570371171,-2.233497602997954,0,0
-1.9512592483295137,-2.4941065726831377,0,0
-2.1234152749661184,-2.5738821991693066,0,0
-1.9424114488101136,-2.603030325957489,0,0
-1.60826971611305,-2.6960811033004037,0,0
-0.31213563229983304,-2.4923699823384804,0,0
0.9657379241560028,-2.1037760111693253,1,1
2.192297140702415,-2.164982982809393,1,1
2.711089247251129,-2.5987715896198487,1,1
1.4462119844075791,-2.2664220159329407,1,1
1.2432765029126087,-2.018799044873657,1,1
1.4956398264257094,-1.7752591355474452,1,1
0.6524764498870882,-1.768392933926023,0,0
0.3267422410105544,-2.0137039772569985,0,0
0.9394134717822433,-1.9844006271493977,1,0
1.3727868496931164,-1.869902749646316,1,1
1.221940483347397,-2.1740948048166664,1,1
4.112993635200565,-1.7432179823197556,1,1
5.1092943431664715,-1.6745806847880793,1,1
1.5350633183461937,-2.2158156198284407,1,1
-0.12799760234766344,-2.2702512823770165,0,0
-0.570959758266299,-2.184789937426192,0,0
-1.2817976430279723,-2.183045980960305,0,0
-1.2897089955163115,-2.5273440925787116,0,0
-1.6317263415269225,-2.631614729041994,0,0
-1.8723453892367092,-2.892405289009963,0,0
-2.0344924519712406,-2.73498963629102,0,0
-1.7805363437284825,-2.742189880276153,0,0
-0.6721095396565115,-2.768229225264786,0,0
0.7938306165714764,-2.7071033050028803,1,0
4.388356160907255,-2.325912593603446,1,1
5.034780507591782,-1.7237273449056003,1,1
3.3809750676988615,-1.9377977039773884,1,1
0.9026272405338759,-1.7022505718585086,1,0
1.2646076314903256,-1.2631433480195926,1,0
1.450021279680946,-1.7252666058326451,1,1
2.4974756561770004,-1.9038433516157662,1,1
1.2873825093477982,-2.025881069426998,1,1
1.8466900496788041,-1.8376171929364469,1,1
1.5638548784628896,-2.129691654023511,1,1
1.5367411629905237,-2.083702106666494,1,1
2.859842475065354,-1.9781936156192255,1,1
1.2645990371630393,-2.3673029195833823,1,1
1.7931542050819043,-2.4233201670036912,1,1
-0.07260546941170541,-2.4977180013252043,0,0
-0.8781762680097462,-2.524052001796273,0,0
-0.06917615442961386,-2.516437163680481,0,0
-0.6238986075906726,-2.5802501284479824,0,0
-1.2721351788500632,-2.59709465184276,0,0
-1.4754512954379542,-2.6883128501373985,0,0
-1.5957947019162926,-2.7430489870754178,0,0
-1.6711042409979866,-2.5628891261904365,0,0
-1.6876760015695105,-2.5353716949268916,0,0
-0.8488376902062799,-2.5611342736091545,0,0
1.1580550830158107,-2.4985210001531746,1,1
1.2090891014589762,-2.564389753736056,1,1
0.2903939044488262,-2.8072201035574595,0,0
0.4718560779411555,-2.915017579419688,0,0
0.27075678929216923,-2.699762849992142,0,0
1.3306340373625758,-2.3282232006171215,1,1
2.0193081819463647,-2.1610629829408947,1,1
1.780329998395144,-2.197030752978452,1,1
1.8240016331792837,-2.271936649523929,1,1
2.1890902849084797,-2.3376606026934894,1,1
2.530631236564353,-2.313539443463874,1,1
2.1552456787861844,-2.248887829421271,1,1
2.685920650650756,-2.2521267403979652,1,1
2.5243239537034103,-2.381743399058959,1,1
2.039167104865207,-2.416976884685167,1,1
0.31594751020910333,-2.56172644734437,0,0
0.4807371918877034,-2.751307019735275,0,0
-0.689860383489204,-2.4022223854731943,0,0
-0.9839460755763937,-2.579945254762907,0,0
-1.246330825718053,-2.603912356207659,0,0
-1.342133103147848,-2.8352973821694993,0,0
-1.4502048225627429,-2.769680878584737,0,0
-0.4731116194085609,-2.7691937385420258,0,0
0.5696720254227935,-2.671126374581332,0,0
3.442942107091508,-2.463611029932564,1,1
3.880655135152963,-2.3846597852137776,1,1
2.6988944512389277,-2.603091440048825,1,1
1.6808021326371183,-2.6267037765808903,1,1
0.8180540617307445,-2.4547699923042714,1,1
1.0172646471641846,-2.1479201080425594,1,1
0.9432706763157429,-1.867486796894174,1,0
1.7019227434559394,-1.6969743029908588,1,1
3.0557358815702025,-1.820815815144611,1,1
3.076016491935701,-1.8943851192657468,1,1
3.9297269842783646,-1.7616886438950523,1,1
3.842463147550709,-1.8188682108302021,1,1
3.759942086838244,-1.7985186701435418,1,1
3.3751811052242715,-2.028204460298618,1,1
1.8653202620177494,-2.3195810039074187,1,1
1.1951648072756547,-2.3041062310236304,1,1
1.5593534856411417,-2.3385906395308447,1,1
1.1438560457938456,-2.3931192882360777,1,1
0.2431011602369203,-2.44496346744243,0,0
-0.4709683563565191,-2.49049957213708,0,0
-0.9684342718543826,-2.4230270737509323,0,0
-1.0781973186246747,-2.504435772474543,0,0
-0.13740012608569205,-2.47691020651244,0,0
0.6201470548879398,-2.425924719254262,0,0
2.4210667219173208,-1.6989379461228884,1,0
4.006586959282941,-1.0609586412429097,1,1
3.000003338556497,-1.278103333271023,1,1
2.2129379600880092,-1.1556402809358386,1,1
0.33049587167879624,-1.049956224632266,0,0
0.8196748496926097,-1.2552957626985506,1,0
0.4511690663662926,-1.1335353778292607,0,0
0.1317688847484609,-1.0586949599572566,0,0
0.4894774562496372,-1.0162057785786733,0,0
0.6460823522517716,-1.0031593347337848,0,0
1.506526339495284,-1.1580705222347758,1,0
2.027594503903709,-1.3451054552757475,1,1
2.5237112948539346,-1.393812034949713,1,1
1.170164056615768,-1.7902497475166017,1,0
1.9270042862891807,-1.9057256812804386,1,1
1.7233079507125655,-2.1165757107430934,1,0
1.495021314419509,-2.1855894052673115,1,0
0.7897182878019063,-2.3746143989748694,1,0
0.47872662741972055,-2.4703536206117134,0,0
0.40130507511630875,-2.517841028455601,0,0
-0.007732561152910369,-2.659521383854503,0,0
-0.5469824126057433,-2.438888444066073,0,0
-0.9548947519583132,-2.327130526295887,0,0
-0.9269478438798104,-2.1622737675275125,0,0
-0.552515148617071,-2.046125722562498,0,0
-0.16402856314751377,-1.9408795020557192,0,0
-0.38480402223140725,-1.642712830348506,0,0
-0.5863121799509964,-1.5279910333144155,0,0
-0.25167002399429833,-1.3726087586078515,0,0
-0.018078152372075558,-1.3149521587870745,0,0
0.015320093055918325,-1.3202298304785478,0,0
-0.3611974630922756,-1.401383576128002,0,0
-0.515055431635821,-1.4814733165803282,0,0
-0.082597068865319,-1.7327031708311338,0,0
0.1495832146750108,-1.9118659894939707,0,0
0.5620772029829643,-1.817367591002565,0,0
1.3715195082134424,-1.5258461738962434,1,1
1.205676062696075,-1.6412157702269767,1,1
1.5830446282509274,-1.7129248910088906,1,1
1.926499470098116,-1.7100456300344142,1,1
2.7432487736675437,-1.653892155704594,1,1
2.154187872160144,-1.8561843814401007,1,1
0.8091880399737592,-2.1328351085910597,1,0
0.52121687650181,-2.2943706519380718,0,0
-0.13423410759058668,-2.5140207394293084,0,0
-1.1349503676928647,-2.445250871041914,0,0
-1.2010749161655245,-2.779752971876777,0,0
-0.5462722899983125,-2.8916608450764496,0,0
-0.3966909468864812,-2.684649194543559,0,0
-0.3638915299125092,-2.4774636587350454,0,0
0.2544159734034034,-1.7361044142917919,0,0
-0.26473918358721293,-1.252165431349616,0,0
-0.612610358827238,-1.1116385187975828,0,0
-0.24492579926375393,-1.3631620862311813,0,0
-0.8609603206131153,-1.501741448781196,0,0
-1.393411252750136,-1.6215269481959083,0,0
-1.0356789069587298,-1.7005021553935729,0,0
-0.8686075921166269,-1.7624261184533938,0,0
-0.4667162848840222,-1.9236973711107057,0,0
0.22139613565012023,-1.970388883573108,0,0
1.1561778268645369,-1.937423667072218,1,0
0.06341107145176882,-2.2474883135539745,0,0
-0.9746267057084103,-2.2304257528223954,0,0
-0.5016297442743632,-2.2018748630211986,0,0
0.046295154559629376,-2.2924268346989822,0,0
-1.1350443337936997,-2.3242352805620294,0,0
-1.8564280939937272,-2.2891974973820113,0,0
-2.1406960712041196,-2.277901065321481,0,0
-2.372293528144927,-2.278130723142516,0,0
-2.4132962222439533,-2.3199743662670116,0,0
-2.317188983354857,-2.4550633500526935,0,0
-1.7414250305276957,-2.541616149181711,0,0
-0.6348653921347904,-2.4847195220119165,0,0
-0.4092162730547097,-2.4547972668508726,0,0
-0.6830099448031041,-2.3721968927741615,0,0
-0.6313263938267104,-2.4118801127764704,0,0
-0.8164169304806896,-2.2911924396464634,0,0
-0.5325116983440202,-2.185913047521892,0,0
-0.8091597050608976,-2.1784940223172238,0,0
-0.9221363131119408,-2.2344691487086132,0,0
-0.8200065786651514,-2.2340616523917367,0,0
-0.7677865097091671,-2.3192841542674603,0,0
0.4072225858719796,-2.2109831863197393,0,0
0.7610069654419741,-2.19921706520757,0,0
0.7367439334390271,-2.2341614290395047,0,0
-0.1982482865659625,-2.433434659637736,0,0
-1.1630095231448305,-2.4506281469422277,0,0
-1.4366360292938123,-2.459631493670428,0,0
-1.6186938835483973,-2.4936173581080836,0,0
-1.7579060857729436,-2.5591668494633053,0,0
-2.162896567812742,-2.5829220216139928,0,0
-2.323575235346704,-2.6123464811127413,0,0
-2.390578146804243,-2.588423311997254,0,0
-2.3409615800768635,-2.622751092695663,0,0
-2.289543044211369,-2.681373336786583,0,0
-1.3585942913814046,-2.7663551641462747,0,0
0.47628924192745975,-2.642235626020073,0,0
0.605923313131031,-2.436493387022071,0,0
-0.1667350670807051,-2.222742614870078,0,0
-0.7480692961686546,-2.2325188308147803,0,0
-1.092198606898527,-2.209240416014337,0,0
-1.0608570435533728,-2.204797359414886,0,0
-0.8235634040176499,-2.1733323702422607,0,0
-0.809371530265489,-2.208878182962946,0,0
-0.6803816444059689,-2.0915741051581653,0,0
-0.7742302533189395,-2.118527845703491,0,0
-0.32806503618393196,-2.2718286746022858,0,0
0.6922977378594362,-2.2182135124201317,0,0
1.231535370272047,-2.149056154681516,1,0
0.7153285219046452,-2.4204436084511385,0,0
-0.7115210998158731,-2.5179725236816153,0,0
-0.7650550442330624,-2.490095461408351,0,0
-0.9684306833828481,-2.4925644318885127,0,0
-1.187615202792384,-2.5201261206120797,0,0
-1.6462533057285043,-2.523801812284522,0,0
-1.6299081149908297,-2.7797309535572388,0,0
-1.6048509910103168,-2.8755029577724067,0,0
-1.640109916499596,-2.8763573577792765,0,0
-1.2140344642286722,-2.907100835389262,0,0
-0.7760581470414069,-2.858923567251566,0,0
1.3320293881181322,-2.675219552584406,1,1
1.938867173435523,-2.4256000519398992,1,1
1.3216433257840108,-1.983764646318035,1,0
1.5117275504178336,-1.5952430350972628,1,0
0.11353657433385823,-1.4166755985601218,0,0
-0.3338604612763863,-1.4147314701102165,0,0
0.7094372729087672,-1.263905508521434,0,0
-0.031696104519839674,-1.3244498086616445,0,0
0.9906686116338704,-1.0707004301298502,1,0
1.0758861251672793,-1.1397407289170927,1,0
2.9406361397541776,-1.0325623014756053,1,0
4.894963503533785,-1.0188772023488817,1,1
4.520736943228614,-1.3074458408766252,1,1
2.0557135258859196,-1.822986670764219,1,0
0.5905216604307585,-2.0784585600572463,0,0
0.09962801818103499,-2.0693080114893427,0,0
-0.07151703478191941,-2.1427099463885386,0,0
-0.17001233065942267,-2.162649189062852,0,0
-0.6507346773821822,-2.2570825785799626,0,0
-0.7029386434706816,-2.367096635541412,0,0
-0.545229042255716,-2.409616910658764,0,0
-0.7299716880165541,-2.5655319058793893,0,0
-0.2677609325615421,-2.631602614180817,0,0
0.1896111863565263,-2.6030304207978183,0,0
2.674593450928562,-2.1618550669147134,1,1
3.678376792244068,-1.595058424408877,1,1
1.2833492833293538,-1.7104987749777967,1,0
1.2759281571873091,-2.5802723436158947,1,1
0.3351017908122627,-2.5933875627675027,0,0
0.18151778095333276,-2.3126360870606786,0,0
0.1867307731590682,-2.1307602425949805,0,0
0.25679892287068395,-2.2024213234736854,0,0
0.379484901207861,-2.159652712217164,0,0
0.9077674502837245,-2.1447960785975537,1,1
3.2645875458257936,-1.9056782545996553,1,1
4.899140662594273,-1.9507306992447593,1,1
3.302401323389119,-2.120324326583141,1,1
2.6676408978100663,-2.298119277468247,1,1
1.152634123359654,-2.354868155145097,1,1
0.8363565863070549,-2.425474456581544,1,1
0.9570885855213127,-2.4072877650241145,1,1
0.9047237631237378,-2.4619360387410225,1,1
0.1273521691392778,-2.5590132229526814,0,0
-0.6382534597176142,-2.4448382742206,0,0
-1.3594887734392904,-2.430608235648003,0,0
-0.9272260191876976,-2.5726536195890564,0,0
-0.4562956780225493,-2.5956270733095343,0,0
0.8188994368068805,-2.5689390329679878,1,0
3.1017887493641614,-2.0900647803588437,1,1
5.6268933591880685,-1.3542315857629146,1,1
3.8654346024351787,-1.6369261327169662,1,1
2.699522537116674,-1.5282789294427408,1,1
2.6341563597731708,-1.3948343168002961,1,1
2.605126156248346,-0.9760185340474413,1,1
2.500216120136606,-0.7696416543113057,1,1
2.579656312044348,-0.6698132182911569,1,1
3.432904397266125,-0.7109756184904784,1,1
2.544259067618566,-0.6967597796400958,1,1
2.247255762309949,-1.0312317853868156,1,1
2.2774400210646006,-1.2292326517706906,1,1
3.6279834319115905,-1.1869919149049921,1,1
0.9838379536228787,-1.784789163672405,1,0
0.1296553183498768,-1.9892069395539769,0,0
0.431251993725186,-1.9804009528403015,0,0
0.8840027090868282,-2.033922452402853,1,0
0.8825267896411962,-2.1796114671509454,1,0
0.2897487090658546,-2.1798528760369864,0,0
0.05308498828659232,-2.2919081794500817,0,0
-0.2416982880007179,-2.373096260433706,0,0
-0.7531512197728256,-2.358909650146786,0,0
-0.3400932049156981,-2.5809593901242365,0,0
-0.6620036061663377,-2.367715134016562,0,0
0.23190939616877992,-2.188475707359261,0,0
1.4063902433111426,-1.7976113925756445,1,0
-0.7172690963401983,-1.5028370117767005,0,0
-0.6930849908290236,-1.040778310000667,0,0
-0.3276363805302508,-0.9140978682172205,0,0
-0.13455671988057352,-0.9426076924865712,0,0
0.6341398631628622,-0.8822972427680833,0,0
-0.31327271274533897,-0.9438966874901692,0,0
0.392600368744079,-1.0031775314712135,0,0
0.5174721089497829,-1.120620249800565,0,0
0.4922875899578419,-1.6208979125341092,0,0
1.2347978915752906,-1.5999763523828139,1,0
1.5754043192597036,-1.6796967331282335,1,1
2.1255355899779165,-1.8279575625187596,1,1
0.8892145663250546,-2.0459340142630587,1,1
0.4675288143338516,-2.052000937959363,0,0
1.216823281546066,-1.9360209938452186,1,1
0.3918374072609905,-1.998974072496021,0,0
-1.1386867175891566,-1.9071231563390603,0,0
-1.5073693707477969,-1.886987630747625,0,0
-1.836893968864192,-1.9504630150663993,0,0
-1.9868559869753055,-2.1880338184773653,0,0
-2.2545515313648874,-2.1241574474861173,0,0
-1.6478821227601022,-2.210855847698468,0,0
-1.4617900941734534,-2.165736069395566,0,0
-1.5255521855227423,-1.8980767952262054,0,0
-1.454879076919912,-1.6119522697777207,0,0
-1.4039409720954048,-1.3242737784842658,0,0
-1.2060683169296973,-1.1919232288470707,0,0
-1.2385661156925,-0.8929933584214019,0,0
-0.5520176146544429,-0.9288179691370604,0,0
1.175022752481459,-0.6113926719357143,1,0
-0.1969847924773278,-1.2191340121335097,0,0
0.3151264142308118,-1.2712051095539547,0,0
0.6322707108839314,-1.2343732088717785,0,0
1.153965600349706,-1.5927510991195122,1,0
0.7448997983820039,-1.7251974771859127,0,0
0.015465447648829837,-1.8383850279668232,0,0
-0.06793166328155416,-1.973765401565665,0,0
0.005546872065333301,-2.031682827078137,0,0
-0.27811584690487123,-2.077553706623566,0,0
-0.7033882977968882,-2.097110658043945,0,0
-1.3481723049248915,-2.166292579310734,0,0
-1.8548934729521735,-2.156817698251243,0,0
-2.2629802999178534,-2.197730608038143,0,0
-2.0913222772054847,-2.357776119361654,0,0
-1.8682632387292177,-2.206578532903518,0,0
-1.1758772465903182,-2.166623383018409,0,0
0.40323159164909106,-2.0415687061594663,0,0
0.7263934073703948,-1.8139833272779826,0,0
0.5469686493469911,-1.6500291199766628,0,0
0.336443234878269,-1.5581197669903202,0,0
0.15245447851477323,-1.4297367687214824,0,0
-0.29438191659257595,-1.4071170770903636,0,0
-0.5441121227937966,-1.3945836010621822,0,0
0.10708233027477261,-1.5142199620575052,0,0
0.3448288704576076,-1.5261609799024942,0,0
0.740297398661369,-1.5041162480988124,0,0
1.603768343527731,-1.5162456398262678,1,0
2.618267519449839,-1.3352989277415996,1,1
3.051869423346072,-1.424766122409238,1,1
1.7812771755292638,-1.9076789093072053,1,0
0.3783845681779122,-2.195305136363003,0,0
0.7951297395141508,-2.2018223917277884,0,0
0.10763174146598495,-2.379911495147305,0,0
0.27427961096015224,-2.4647552246439832,0,0
-0.12054902157563704,-2.624821018298714,0,0
-0.6907584416894119,-2.8005717144316677,0,0
-1.0820164183103398,-2.8439265518789574,0,0
-0.872375359675083,-2.745638517139015,0,0
-0.4173039598946855,-2.8490697902665754,0,0
0.2637281217077646,-2.8308570244392257,0,0
3.1344114736311193,-2.247688066322022,1,1
5.245535478619078,-1.3847536758134869,1,1
3.49918117440927,-1.3021001235283487,1,1
2.579022197416757,-1.135447410729314,1,1
1.1458998355941166,-1.014304918392076,1,0
0.5191602805529293,-0.8689235209945919,0,0
0.8636284194998949,-0.7365102046574038,1,0
1.0165604338757588,-0.6926647529558062,1,0
1.0111137712170277,-0.5341838850807822,1,0
0.8038700688963553,-0.6309396350322148,0,0
2.502537406937783,-0.6627778698652097,1,0
4.740529883344599,-0.6300202608095462,1,1
5.137025907962678,-0.7218184641345843,1,1
2.522461153421957,-1.397887488521971,1,1
1.7643905197877479,-1.7673490260852438,1,0
0.3108230623793474,-1.959158642254804,0,0
-0.019506823491529424,-2.0708305304244154,0,0
-0.2618977613408623,-2.1702339074017574,0,0
-0.7094971773333864,-2.260629369110481,0,0
-1.038045810505662,-2.2708706225600466,0,0
-1.1912748646549072,-2.3730997767019653,0,0
-0.7335462012786008,-2.665494553330931,0,0
-0.40251758255456144,-2.712934130784371,0,0
0.6554770142803691,-2.5984012059456463,0,0
4.19811156330863,-1.8917977643669677,1,1
5.448004455761387,-1.157242813605681,1,1
3.654913650025694,-1.259252316053403,1,1
3.258079630524729,-1.2095451949368683,1,1
1.5899053993228869,-0.7812318072466123,1,0
1.058565656267487,-0.49445281028438637,1,0
0.3351497712336535,-0.40011807165341684,0,1
0.06516804691833628,-0.3393418199773918,0,1
-0.4774900864761036,-0.29515949843252304,0,0
-0.049121137164321274,-0.15723819157193333,0,1
2.3554352109932357,-0.2933319753398506,1,0
4.311498763178262,-0.2500946947049649,1,1
4.423732966302407,-0.40367643306271217,1,1
3.949552822449158,-0.7436293294540147,1,1
0.5031083872426318,-1.4952979429386026,0,0
0.22153026593805877,-1.7304584295270549,0,0
-0.21512385966550207,-1.8155787825664336,0,0
-0.6403719354250319,-1.8961605361336624,0,0
-0.8772011038051497,-2.145813644378148,0,0
-0.7976152647320516,-2.40390876846504,0,0
-0.8636843377890344,-2.563748480660156,0,0
-0.9215472789574306,-2.54231427495743,0,0
-0.7009452011274993,-2.350668065036091,0,0
-0.3018424898534131,-2.371065004882486,0,0
3.6168426637300994,-1.8040084961212848,1,1
3.231570489684804,-1.2869270958035999,1,1
2.866132311377161,-1.0089592276688288,1,1
1.6411619786600748,-0.6326953163259026,1,0
1.125781068414123,-0.33871452666827534,1,0
0.8187090146050917,-0.1932709623421613,1,0
0.47009050319791956,-0.2315198334298762,0,0
0.6117461707790769,-0.211887000293753,0,0
-0.08926809273410122,-0.2567177211900002,0,0
0.2204493739244175,-0.19208884910977922,0,0
1.3541118582531744,-0.36917693692137193,1,0
3.657969948691383,-0.2943332685699025,1,0
4.843234633892004,-0.35454386168336227,1,1
3.518770312556708,-0.9476492728788676,1,1
1.2419839706140126,-1.482521708171135,1,0
0.06618570006168496,-1.6918520827179349,0,0
-0.15746232468496424,-1.735154896040006,0,0
-0.1583742488942627,-1.87784213017829,0,0
-0.7936409160486231,-2.0828492878859195,0,0
-1.2216958355956513,-2.088273495938632,0,0
-1.1129959378377432,-2.286660521927444,0,0
-1.2449735693805402,-2.256928157065364,0,0
-1.1850978980872424,-2.3076882804251464,0,0
-0.6926103425929885,-2.483029980195766,0,0
1.189087240664079,-2.05779494856354,1,0
3.42599977595461,-1.258702284342144,1,1
3.4832177228454575,-0.9634448245183387,1,1
3.4111961724781894,-0.8187923071383715,1,1
0.3689749063081507,-0.5290794930143938,0,0
0.8495797500934558,-0.3001691162386641,1,0
1.6011539946996565,-0.08339012154235918,1,0
1.1527364835290228,-0.13819064911624138,1,0
0.24033373523800158,-0.24277974143658687,0,0
0.5527081291172729,-0.34772653382814955,0,0
1.1437210898691839,-0.4907930321565928,1,0
3.51966490110341,-0.4030422818749861,1,1
3.8923459023209253,-0.531327258624655,1,1
2.590338257227171,-0.9466126548696384,1,1
0.135574325083836,-1.2821323288460256,0,0
-0.2572957288325729,-1.5391460102792556,0,0
0.33688055141476714,-1.6062934098721253,0,0
-0.49472394050558277,-1.6724153089656835,0,0
-0.39946341211743924,-1.6749153447275142,0,0
-0.698255203536388,-1.6366457835337014,0,0
-1.5685358609327582,-1.5955209470687794,0,0
-2.02820683327825,-1.685295832793737,0,0
-1.8442051825274886,-1.8413890533201422,0,0
-1.6027348333971998,-1.8313253315755047,0,0
-1.486532983971805,-1.5733596664913667,0,0
-1.0080333132615176,-1.1976250886853776,0,0
-0.5715202034890138,-0.8319990801910909,0,0
-0.34413355700076875,-0.9411534966272909,0,0
-0.3672940042761151,-0.8837468825490618,0,0
-0.8040309967367278,-0.4930652553920463,0,0
-0.6181442359445384,-0.4454173305794945,0,0
-1.3183513264516429,-0.5645335500956644,0,0
-0.9676118956669246,-0.5189182224233131,0,0
-0.19407934600525845,-0.5111097283767335,0,0
0.09752980121525666,-0.7280701708964094,0,0
0.011574211377470238,-0.97765060390598,0,0
2.182640472318517,-0.8620632729713539,1,1
2.9632136699980327,-1.0987730976099674,1,1
0.10856487048288627,-1.3988667526721157,0,0
-1.128596921139104,-1.3597186766870124,0,0
-1.3014855039504551,-1.320533537510953,0,0
-1.1749825879073703,-1.359341306541119,0,0
-1.0502743086117898,-1.330251432349813,0,0
-1.8834115158288218,-1.2166508480292595,0,0
-1.9511433917169,-1.1121119043563272,0,0
-2.0030726475733607,-1.2658672415972587,0,0
-2.3571877543274504,-1.1119066454572764,0,0
-1.918173015834863,-1.2942178357681045,0,0
-1.1294588070398213,-1.317018464109748,0,0
-1.2241000198093046,-1.2569294346598758,0,0
-0.43581042563724565,-1.1164669497033066,0,0
0.3749204188109277,-1.0635047173010264,0,0
0.921022698072877,-0.9829850939602851,1,0
0.5321118692481976,-0.8840326763373113,0,0
-1.2651608939255994,-0.617837821069147,0,0
-1.7473212324280298,-0.21957158430698212,0,0
-1.2391506027660324,-0.21457935863697253,0,0
-0.7970175053473454,-0.3197461622504668,0,0
-0.25692769571950175,-0.6195907393231513,0,0
2.8201539845772015,-0.4435144897137514,1,1
2.338816181535562,-0.6714666715655213,1,1
0.30953926162355977,-0.9484971897959418,0,0
0.3223496573670874,-1.0149415292925805,0,0
0.3255781752475901,-1.1443132394094846,0,0
-0.767205911445444,-1.2075484580245466,0,0
-0.77902435491773,-1.3711186925207766,0,0
-0.757001503689864,-1.6816990076290377,0,0
-1.2320013441252797,-1.7190864641393022,0,0
-1.3548083917342597,-1.8419035505266408,0,0
-1.2749594390366188,-1.8796436455584131,0,0
-0.7306872597453935,-1.7220637278721407,0,0
0.20586828595247067,-1.5111995661193154,0,0
2.610497630305499,-1.0477334695316334,1,1
3.185188346235287,-0.572650645623012,1,1
1.905731342566682,-0.723581372541605,1,1
0.053738896868566706,-0.6042414859434615,0,0
-0.2966374962628628,-0.3166407854938911,0,1
-0.3436517079530449,-0.1306673875293957,0,1
-0.17427786559844924,0.010559953818915531,0,1
-0.17610533648588098,-0.039690396590843974,0,1
0.9954680380474618,0.0701557719322011,1,1
2.0536768866541286,0.07766870269579479,1,0
4.495304199848982,0.41527003578927935,1,1
5.440821257383015,0.477563497340831,1,1
5.196230281341825,0.3763378915305942,1,1
2.5228234029650114,-0.35047681022888294,1,1
0.6502672143626663,-0.8677961140627255,0,0
0.1925331662709351,-1.0766897918242466,0,0
-0.10456460102614387,-1.237904254399068,0,0
-1.5788415545567211,-1.1453471894294325,0,0
-1.6671898203441426,-1.4331110152263526,0,0
-1.6466020446924308,-1.6294549701853938,0,0
-1.9776680518501422,-1.372321951834591,0,0
-1.9453017193793065,-1.6178241290251725,0,0
-1.300331717209963,-1.7624245651136579,0,0
-0.794944614918245,-1.598692804548546,0,0
1.6788551392191873,-1.1780087393056058,1,1
2.1933138762188404,-0.5210361449029983,1,1
3.051144917085285,-0.22086903221529228,1,1
2.0845009874670706,0.01582946070839509,1,0
0.8243242317095706,0.13237901947299033,1,1
0.4180464345410789,0.2660434775573983,0,1
0.42871160939612013,0.280545807267697,0,1
0.4304585439830329,0.41851614239573315,0,1
1.1470972283345517,0.46199683535551694,1,1
1.5369892280241473,0.47905007363083707,1,1
2.9278043354897787,0.5035399283289962,1,1
5.512007094842464,0.6635160871270366,1,1
6.33750352113063,0.6433934264499322,1,1
4.540887487319373,-0.18943813213504693,1,1
0.9931297491546948,-0.8750485530604557,1,0
0.04792310162377123,-1.0536112978019523,0,0
-0.19677113636121166,-1.2556644685360934,0,0
-0.612190183046281,-1.3739740139721737,0,0
-0.917354673048755,-1.4265914733309497,0,0
-1.3029786884673729,-1.5270866530576368,0,0
-1.2406209446609282,-1.8341145461800565,0,0
-1.408008174235502,-1.9768902589674424,0,0
-0.9309912480841921,-2.0242881329341045,0,0
-0.8473006396801013,-1.9644481198231947,0,0
0.7777424209770282,-1.5434984857112002,1,0
3.201736426023616,-0.4184594414049922,1,1
3.4079170578810607,-0.28768252926076027,1,1
2.3383763656486427,0.004554499837762968,1,0
1.7768574021756278,0.39704175879611237,1,0
0.9469788606051871,0.695261640141028,1,1
0.9650256108611092,0.7361233702825752,1,1
1.8422493481483222,1.1021212956999984,1,0
2.0463272221349236,0.8759179113957257,1,0
2.735455119962881,1.009380777392424,1,0
2.4403202103286246,0.6867342867577935,1,0
4.15055204925312,0.752124256901204,1,1
3.565275263168007,0.3711026872888944,1,1
3.9562481764501625,0.21867014012859168,1,1
1.8287203482341448,-0.44191618713428793,1,1
0.9506599155543315,-0.7301048213475234,1,0
-0.014964230344649382,-0.8025626072914458,0,0
-0.8222413691649373,-1.0247465415651502,0,0
-1.103502055871103,-1.1845611203793833,0,0
-1.4209761851019191,-1.3860528196800332,0,0
-1.539240086976745,-1.6085902929814668,0,0
-1.7639316562026846,-1.6470213537104907,0,0
-1.4240029402086474,-1.7688316992594812,0,0
-0.047956112537403395,-1.8826915358160012,0,0
3.137911767047234,-1.1073120312246914,1,1
4.441428869012276,-0.13144444739816144,1,1
3.422000625315406,-0.13069326718050822,1,1
2.05263610207488,0.07668935528844832,1,0
1.1914725649169968,0.47245743571862053,1,1
0.7026087316449059,0.7513844677230451,0,1
0.7116692418341951,0.8935043393818225,0,1
0.6508458388929617,0.9421208325626748,0,1
0.6675441803192002,0.9091817018938684,0,1
0.1885174738949676,0.6032889428500489,0,1
1.2733817081145142,0.5121228094533641,1,1
3.1242164135179133,0.44286001519499235,1,1
4.455120644077789,0.3345433886273225,1,1
3.9381657512430217,-0.14880141203090658,1,1
1.0873005564742384,-0.7676274374144648,1,0
0.6937529406793871,-0.9251500606728025,0,0
-0.025102316999342067,-1.1743900759693804,0,0
-0.33943363894929934,-1.2534531108388471,0,0
-0.4004946189926889,-1.5270012760693057,0,0
-0.7784822559096392,-1.7923987964306853,0,0
-0.9698975098390017,-1.8956491184121438,0,0
-1.1546116879629318,-2.0112984419782594,0,0
-0.8418178613745486,-2.064066469491532,0,0
-0.29607707729535127,-1.9282500051249927,0,0
1.7775910908981507,-1.3510376891756741,1,1
4.16243302813877,-0.26731920359280464,1,1
2.9626089870011083,-0.21221415747725317,1,1
1.9952672661540245,0.03918828216760976,1,0
0.9499345497093328,0.27684059218425916,1,1
0.7914192932311503,0.6579258792954144,1,1
0.6236225580608391,0.612339699836885,0,1
1.013246948040675,0.7564104423349248,1,1
2.3960909365098098,0.7776944900357183,1,0
2.5215741120119812,0.775767382346675,1,0
3.25762753757081,0.6018181913677255,1,1
4.719197001755558,0.5509018194183323,1,1
4.0454960489499685,0.25720016883225666,1,1
3.943423027996023,-0.21463633853419387,1,1
0.4949348859186587,-0.9853830195943631,0,0
0.2899203427077326,-1.1771232024827467,0,0
0.6828165010562588,-1.2418917503330218,0,0
0.4081794565285709,-1.2959585366798176,0,0
-0.7963134762646937,-1.3789292316646289,0,0
-1.1813934122192418,-1.240532023594198,0,0
-1.4523768947091813,-1.2604729152828138,0,0
-1.3872724831716143,-1.2746035609755997,0,0
-1.5208192744133344,-1.3589303765986633,0,0
-1.0300564057283896,-1.2889305006764895,0,0
0.6082641074089227,-1.0351120141424743,0,0
1.172977536944978,-0.8842147726297148,1,0
1.0328422473718901,-0.8405474098577427,1,0
0.9515436323281954,-0.6891745497232856,1,0
0.7060697914714887,-0.5297605101732569,0,0
0.5288343941289608,-0.3029800404160812,0,0
-0.09738882958759486,-0.08143458566926227,0,1
-0.6811949334482229,0.10079510259185756,0,0
0.3371142237789575,0.2684937032753281,0,1
-0.20748755918171602,0.015358005527074612,0,1
0.3062442025844301,-0.23725151182782164,0,0
1.5173844900084912,-0.3415058140552195,1,1
1.9824662432752675,-0.40425338266543953,1,1
2.0865026388864187,-0.7452573845399006,1,1
0.7626239540723684,-0.993971156668107,1,0
0.41935424874802024,-0.8992675791048402,0,0
0.32164336463904863,-0.9480497632574908,0,0
0.25200504920221667,-0.973318978842757,0,0
-0.35985515593599937,-1.0554926282285557,0,0
-1.1121240747872532,-1.0625350705389045,0,0
-1.6144278685413889,-1.0768923326816973,0,0
-1.647968742959427,-1.1733292960872155,0,0
-1.9487998874011665,-1.1168483483383433,0,0
-1.5008199742371982,-1.2307530171671957,0,0
-1.4741612063203364,-1.10354014932032,0,0
-1.0903706657497798,-0.937601670309746,0,0
-0.3413985154750972,-0.6573520822560776,0,0
0.8614606783266269,-0.3561563305170859,1,0
-0.44157144368305684,-0.2817818875597235,0,1
-1.0133535161213698,0.06147711903297668,0,0
-1.6075136977968698,0.028877482980446744,0,0
-1.6541018501414817,0.31962172069147243,0,0
-1.2757085758949236,0.1965071886153503,0,0
-0.7398143318282712,0.1664071685678196,0,0
-0.20520289974214267,-0.09459454361342588,0,1
1.3228412733274637,-0.11704923131128812,1,1
2.566042155231856,-0.2064645802945888,1,1
2.4646962599303572,-0.36891276485093644,1,1
0.03685025048078518,-0.7301041221418348,0,0
-0.5606079048872737,-0.9100552820536492,0,0
-0.6729772969649974,-1.0016051455804647,0,0
-0.6427629758789527,-0.982477413411258,0,0
-1.131513794957661,-1.0541564336514262,0,0
-1.4824229848855541,-1.1120848656688502,0,0
-1.7170358977121385,-1.2780859842152683,0,0
-1.750338082571603,-1.40429448898202,0,0
-1.5454589392742606,-1.1341576973946745,0,0
-0.3215528157266266,-1.0981360471627635,0,0
1.876331976106395,-0.4900721902419476,1,1
4.678183824143544,0.36552281417186333,1,1
2.8074218435056473,-0.1825415646345223,1,1
1.1561315299003347,-0.06477213578941693,1,1
0.3331652006192515,0.049832735140778565,0,1
-0.1490049009391179,0.26499966191167956,0,1
0.128441661213013,0.6138122716389572,0,1
0.07917368878342994,0.574338677896509,0,1
0.02947585496877238,0.4966278700354437,0,1
0.8653812023769589,0.6051232957804318,1,1
3.199432431575573,0.8257488568527129,1,1
5.089077789149771,0.8458713818217785,1,1
4.563546889190297,0.4930673446898421,1,1
2.1649254355373366,-0.3036061734350083,1,1
0.33932860781966623,-0.7568286863062633,0,0
-0.7091790941163918,-0.9467429448493826,0,0
-0.7184811710050248,-0.9668252928849946,0,0
-0.4126711235922998,-1.10447294965416,0,0
-1.3427101699470365,-1.1506587610804924,0,0
-1.8343005112877528,-1.1544236629530298,0,0
-1.8155384688596874,-1.3453975261872324,0,0
-1.7446278534128696,-1.5517119737939022,0,0
-1.2774660503565498,-1.5118404619340242,0,0
-0.9574593357067965,-1.5652368316936331,0,0
0.8493111701773559,-0.9372165691474295,1,0
3.325318102141641,0.11173014871735505,1,1
2.8236742938866803,0.08490726325179827,1,1
1.825756738607067,0.3789536585634358,1,1
1.4046551879155273,0.5876453027896498,1,1
0.6355205837582726,0.7081533563073564,0,1
0.5007897098275019,0.738159941226544,0,1
0.010854111536525999,0.773496597297357,0,1
-0.25446826052312327,0.6641971998386221,0,1
-0.3688241162515095,0.3969394122318801,0,1
2.057228112952314,0.6840473190588762,1,0
3.3803635199749897,0.6426287812711972,1,1
3.351811646403866,0.5810649221566944,1,1
1.4581915044381426,0.036904149458645286,1,0
-0.06781732990911021,-0.2657281249875007,0,0
-0.2447588369953162,-0.3057533311818269,0,0
-0.036947428880682615,-0.4061825792167665,0,0
-0.47513634342095606,-0.5700277478706505,0,0
-0.8956288048389051,-0.5760107029351373,0,0
-1.3141094555070152,-0.6132916818661374,0,0
-1.5849650333026466,-0.8081436064276407,0,0
-1.9357936529506552,-0.8143537667173104,0,0
-1.5251388961765688,-0.8967391491709075,0,0
-0.4676277770435403,-0.8950489193485054,0,0
2.833262925935512,0.017582670585069078,1,1
3.4337589296202005,0.653330173349462,1,1
2.9221067395074662,0.5554733027350441,1,1
2.334219585939808,0.4990036050637704,1,1
0.47823384561507176,0.402129066765266,0,1
0.19739475405733434,0.5936439217116452,0,1
0.646569805029243,0.6230995357192131,0,1
0.8874577704599903,0.3938204246959615,1,1
0.7831839331729109,0.4379702654556945,1,1
1.194329832496657,0.4160891066822398,1,1
2.8924700531380556,0.853886747698327,1,0
5.439534492175065,1.0919050869572582,1,1
6.01171599333316,0.9898220907657265,1,1
2.8297902077461643,0.252596533414477,1,1
1.268114080123852,-0.19889527069306973,1,1
1.0989178037454306,-0.267889027807612,1,1
0.4944731913745293,-0.4907226265939746,0,0
0.16294435391173445,-0.6677786732521837,0,0
-0.9713200392363289,-0.7918452794487876,0,0
-1.2511887468327836,-1.1317266422901218,0,0
-1.7414656112996088,-1.1042413482664535,0,0
-1.6675252191303798,-1.2610977090928692,0,0
-1.708671476360738,-1.1737756162100064,0,0
-1.2561585200804435,-1.2224522451321527,0,0
1.779572907807937,-0.3803776695692104,1,1
1.719579407885682,-0.16532441573220466,1,1
2.1138614285839763,0.17341896541547966,1,1
2.223100369971538,0.025184493107603255,1,1
2.351419203276805,-0.12500506671939768,1,1
2.169288879815141,0.1401131560944173,1,1
1.660827956281058,0.4413101655541995,1,1
0.10923896622666045,0.7030484974775434,0,1
0.5695936084494967,0.5554436590941009,0,1
0.45848148081965706,0.4316981725319645,0,1
1.1103865950552478,0.4975231408297184,1,1
4.588801977016314,1.1037474133688319,1,1
6.286768440705689,1.1581496540665246,1,1
3.9847340976593246,0.5092317748229138,1,1
2.7187948572208303,0.14391866959448127,1,1
1.373367644210189,-0.1990307545143659,1,1
0.389832506309001,-0.3879183815448633,0,0
-0.22274095469784172,-0.6524041855842067,0,0
-0.9268248554234243,-0.7505606471891351,0,0
-1.003270644034593,-0.9600209336607907,0,0
-1.1031838871838149,-1.016106927554536,0,0
-1.3305251029449672,-1.0157350242006011,0,0
-1.4996232287962872,-1.0532978234529786,0,0
-0.745532271494106,-0.9028933567717471,0,0
2.1384766153297514,-0.3072705469141622,1,1
2.926545631181659,0.20635463196124681,1,1
0.8445631299044541,0.09336686268157147,1,1
-0.16397927349982366,0.2738852361516112,0,1
0.5229862572726457,0.4347559584303064,0,1
1.7355467244331018,0.43219959016230797,1,1
1.4057242401948233,0.4957867788204161,1,1
0.6186226905652432,0.49882995096957755,0,1
1.7917938292719007,0.8258078641334065,1,1
2.179626216843862,0.7431281767089691,1,1
3.2108715691575203,0.981960129250345,1,1
4.228220046811468,0.9516280718169492,1,1
3.7659273230344565,0.7415312912615025,1,1
2.1188293586457503,0.3286165320695905,1,1
1.2751555139410378,0.13237290513809916,1,1
0.09236901275945514,-0.05082145190418395,0,1
0.7307603379760866,-0.062313260285604036,1,1
0.39195218846305213,-0.17218536096591747,0,1
-0.39824028089475155,-0.3588496298314603,0,0
-0.8452879372130032,-0.4541345249830599,0,0
-0.9663997536411856,-0.46963378314866283,0,0
-1.2736705169985911,-0.47091610151728686,0,0
-1.511720884503719,-0.5980526796849212,0,0
-1.0857332051815014,-0.4710442381984123,0,0
-0.2715691474923186,-0.282860832211271,0,0
0.2067352272232017,-0.05667347457809947,0,1
0.45018273470284254,0.07826862750110725,0,1
0.3692947409200246,0.0985518676974883,0,1
-0.0845784569064326,0.36801552441613095,0,1
-0.5497350769109618,0.46192487835535057,0,0
-1.1996031344082112,0.5868832189506097,0,0
-0.8911040267638191,0.6071170538963453,0,0
-0.7049776995187589,0.9425328149296441,0,0
0.001720837307190237,0.8904380644085689,0,1
0.24663943407197217,0.5601959937790688,0,1
0.2067227421188088,0.2750654963873812,0,1
-0.022582416524138425,0.01152834295096202,0,1
0.36752735494021127,-0.05630768820077772,0,1
0.37114311085692075,-0.13354762730352912,0,1
-0.4120004546845804,-0.3777363992847621,0,0
-0.5735013200241337,-0.41933785921460803,0,0
-0.975315232094238,-0.47022317216646786,0,0
-1.4521249612988463,-0.480737351096921,0,0
-1.429462589456084,-0.5196959221951611,0,0
-1.5586985287498907,-0.5717601096484616,0,0
-1.703407126869601,-0.6500473702183216,0,0
-1.8290884322794103,-0.6350734975687664,0,0
-1.2847461878621709,-0.6039983119221615,0,0
-1.2705875980794552,-0.7019939646520165,0,0
-1.183583773943465,-0.7932394245653479,0,0
-0.8366541291833902,-0.6580992017312206,0,0
-0.9941784226278645,-0.5293441133438328,0,0
-0.7665927239544565,-0.24255020876648595,0,0
-1.1033200584405287,-0.19962895375366324,0,0
-1.853958271710897,-0.12960985553221938,0,0
-1.6680069144330036,-0.5243104859733407,0,0
-0.7852702446507449,-0.694347635289694,0,0
-0.046886131064268144,-0.8507345433914033,0,0
-0.2441791047450343,-0.9802321300408706,0,0
-0.07146334308597609,-0.9009640916181442,0,0
0.1735958469159393,-0.8121764256794308,0,0
-0.20737612759973456,-0.8105970574728323,0,0
-0.2592047984113494,-0.7790840143138421,0,0
-0.07343393809851383,-0.76341865698819,0,0
-0.5101392056955449,-0.8378032325801378,0,0
-0.9598859184802646,-0.8930051236654681,0,0
-1.2031657338650765,-0.9511739817998517,0,0
-1.411931223304602,-1.0010831915533753,0,0
-1.7612686111439384,-0.9634545944996732,0,0
-1.815900437532555,-1.011391211627241,0,0
-1.8236455246565098,-0.9923209806217589,0,0
-1.211799698796512,-0.9360943929982554,0,0
-1.1800902105182896,-0.768886427161482,0,0
-0.8488443785827318,-0.47030897036763936,0,0
-0.5436993831250553,-0.25276852621130225,0,0
-0.5845554601845921,0.2168375914876206,0,0
-1.001691428832162,0.29205508798355934,0,0
-1.24923672538829,0.4583996603329667,0,0
-1.3546178885404232,0.5673074779131796,0,0
-1.3143884264249448,0.6922860055646607,0,0
-1.0517119542209528,0.6055610417879201,0,0
-0.6387285358332636,0.6614826859231415,0,0
0.8750608438158674,0.600748923305824,1,1
2.0260281310648076,0.24584234315424375,1,1
1.1029752738604623,-0.16080760388386936,1,1
-0.03562576181731908,-0.4690256372317131,0,0
-0.29565273047714224,-0.6640682956692021,0,0
-0.3188685777591128,-0.7642398241349079,0,0
-0.7080136169337649,-0.81178779174372,0,0
-1.3728583828856622,-0.8276712343901479,0,0
-1.6069731231666808,-1.063924106238302,0,0
-2.1207703842919514,-0.955434226540529,0,0
-2.1490750561536847,-1.0230257093525135,0,0
-1.9063614017303994,-1.0298146419110534,0,0
-1.0067551277229827,-1.092031780172591,0,0
1.6370334975554992,-0.6024506411887051,1,1
3.42762885469369,0.13843163373843487,1,1
2.6758140565810486,-0.08172582339637939,1,1
1.6828419985744554,0.06964396878922813,1,1
0.7055243894058428,0.14898569644281762,1,1
0.6003422975504228,0.07532518195973961,0,1
0.6994424228040049,0.03375603061866942,1,1
0.6727081550458338,0.10784369772668533,1,1
1.0639767523925212,0.0873024736960911,1,1
1.0517547875527054,0.06968171016292796,1,1
1.650882578644407,0.2789166110521632,1,1
2.2258128782316144,0.2524139961104867,1,1
0.9777001139930119,-0.047377966656472405,1,1
1.5446774635915546,-0.1570504097750802,1,1
0.7326144921120926,-0.5838247228720977,1,0
-0.4258333346440108,-0.8388450386574936,0,0
-0.82495545775467,-0.9919835782946834,0,0
-0.7934228972573232,-1.0750104058225474,0,0
-1.3652837103474673,-1.0994764793273097,0,0
-1.6474950901667673,-1.3668933341835265,0,0
-1.9236861000451742,-1.2590361244626125,0,0
-1.9737008927853625,-1.4177956278661488,0,0
-1.6131419469490276,-1.655007091822494,0,0
-1.2774110985326517,-1.4382693775098323,0,0
0.7399771627666041,-1.1447069054353034,1,0
1.0970838851081157,-0.7638042340571446,1,0
1.6406444561804585,-0.310313468927289,1,1
1.3024748534377926,0.04013106049992637,1,1
0.08678725631473806,0.188164385982762,0,1
0.05272080710251429,0.6059450778641231,0,1
-0.2430303060449521,0.7566549505771609,0,1
-0.23952083446497188,0.8243453866099292,0,1
-0.2711324611545022,0.8299267177687615,0,1
-0.1034689222733029,0.687466156590763,0,1
1.776577966547782,0.8802115289003083,1,1
2.0980473082654343,0.6187338832782856,1,1
2.7807365975631746,0.49769761774651067,1,1
2.0624623860464566,0.13454223698368348,1,1
0.3154245046419682,-0.32705212743002826,0,1
-0.5878350081313086,-0.5421624825734347,0,0
-0.5331581709487737,-0.6074103300188666,0,0
-0.9194919835466666,-0.8011112306494979,0,0
-1.1045197732282224,-0.8731141199976922,0,0
-1.7712235987320213,-0.9538779843260687,0,0
-1.8724978782071087,-1.127890626626068,0,0
-2.0019724346983208,-1.1665421981025061,0,0
-1.7067738992787223,-1.2493841590363675,0,0
-1.003352046576236,-1.0942909200416637,0,0
2.961256009199203,-0.36499125242549235,1,1
2.185624187835881,-0.20114446501617528,1,1
0.06262305849955901,0.038931355406974254,0,1
-0.6271035985357232,0.033948306869181315,0,0
-0.8070124206120356,0.015135028093060308,0,0
-0.9892277548967198,0.26109871866889234,0,0
-1.145884554897628,0.40495345212776024,0,0
-1.42067377061927,0.20148730561504014,0,0
-1.38051716191032,0.21737626581752328,0,0
-1.1281036420562565,0.06741405087690086,0,0
-0.6423031528249714,0.19764065684616866,0,0
-0.16879713216114894,0.06783555579758338,0,1
0.09275164032858492,-0.20114734659757344,0,1
-0.6688196295215653,-0.5755990299018384,0,0
-1.3438927553804836,-0.6529498108033124,0,0
-1.7347415293631894,-0.7428468606628073,0,0
-1.7327241456706932,-0.7945824417811457,0,0
-1.922929234382969,-0.8185173051109186,0,0
-2.134971705753732,-0.8912425624829218,0,0
-2.3618813320822847,-0.8806438159023816,0,0
-2.4343314686777973,-0.9981769787759575,0,0
-2.274000897169105,-1.017614352882574,0,0
-1.8681863383447723,-1.0839712020773111,0,0
-1.4412656280780276,-1.0750477143042907,0,0
0.17555786336813206,-0.9684950394646956,0,0
0.3311758282739373,-0.6261741871618443,0,0
-0.5222651121058879,-0.6770237248140177,0,0
-0.8224504156403112,-0.6689755179105358,0,0
-0.7848865649433888,-0.3754539799324018,0,0
-0.8714435258958035,-0.3225803024153472,0,0
-0.6746957291252914,-0.2336560413502327,0,0
-1.0196754724413062,-0.3672635246263026,0,0
-0.8427311545144257,-0.3548487034140423,0,0
-0.3877695198495874,-0.3976735787457753,0,0
-0.1962214104680963,-0.337063029851192,0,0
-0.0021119542166428704,-0.5924949780516539,0,0
0.46073042247151413,-0.6493976508666439,0,0
-0.4606754518764316,-1.010984098270597,0,0
-1.0883598150937803,-1.1566757151995193,0,0
-1.2585541814421695,-1.1245852881050409,0,0
-0.6643296865843956,-1.0614840834365398,0,0
0.3791674775089466,-1.108712957971479,0,0
-0.7736928487532851,-1.2260903209578355,0,0
-1.6129070417532385,-1.2518530728784478,0,0
-1.7897986946951636,-1.2790063944476424,0,0
-2.1358147975435786,-1.3520002265520175,0,0
-2.1624207072236037,-1.356121918395301,0,0
-1.1263378826128625,-1.5102545817842457,0,0
-0.4415623095557648,-1.469528040491317,0,0
-0.8568356807979907,-1.034070751212043,0,0
-1.1893889045997614,-0.8161112071217652,0,0
-1.1264400424391043,-0.7170291244133957,0,0
-1.3120061531491838,-0.6472911519596024,0,0
-1.396803840660331,-0.40393550551938556,0,0
-1.3161679106682944,-0.24987260665744945,0,0
-1.6366874367359552,-0.07719183835440831,0,0
-1.6103128353510079,-0.09753951752243283,0,0
-1.1931679238333475,-0.1451536950702677,0,0
-0.9783239943640796,-0.17342722014175307,0,0
-0.864312560547585,-0.4202227316821266,0,0
-0.710695800192896,-0.7986848771516651,0,0
-0.7926804391626835,-0.9797833988743041,0,0
-1.4476450294586745,-1.074066890660682,0,0
-1.5863420245987396,-1.1250311065717546,0,0
-1.3792865477985865,-1.0896276102057023,0,0
-1.18677343649786,-1.086381105064657,0,0
-1.398839299383902,-1.1391538788045008,0,0
-1.545675969799719,-1.2336280385917746,0,0
-1.3049891853115247,-1.4602180028060108,0,0
-1.7975741191291013,-1.52361090160447,0,0
-2.166564665623289,-1.6137001910589865,0,0
-1.9703450596910508,-1.6829927211237106,0,0
-1.435896970079778,-1.744462785593831,0,0
-1.3796585149967238,-1.0742846070404521,0,0
-0.7228570379179293,-0.4928315356818143,0,0
-0.8637927699705855,-0.1166334191747246,0,0
-0.7904255124717383,0.23336326306027216,0,0
-0.6803826183073237,0.47358537730328953,0,0
-1.4861819332157993,0.6556843147796275,0,1
-1.4397837536893061,0.6256199408237829,0,1
-1.1563290717898054,0.7613960866700561,0,1
-0.5432013396204389,0.6501963768923307,0,1
-0.1450688720951647,0.5226291267806221,0,1
-0.5664757209460638,0.04038792674781082,0,0
1.3043202244364405,0.05197584013778783,1,1
1.1083262853399949,-0.3835957190636661,1,0
0.044660160269123575,-0.598104222580597,0,0
0.02966238733983879,-0.7150131384458557,0,0
-0.5517536106696338,-0.8938701156824199,0,0
-1.2551623636031788,-0.9183968252971946,0,0
-1.9373308822256103,-0.9869290220525455,0,0
-1.9945330181232737,-1.264099217573981,0,0
-2.096871794040417,-1.4022014949941737,0,0
-2.217817990788558,-1.3098774340690875,0,0
-1.9700701426687386,-1.5295676385592492,0,0
-0.8600503757058447,-1.6000557699624192,0,0
2.670491737694974,-1.0446088725185763,1,1
3.430900723823986,-0.1990870674610479,1,1
2.3792644447387703,-0.01766060102036635,1,0
1.9237276963316527,0.35818580600934163,1,0
1.0912637107380287,0.5181065577790321,1,1
0.9276511846498641,0.8098143212145087,1,1
0.29068888398407194,0.7695757492247172,0,1
0.6745149571668216,0.8474971089456776,0,1
